tf_id	scroll	book	chapter	verse	lex	g_cons	stem	pattern	pattern_g_cons	vs	vt	nu	gn	ps	sp	prs	nme	hloc	prefix	rec_signs	cor_signs	heb_g_cons
405452	SP	Genesis	1	2	RXP[	MRXPT	RXP				ptca	sg	f	unknown	verb		T			nnnnn	nnnnn	מרחפת
405513	SP	Genesis	1	6	BDL[	MBDJL	BDJL				ptca	sg	m	unknown	verb					nnnnn	nnnnn	מבדיל
405606	SP	Genesis	1	11	ZR<[	MZRJ<	ZRJ<				ptca	sg	m	unknown	verb					nnnnn	nnnnn	מזריע
405611	SP	Genesis	1	11	<FH[	<FH	<FH				ptca	sg	m	unknown	verb					nnn	nnn	עשה
405630	SP	Genesis	1	12	ZR<[	MZRJ<	ZRJ<				ptca	sg	m	unknown	verb					nnnnn	nnnnn	מזריע
405636	SP	Genesis	1	12	<FH[	<FH	<FH				ptca	sg	m	unknown	verb					nnn	nnn	עשה
405819	SP	Genesis	1	21	RMF[	RMFT	RMF				ptca	sg	f	unknown	verb		T		H	nnnn	nnnn	רמשת
405953	SP	Genesis	1	26	RMF[	RMF	RMF				ptca	sg	m	unknown	verb				H	nnn	nnn	רמש
406010	SP	Genesis	1	28	RMF[	RMFT	RMF				ptca	sg	f	unknown	verb		T		H	nnnn	nnnn	רמשת
406023	SP	Genesis	1	29	ZR<[	ZR<	ZR<				ptca	sg	m	unknown	verb					nnn	nnn	זרע
406039	SP	Genesis	1	29	ZR<[	ZR<	ZR<				ptca	sg	m	unknown	verb					nnn	nnn	זרע
406262	SP	Genesis	2	9	XMD[	NXMD	XMD				ptca	sg	m	unknown	verb					nnnn	nnnn	נחמד
406286	SP	Genesis	2	10	JY>[	JY>	JY>				ptca	sg	m	unknown	verb					nnn	nnn	יצא
406309	SP	Genesis	2	11	SBB[	SWBB	SWBB				ptca	sg	m	unknown	verb				H	nnnn	nnnn	סובב
406343	SP	Genesis	2	13	SBB[	SWBB	SWBB				ptca	sg	m	unknown	verb				H	nnnn	nnnn	סובב
406357	SP	Genesis	2	14	HLK[	HLK	HLK				ptca	sg	m	unknown	verb				H	nnn	nnn	הלך
406670	SP	Genesis	3	5	JD<[	JD<	JD<				ptca	sg	m	unknown	verb					nnn	nnn	ידע
406684	SP	Genesis	3	5	JD<[	JD<J	JD<				ptca	pl	m	unknown	verb		J			nnnn	nnnn	ידעי
406705	SP	Genesis	3	6	XMD[	NXMD	XMD				ptca	sg	m	unknown	verb				W	nnnn	nnnn	נחמד
406747	SP	Genesis	3	8	HLK[	MTHLK	HLK				ptca	sg	m	unknown	verb					nnnnn	nnnnn	מתהלך
406857	SP	Genesis	3	14	>RR[	>RWR	>RWR				ptcp	sg	m	unknown	verb					nnnn	nnnn	ארור
406942	SP	Genesis	3	17	>RR[	>RWRH	>RWR				ptcp	sg	f	unknown	verb		H			nnnnn	nnnnn	ארורה
407082	SP	Genesis	3	24	HPK[	MTHPKT	HPK				ptca	sg	f	unknown	verb		T		H	nnnnnn	nnnnnn	מתהפכת
407120	SP	Genesis	4	2	R<H[	R<J	R<J				ptca	sg	m	unknown	verb					nnn	nnn	רעי
407125	SP	Genesis	4	2	<BD[	<BD	<BD				ptca	sg	m	unknown	verb					nnn	nnn	עבד
407201	SP	Genesis	4	7	RBY[	RBY	RBY				ptca	sg	m	unknown	verb					nnn	nnn	רבץ
407245	SP	Genesis	4	9	CMR[	CMR	CMR				ptca	sg	m	unknown	verb				H	nnn	nnn	שמר
407255	SP	Genesis	4	10	Y<Q[	Y<Q	Y<Q				ptca	sg	unknown	unknown	verb					nnn	nnn	צעק
407262	SP	Genesis	4	11	>RR[	>RWR	>RWR				ptcp	sg	m	unknown	verb					nnnn	nnnn	ארור
407288	SP	Genesis	4	12	NW<[	N<	N<				ptca	sg	m	unknown	verb					nn	nn	נע
407290	SP	Genesis	4	12	NWD[	ND	ND				ptca	sg	m	unknown	verb				W	nn	nn	נד
407319	SP	Genesis	4	14	NW<[	N<	N<				ptca	sg	m	unknown	verb					nn	nn	נע
407321	SP	Genesis	4	14	NWD[	ND	ND				ptca	sg	m	unknown	verb				W	nn	nn	נד
407327	SP	Genesis	4	14	MY>[	MY>J	MY>				ptca	sg	m	unknown	verb	J				nnnn	nnnn	מצאי
407335	SP	Genesis	4	15	HRG[	HRG	HRG				ptca	sg	m	unknown	verb					nnn	nnn	הרג
407350	SP	Genesis	4	15	MY>[	MY>W	MY>				ptca	sg	m	unknown	verb	W				nnnn	nnnn	מצאו
407378	SP	Genesis	4	17	BNH[	BNH	BNH				ptca	sg	m	unknown	verb					nnn	nnn	בנה
407434	SP	Genesis	4	20	JCB[	JCB	JCB				ptca	sg	m	unknown	verb					nnn	nnn	ישב
407446	SP	Genesis	4	21	TPF[	TPF	TPF				ptca	sg	m	unknown	verb					nnn	nnn	תפש
407457	SP	Genesis	4	22	LVC[	LVC	LVC				ptca	sg	m	unknown	verb					nnn	nnn	לטש
407459	SP	Genesis	4	22	XRC=[	XRC	XRC				ptca	sg	m	unknown	verb					nnn	nnn	חרש
408255	SP	Genesis	6	13	CXT[	MCXJTJM	CXJT				ptca	pl	m	unknown	verb		JM			nnnnnnn	nnnnnnn	משחיתים
408324	SP	Genesis	6	17	BW>[	MBJ>	BJ>				ptca	sg	m	unknown	verb					nnnn	nnnn	מביא
408527	SP	Genesis	7	4	MVR[	MMVJR	MVJR				ptca	sg	m	unknown	verb					nnnnn	nnnnn	ממטיר
408610	SP	Genesis	7	8	RMF[	RMF	RMF				ptca	sg	m	unknown	verb					nnn	nnn	רמש
408733	SP	Genesis	7	14	RMF[	RMF	RMF				ptca	sg	m	unknown	verb				H	nnn	nnn	רמש
408767	SP	Genesis	7	16	BW>[	B>JM	B>				ptca	pl	m	unknown	verb		JM		WH	nnnn	nnnn	באים
408868	SP	Genesis	7	21	RMF[	RMF	RMF				ptca	sg	m	unknown	verb				H	nnn	nnn	רמש
408886	SP	Genesis	7	21	CRY[	CRY	CRY				ptca	sg	m	unknown	verb				H	nnn	nnn	שרץ
409292	SP	Genesis	8	17	RMF[	RMF	RMF				ptca	sg	m	unknown	verb				H	nnn	nnn	רמש
409333	SP	Genesis	8	19	RMF[	RMF	RMF				ptca	sg	m	unknown	verb				H	nnn	nnn	רמש
409532	SP	Genesis	9	6	CPK[	CPK	CPK				ptca	sg	m	unknown	verb					nnn	nnn	שפך
409574	SP	Genesis	9	9	QWM[	MQJM	QJM				ptca	sg	m	unknown	verb					nnnn	nnnn	מקים
409604	SP	Genesis	9	10	JY>[	JY>J	JY>				ptca	pl	m	unknown	verb		J			nnnn	nnnn	יצאי
409646	SP	Genesis	9	12	NTN[	NTN	NTN				ptca	sg	m	unknown	verb					nnn	nnn	נתן
409773	SP	Genesis	9	18	JY>[	JWY>JM	JWY>				ptca	pl	m	unknown	verb		JM		H	nnnnnn	nnnnnn	יוצאים
409877	SP	Genesis	9	25	>RR[	>RWR	>RWR				ptcp	sg	m	unknown	verb					nnnn	nnnn	ארור
409886	SP	Genesis	9	26	BRK[	BRWK	BRWK				ptcp	sg	m	unknown	verb					nnnn	nnnn	ברוך
411038	SP	Genesis	12	3	BRK[	MBRKJK	BRK				ptca	pl	m	unknown	verb	K	J			nnnnnn	nnnnnn	מברכיך
411040	SP	Genesis	12	3	QLL[	MQLLJK	QLL				ptca	pl	m	unknown	verb	K	J		W	nnnnnn	nnnnnn	מקלליך
411148	SP	Genesis	12	7	R>H[	NR>H	R>H				ptca	sg	m	unknown	verb				H	nnnn	nnnn	נראה
411461	SP	Genesis	13	5	HLK[	HLK	HLK				ptca	sg	m	unknown	verb				H	nnn	nnn	הלך
411493	SP	Genesis	13	7	R<H[	R<J	R<				ptca	pl	m	unknown	verb		J			nnn	nnn	רעי
411498	SP	Genesis	13	7	R<H[	R<J	R<				ptca	pl	m	unknown	verb		J			nnn	nnn	רעי
411508	SP	Genesis	13	7	JCB[	JCBJM	JCB				ptca	pl	m	unknown	verb		JM			nnnnn	nnnnn	ישבים
411525	SP	Genesis	13	8	R<H[	R<J	R<				ptca	pl	m	unknown	verb		J			nnn	nnn	רעי
411528	SP	Genesis	13	8	R<H[	R<JK	R<				ptca	pl	m	unknown	verb	K	J			nnnn	nnnn	רעיך
411669	SP	Genesis	13	15	R>H[	R>H	R>H				ptca	sg	m	unknown	verb					nnn	nnn	ראה
411860	SP	Genesis	14	7	JCB[	JCB	JCB				ptca	sg	m	unknown	verb				H	nnn	nnn	ישב
411928	SP	Genesis	14	10	C>R[	NC>RJM	C>R				ptca	pl	m	unknown	verb		JM		WH	nnnnnn	nnnnnn	נשארים
411961	SP	Genesis	14	12	JCB[	JCB	JCB				ptca	sg	m	unknown	verb					nnn	nnn	ישב
411976	SP	Genesis	14	13	CKN[	CKN	CKN				ptca	sg	m	unknown	verb					nnn	nnn	שכן
412100	SP	Genesis	14	19	BRK[	BRWK	BRWK				ptcp	sg	m	unknown	verb					nnnn	nnnn	ברוך
412105	SP	Genesis	14	19	QNH=[	QNH	QNH				ptca	sg	m	unknown	verb					nnn	nnn	קנה
412110	SP	Genesis	14	20	BRK[	BRWK	BRWK				ptcp	sg	m	unknown	verb				W	nnnn	nnnn	ברוך
412153	SP	Genesis	14	22	QNH=[	QNH	QNH				ptca	sg	m	unknown	verb					nnn	nnn	קנה
412342	SP	Genesis	15	9	CLC[	MCLCT	CLC				ptcp	sg	f	unknown	verb		T			nnnnn	nnnnn	משלשת
412345	SP	Genesis	15	9	CLC[	MCLCT	CLC				ptcp	sg	f	unknown	verb		T			nnnnn	nnnnn	משלשת
412348	SP	Genesis	15	9	CLC[	MCLC	CLC				ptcp	sg	m	unknown	verb					nnnn	nnnn	משלש
412405	SP	Genesis	15	12	NPL[	NPLT	NPL				ptca	sg	f	unknown	verb		T			nnnn	nnnn	נפלת
412436	SP	Genesis	15	14	DJN[	DN	DN				ptca	sg	m	unknown	verb					nn	nn	דן
412728	SP	Genesis	16	8	BRX[	BRXT	BRX				ptca	sg	f	unknown	verb		T			nnnn	nnnn	ברחת
412763	SP	Genesis	16	11	JLD[	JLDT	JLD				ptca	sg	f	unknown	verb		T		W	nnnn	nnnn	ילדת
412798	SP	Genesis	16	13	DBR[	DBR	DBR				ptca	sg	m	unknown	verb				H	nnn	nnn	דבר
412802	SP	Genesis	16	13	R>H[	R>H	R>H				ptca	sg	unknown	unknown	verb					nnn	nnn	ראה
412810	SP	Genesis	16	13	R>H[	R>H	R>H				ptca	sg	unknown	unknown	verb					nnn	nnn	ראה
413175	SP	Genesis	17	19	JLD[	JLDT	JLD				ptca	sg	f	unknown	verb		T			nnnn	nnnn	ילדת
413346	SP	Genesis	18	1	JCB[	JCB	JCB				ptca	sg	m	unknown	verb					nnn	nnn	ישב
413363	SP	Genesis	18	2	NYB[	NYBJM	YB				ptca	pl	m	unknown	verb		JM			nnnnn	nnnnn	נצבים
413486	SP	Genesis	18	8	<MD[	<MD	<MD				ptca	sg	m	unknown	verb					nnn	nnn	עמד
413520	SP	Genesis	18	10	CM<[	CM<T	CM<				ptca	sg	f	unknown	verb		T			nnnn	nnnn	שמעת
413532	SP	Genesis	18	11	BW>[	B>JM	B>				ptca	pl	m	unknown	verb		JM			nnnn	nnnn	באים
413619	SP	Genesis	18	16	HLK[	HLK	HLK				ptca	sg	m	unknown	verb					nnn	nnn	הלך
413627	SP	Genesis	18	17	KSH[	MKSH	KSH				ptca	sg	m	unknown	verb				H	nnnn	nnnn	מכסה
413634	SP	Genesis	18	17	<FH[	<FH	<FH				ptca	sg	m	unknown	verb					nnn	nnn	עשה
413723	SP	Genesis	18	22	<MD[	<MD	<MD				ptca	sg	m	unknown	verb					nnn	nnn	עמד
413783	SP	Genesis	18	25	CPV[	CPV	CPV				ptca	sg	m	unknown	verb				H	nnn	nnn	שפט
413964	SP	Genesis	19	1	JCB[	JCB	JCB				ptca	sg	m	unknown	verb					nnn	nnn	ישב
414218	SP	Genesis	19	13	CXT[	MCXJTJM	CXJT				ptca	pl	m	unknown	verb		JM			nnnnnnn	nnnnnnn	משחיתים
414243	SP	Genesis	19	14	LQX[	LQXJ	LQX				ptca	pl	m	unknown	verb		J			nnnn	nnnn	לקחי
414255	SP	Genesis	19	14	CXT[	MCXJT	CXJT				ptca	sg	m	unknown	verb					nnnnn	nnnnn	משחית
414263	SP	Genesis	19	14	YXQ[	MYXQ	YXQ				ptca	sg	m	unknown	verb				K	nnnn	nnnn	מצחק
414289	SP	Genesis	19	15	MY>[	NMY>WT	MY>				ptca	pl	f	unknown	verb		WT		H	nnnnnn	nnnnnn	נמצאות
414493	SP	Genesis	19	25	JCB[	JCBJ	JCB				ptca	pl	m	unknown	verb		J			nnnn	nnnn	ישבי
414814	SP	Genesis	20	3	MWT[	MT	MT				ptca	sg	m	unknown	verb					nn	nn	מת
414823	SP	Genesis	20	3	B<L[	B<JLT	B<JL				ptcp	sg	f	unknown	verb		T			nnnnn	nnnnn	בעילת
414909	SP	Genesis	20	7	CWB[	MCJB	CJB				ptca	sg	m	unknown	verb					nnnn	nnnn	משיב
415232	SP	Genesis	21	6	CM<[	CM<	CM<				ptca	sg	m	unknown	verb				H	nnn	nnn	שמע
415242	SP	Genesis	21	7	JNQ[	JNJQH	JNJQ				ptca	sg	f	unknown	verb		H		H	nnnnn	nnnnn	יניקה
415280	SP	Genesis	21	9	YXQ[	MYXQ	YXQ				ptca	sg	m	unknown	verb					nnnn	nnnn	מצחק
415376	SP	Genesis	21	14	FJM[	FM	FM				ptca	sg	m	unknown	verb					nn	nn	שם
415418	SP	Genesis	21	16	VXH[	MVWJ	VW				ptca	pl	m	unknown	verb		J		K	nnnn	nnnn	מטוי
415523	SP	Genesis	21	20	RBH=[	RBJ	RBJ				ptca	sg	m	unknown	verb					nnn	nnn	רבי
415562	SP	Genesis	21	22	<FH[	<FH	<FH				ptca	sg	m	unknown	verb					nnn	nnn	עשה
416151	SP	Genesis	22	17	>JB[	>JBJW	>JB				ptca	pl	m	unknown	verb	W	J			nnnnn	nnnnn	איביו
416310	SP	Genesis	23	3	MWT[	MJTW	MJT				ptca	sg	unknown	unknown	verb	W				nnnn	nnnn	מיתו
416331	SP	Genesis	23	4	MWT[	MJTJ	MJT				ptca	sg	unknown	unknown	verb	J				nnnn	nnnn	מיתי
416356	SP	Genesis	23	6	MWT[	MJTK	MJT				ptca	sg	unknown	unknown	verb	K				nnnn	nnnn	מיתך
416366	SP	Genesis	23	6	MWT[	MJTK	MJT				ptca	sg	unknown	unknown	verb	K				nnnn	nnnn	מיתך
416390	SP	Genesis	23	8	MWT[	MJTJ	MJT				ptca	sg	unknown	unknown	verb	J				nnnn	nnnn	מיתי
416429	SP	Genesis	23	10	JCB[	JCB	JCB				ptca	sg	m	unknown	verb					nnn	nnn	ישב
416447	SP	Genesis	23	10	BW>[	B>J	B>				ptca	pl	m	unknown	verb		J			nnn	nnn	באי
416473	SP	Genesis	23	11	MWT[	MJTK	MJT				ptca	sg	unknown	unknown	verb	K				nnnn	nnnn	מיתך
416507	SP	Genesis	23	13	MWT[	MJTJ	MJT				ptca	sg	unknown	unknown	verb	J				nnnn	nnnn	מיתי
416531	SP	Genesis	23	15	MWT[	MJTK	MJT				ptca	sg	unknown	unknown	verb	K				nnnn	nnnn	מיתך
416556	SP	Genesis	23	16	<BR[	<BR	<BR				ptca	sg	m	unknown	verb					nnn	nnn	עבר
416558	SP	Genesis	23	16	SXR[	SXR	SXR				ptca	sg	m	unknown	verb				L	nnn	nnn	סחר
416599	SP	Genesis	23	18	BW>[	B>J	B>				ptca	pl	m	unknown	verb		J			nnn	nnn	באי
416662	SP	Genesis	24	2	MCL[	MCL	MCL				ptca	sg	m	unknown	verb				H	nnn	nnn	משל
416695	SP	Genesis	24	3	JCB[	JCB	JCB				ptca	sg	m	unknown	verb					nnn	nnn	ישב
416881	SP	Genesis	24	11	C>B[	C>BWT	C>B				ptca	pl	f	unknown	verb		WT		H	nnnnn	nnnnn	שאבות
416902	SP	Genesis	24	13	NYB[	NYB	YB				ptca	sg	m	unknown	verb					nnn	nnn	נצב
416912	SP	Genesis	24	13	JY>[	JY>T	JY>				ptca	pl	f	unknown	verb		T			nnnn	nnnn	יצאת
416961	SP	Genesis	24	15	JY>[	JY>T	JY>				ptca	sg	f	unknown	verb		T			nnnn	nnnn	יצאת
417065	SP	Genesis	24	21	XRC[	MXRJC	XRJC				ptca	sg	m	unknown	verb				W	nnnnn	nnnnn	מחריש
417156	SP	Genesis	24	27	BRK[	BRWK	BRWK				ptcp	sg	m	unknown	verb					nnnn	nnnn	ברוך
417245	SP	Genesis	24	30	<MD[	<MD	<MD				ptca	sg	m	unknown	verb					nnn	nnn	עמד
417255	SP	Genesis	24	31	BRK[	BRWK	BRWK				ptcp	sg	m	unknown	verb					nnnn	nnnn	ברוך
417377	SP	Genesis	24	37	JCB[	JCB	JCB				ptca	sg	m	unknown	verb					nnn	nnn	ישב
417463	SP	Genesis	24	42	YLX[	MYLJX	YLJX				ptca	sg	m	unknown	verb					nnnnn	nnnnn	מצליח
417467	SP	Genesis	24	42	HLK[	HLK	HLK				ptca	sg	m	unknown	verb					nnn	nnn	הלך
417471	SP	Genesis	24	43	NYB[	NYB	YB				ptca	sg	m	unknown	verb					nnn	nnn	נצב
417481	SP	Genesis	24	43	JY>[	JY>T	JY>				ptca	sg	f	unknown	verb		T		H	nnnn	nnnn	יצאת
417522	SP	Genesis	24	45	JY>[	JY>T	JY>				ptca	sg	f	unknown	verb		T			nnnn	nnnn	יצאת
417622	SP	Genesis	24	49	<FH[	<FJM	<F				ptca	pl	m	unknown	verb		JM			nnnn	nnnn	עשים
417828	SP	Genesis	24	60	>JB[	>JBJW	>JB				ptca	pl	m	unknown	verb	W	J			nnnnn	nnnnn	איביו
417861	SP	Genesis	24	62	JCB[	JCB	JCB				ptca	sg	unknown	unknown	verb					nnn	nnn	ישב
417885	SP	Genesis	24	63	BW>[	B>JM	B>				ptca	pl	m	unknown	verb		JM			nnnn	nnnn	באים
417911	SP	Genesis	24	65	HLK[	HLK	HLK				ptca	sg	m	unknown	verb				H	nnn	nnn	הלך
418123	SP	Genesis	25	10	QBR[	QBWR	QBWR				ptcp	sg	unknown	unknown	verb					nnnn	nnnn	קבור
418372	SP	Genesis	25	26	>XZ[	>XZT	>XZ				ptca	sg	f	unknown	verb		T			nnnn	nnnn	אחזת
418396	SP	Genesis	25	27	JD<[	JD<	JD<				ptca	sg	m	unknown	verb					nnn	nnn	ידע
418404	SP	Genesis	25	27	JCB[	JCB	JCB				ptca	sg	m	unknown	verb					nnn	nnn	ישב
418417	SP	Genesis	25	28	>HB[	>HBT	>HB				ptca	sg	f	unknown	verb		T			nnnn	nnnn	אהבת
418469	SP	Genesis	25	32	HLK[	HLK	HLK				ptca	sg	unknown	unknown	verb					nnn	nnn	הלך
418684	SP	Genesis	26	8	YXQ[	MYXQ	YXQ				ptca	sg	m	unknown	verb					nnnn	nnnn	מצחק
418741	SP	Genesis	26	11	NG<[	NG<	NG<				ptca	sg	m	unknown	verb				H	nnn	nnn	נגע
418883	SP	Genesis	26	20	R<H[	R<J	R<				ptca	pl	m	unknown	verb		J			nnn	nnn	רעי
418886	SP	Genesis	26	20	R<H[	R<J	R<				ptca	pl	m	unknown	verb		J			nnn	nnn	רעי
419065	SP	Genesis	26	29	BRK[	BRWK	BRWK				ptcp	sg	m	unknown	verb					nnnn	nnnn	ברוך
419235	SP	Genesis	27	5	CM<[	CM<T	CM<				ptca	sg	f	unknown	verb		T			nnnn	nnnn	שמעת
419264	SP	Genesis	27	6	DBR[	MDBR	DBR				ptca	sg	m	unknown	verb					nnnn	nnnn	מדבר
419296	SP	Genesis	27	8	YWH[	MYWJH	YWJH				ptca	sg	m	unknown	verb					nnnnn	nnnnn	מצויה
419357	SP	Genesis	27	12	T<<[	MT<T<	T<T<				ptca	sg	m	unknown	verb				K	nnnnn	nnnnn	מתעתע
419653	SP	Genesis	27	29	>RR[	>RRJK	>RR				ptca	pl	m	unknown	verb	K	J			nnnnn	nnnnn	ארריך
419654	SP	Genesis	27	29	>RR[	>RWR	>RWR				ptcp	sg	m	unknown	verb					nnnn	nnnn	ארור
419656	SP	Genesis	27	29	BRK[	MBRKJK	BRK				ptca	pl	m	unknown	verb	K	J		W	nnnnnn	nnnnnn	מברכיך
419657	SP	Genesis	27	29	BRK[	BRWK	BRWK				ptcp	sg	m	unknown	verb					nnnn	nnnn	ברוך
419734	SP	Genesis	27	33	YWD[	YD	YD				ptca	sg	m	unknown	verb				H	nn	nn	צד
419750	SP	Genesis	27	33	BRK[	BRWK	BRWK				ptcp	sg	m	unknown	verb					nnnn	nnnn	ברוך
419952	SP	Genesis	27	42	NXM[	MTNXM	NXM				ptca	sg	m	unknown	verb					nnnnn	nnnnn	מתנחם
420016	SP	Genesis	27	46	LQX[	LQX	LQX				ptca	sg	m	unknown	verb					nnn	nnn	לקח
420240	SP	Genesis	28	12	NYB[	MYB	YB				ptcp	sg	m	unknown	verb					nnn	nnn	מצב
420244	SP	Genesis	28	12	NG<[	MGJ<	GJ<				ptca	sg	m	unknown	verb					nnnn	nnnn	מגיע
420251	SP	Genesis	28	12	<LH[	<LJM	<L				ptca	pl	m	unknown	verb		JM			nnnn	nnnn	עלים
420253	SP	Genesis	28	12	JRD[	JRDJM	JRD				ptca	pl	m	unknown	verb		JM		W	nnnnn	nnnnn	ירדים
420258	SP	Genesis	28	13	NYB[	NYB	YB				ptca	sg	m	unknown	verb					nnn	nnn	נצב
420274	SP	Genesis	28	13	CKB[	CKB	CKB				ptca	sg	m	unknown	verb					nnn	nnn	שכב
420358	SP	Genesis	28	17	JR>[	NWR>	WR>				ptca	sg	m	unknown	verb					nnnn	nnnn	נורא
420431	SP	Genesis	28	20	HLK[	HLK	HLK				ptca	sg	unknown	unknown	verb					nnn	nnn	הלך
420496	SP	Genesis	29	2	RBY[	RBYJM	RBY				ptca	pl	m	unknown	verb		JM			nnnnn	nnnnn	רבצים
420519	SP	Genesis	29	3	R<H[	R<JM	R<				ptca	pl	m	unknown	verb		JM		H	nnnn	nnnn	רעים
420584	SP	Genesis	29	6	BW>[	B>H	B>				ptca	sg	f	unknown	verb		H			nnn	nnn	באה
420616	SP	Genesis	29	8	R<H[	R<JM	R<				ptca	pl	m	unknown	verb		JM		H	nnnn	nnnn	רעים
420645	SP	Genesis	29	9	R<H[	R<H	R<				ptca	sg	f	unknown	verb		H			nnn	nnn	רעה
421017	SP	Genesis	29	31	FN>[	FNW>H	FNW>				ptcp	sg	f	unknown	verb		H			nnnnn	nnnnn	שנואה
421060	SP	Genesis	29	33	FN>[	FNW>H	FNW>				ptcp	sg	f	unknown	verb		H			nnnnn	nnnnn	שנואה
421142	SP	Genesis	30	1	MWT[	MTH	MT				ptca	sg	f	unknown	verb		H			nnn	nnn	מתה
421634	SP	Genesis	30	32	VL>[	VLW>	VLW>				ptcp	sg	m	unknown	verb				W	nnnn	nnnn	טלוא
421642	SP	Genesis	30	32	VL>[	VLW>	VLW>				ptcp	sg	m	unknown	verb				W	nnnn	nnnn	טלוא
421668	SP	Genesis	30	33	VL>[	VLW>	VLW>				ptcp	sg	m	unknown	verb				W	nnnn	nnnn	טלוא
421675	SP	Genesis	30	33	GNB[	GNWB	GNWB				ptcp	sg	m	unknown	verb					nnnn	nnnn	גנוב
421700	SP	Genesis	30	35	VL>[	VLW>JM	VLW>				ptcp	pl	m	unknown	verb		JM		WH	nnnnnn	nnnnnn	טלואים
421710	SP	Genesis	30	35	VL>[	VLW>T	VLW>				ptcp	pl	f	unknown	verb		T		WH	nnnnn	nnnnn	טלואת
421736	SP	Genesis	30	36	R<H[	R<H	R<H				ptca	sg	m	unknown	verb					nnn	nnn	רעה
421741	SP	Genesis	30	36	JTR[	NWTRT	WTR				ptca	pl	f	unknown	verb		T		H	nnnnn	nnnnn	נותרת
421768	SP	Genesis	30	36	<LH[	<LJM	<L				ptca	pl	m	unknown	verb		JM		H	nnnn	nnnn	עלים
421782	SP	Genesis	30	36	<FH[	<FH	<FH				ptca	sg	unknown	unknown	verb					nnn	nnn	עשה
421881	SP	Genesis	30	39	VL>[	VL>JM	VL>				ptcp	pl	m	unknown	verb		JM		W	nnnnn	nnnnn	טלאים
421920	SP	Genesis	30	41	QCR[	MQCRWT	QCR				ptcp	pl	f	unknown	verb		WT		H	nnnnnn	nnnnnn	מקשרות
421951	SP	Genesis	30	42	QCR[	QCWRJM	QCWR				ptcp	pl	m	unknown	verb		JM		WH	nnnnnn	nnnnnn	קשורים
422044	SP	Genesis	31	5	R>H[	R>H	R>H				ptca	sg	m	unknown	verb					nnn	nnn	ראה
422140	SP	Genesis	31	10	<LH[	<LJM	<L				ptca	pl	m	unknown	verb		JM		H	nnnn	nnnn	עלים
422172	SP	Genesis	31	12	<LH[	<LJM	<L				ptca	pl	m	unknown	verb		JM		H	nnnn	nnnn	עלים
422186	SP	Genesis	31	12	<FH[	<FH	<FH				ptca	sg	m	unknown	verb					nnn	nnn	עשה
422336	SP	Genesis	31	20	BRX[	BRX	BRX				ptca	sg	m	unknown	verb					nnn	nnn	ברח
422449	SP	Genesis	31	26	CBH[	CBJWT	CBJ				ptcp	pl	f	unknown	verb		WT		K	nnnnn	nnnnn	שביות
422718	SP	Genesis	31	39	GNB[	GNWBT	GNWB				ptcp	pl	f	unknown	verb		T			nnnnn	nnnnn	גנובת
422721	SP	Genesis	31	39	GNB[	GNWBT	GNWB				ptcp	pl	f	unknown	verb		T		W	nnnnn	nnnnn	גנובת
422809	SP	Genesis	31	43	R>H[	R>H	R>H				ptca	sg	m	unknown	verb					nnn	nnn	ראה
423145	SP	Genesis	32	7	HLK[	HLK	HLK				ptca	sg	m	unknown	verb					nnn	nnn	הלך
423198	SP	Genesis	32	9	C>R[	NC>R	C>R				ptca	sg	m	unknown	verb				H	nnnn	nnnn	נשאר
423261	SP	Genesis	32	12	JR>[	JR>	JR>				ptca	sg	m	unknown	verb					nnn	nnn	ירא
423303	SP	Genesis	32	14	BW>[	B>	B>				ptca	sg	m	unknown	verb				H	nn	nn	בא
423321	SP	Genesis	32	16	JNQ[	MJNQWT	JNQ				ptca	pl	f	unknown	verb		WT			nnnnnn	nnnnnn	מינקות
423394	SP	Genesis	32	19	CLX[	CLWXH	CLWX				ptcp	sg	f	unknown	verb		H			nnnnn	nnnnn	שלוחה
423420	SP	Genesis	32	20	HLK[	HLKJM	HLK				ptca	pl	m	unknown	verb		JM		H	nnnnn	nnnnn	הלכים
423451	SP	Genesis	32	21	HLK[	HLKT	HLK				ptca	sg	f	unknown	verb		T		H	nnnn	nnnn	הלכת
423470	SP	Genesis	32	22	LJN[	LN	LN				ptca	sg	m	unknown	verb					nn	nn	לן
423636	SP	Genesis	32	32	YL<[	YLW<	YLW<				ptcp	sg	m	unknown	verb					nnnn	nnnn	צלוע
423678	SP	Genesis	33	1	BW>[	B>	B>				ptca	sg	m	unknown	verb					nn	nn	בא
423892	SP	Genesis	33	13	JD<[	JD<	JD<				ptca	sg	m	unknown	verb					nnn	nnn	ידע
423903	SP	Genesis	33	13	<WL[	><LT	><L				ptcp	pl	f	unknown	verb		T			nnnn	nnnn	אעלת
424367	SP	Genesis	34	19	KBD[	NKBD	KBD				ptca	sg	m	unknown	verb					nnnn	nnnn	נכבד
424443	SP	Genesis	34	22	MWL[	NMLJM	ML				ptca	pl	m	unknown	verb		JM			nnnnn	nnnnn	נמלים
424469	SP	Genesis	34	24	JY>[	JY>J	JY>				ptca	pl	m	unknown	verb		J			nnnn	nnnn	יצאי
424477	SP	Genesis	34	24	JY>[	JY>J	JY>				ptca	pl	m	unknown	verb		J			nnnn	nnnn	יצאי
424488	SP	Genesis	34	25	K>B[	K>BJM	K>B				ptca	pl	m	unknown	verb		JM			nnnnn	nnnnn	כאבים
424595	SP	Genesis	34	30	JCB[	JWCB	JWCB				ptca	sg	unknown	unknown	verb				B	nnnn	nnnn	יושב
424621	SP	Genesis	34	31	ZNH[	ZWNH	ZWN				ptca	sg	f	unknown	verb		H			nnnn	nnnn	זונה
424643	SP	Genesis	35	1	R>H[	NR>H	R>H				ptca	sg	m	unknown	verb				H	nnnn	nnnn	נראה
424686	SP	Genesis	35	3	<NH[	<NH	<NH				ptca	sg	m	unknown	verb				H	nnn	nnn	ענה
424955	SP	Genesis	35	17	JLD[	MJLDT	JLD				ptca	sg	f	unknown	verb		T		H	nnnnn	nnnnn	מילדת
425450	SP	Genesis	36	20	JCB[	JCBJ	JCB				ptca	pl	m	unknown	verb		J			nnnn	nnnn	ישבי
425643	SP	Genesis	36	35	NKH[	MKH	KH				ptca	sg	m	unknown	verb				H	nnn	nnn	מכה
425766	SP	Genesis	37	2	R<H[	R<H	R<H				ptca	sg	m	unknown	verb					nnn	nnn	רעה
425855	SP	Genesis	37	7	>LM[	M>LMJM	>LM				ptca	pl	m	unknown	verb		JM			nnnnnn	nnnnnn	מאלמים
425925	SP	Genesis	37	9	XWH[	MCTXWJM	XW				ptca	pl	m	unknown	verb		JM			nnnnnnn	nnnnnnn	משתחוים
425988	SP	Genesis	37	13	R<H[	R<JM	R<				ptca	pl	m	unknown	verb		JM			nnnn	nnnn	רעים
426031	SP	Genesis	37	15	T<H[	T<H	T<H				ptca	sg	m	unknown	verb					nnn	nnn	תעה
426047	SP	Genesis	37	16	BQC[	MBQC	BQC				ptca	sg	m	unknown	verb					nnnn	nnnn	מבקש
426053	SP	Genesis	37	16	R<H[	R<JM	R<				ptca	pl	m	unknown	verb		JM			nnnn	nnnn	רעים
426063	SP	Genesis	37	17	>MR[	>MRJM	>MR				ptca	pl	m	unknown	verb		JM			nnnnn	nnnnn	אמרים
426099	SP	Genesis	37	19	BW>[	B>	B>				ptca	sg	m	unknown	verb					nn	nn	בא
426212	SP	Genesis	37	25	BW>[	B>H	B>				ptca	sg	f	unknown	verb		H			nnn	nnn	באה
426217	SP	Genesis	37	25	NF>[	NF>JM	NF>				ptca	pl	m	unknown	verb		JM			nnnnn	nnnnn	נשאים
426223	SP	Genesis	37	25	HLK[	HLKJM	HLK				ptca	pl	m	unknown	verb		JM			nnnnn	nnnnn	הלכים
426263	SP	Genesis	37	28	SXR[	SXRJM	SXR				ptca	pl	m	unknown	verb		JM			nnnnn	nnnnn	סחרים
426316	SP	Genesis	37	30	BW>[	B>	B>				ptca	sg	m	unknown	verb					nn	nn	בא
426617	SP	Genesis	38	12	GZZ[	GZZJ	GZZ				ptca	pl	m	unknown	verb		J			nnnn	nnnn	גזזי
426635	SP	Genesis	38	13	<LH[	<LH	<LH				ptca	sg	m	unknown	verb					nnn	nnn	עלה
426679	SP	Genesis	38	15	ZNH[	ZWNH	ZWN				ptca	sg	f	unknown	verb		H		L	nnnn	nnnn	זונה
426692	SP	Genesis	38	16	BW>[	B>	B>				ptca	sg	unknown	unknown	verb				H	nn	nn	בא
426873	SP	Genesis	38	24	ZNH[	ZNJM	ZN				ptca	pl	m	unknown	verb		JM		L	nnnn	nnnn	זנים
426881	SP	Genesis	38	25	JY>[	MWY>T	WY>				ptcp	sg	f	unknown	verb		T			nnnnn	nnnnn	מוצאת
426953	SP	Genesis	38	28	JLD[	MJLDT	JLD				ptca	sg	f	unknown	verb		T		H	nnnnn	nnnnn	מילדת
426967	SP	Genesis	38	29	CWB[	MCJB	CJB				ptca	sg	m	unknown	verb				K	nnnn	nnnn	משיב
427027	SP	Genesis	39	2	YLX[	MYLJX	YLJX				ptca	sg	m	unknown	verb					nnnnn	nnnnn	מצליח
427044	SP	Genesis	39	3	<FH[	<FH	<FH				ptca	sg	m	unknown	verb					nnn	nnn	עשה
427046	SP	Genesis	39	3	YLX[	MYLJX	YLJX				ptca	sg	m	unknown	verb					nnnnn	nnnnn	מצליח
427422	SP	Genesis	39	20	>SR[	>SWRJM	>SWR				ptcp	pl	m	unknown	verb		JM			nnnnnn	nnnnnn	אסורים
427470	SP	Genesis	39	22	<FH[	<FJM	<F				ptca	pl	m	unknown	verb		JM			nnnn	nnnn	עשים
427474	SP	Genesis	39	22	<FH[	<FH	<FH				ptca	sg	m	unknown	verb					nnn	nnn	עשה
427480	SP	Genesis	39	23	R>H[	R>H	R>H				ptca	sg	m	unknown	verb					nnn	nnn	ראה
427494	SP	Genesis	39	23	<FH[	<FH	<FH				ptca	sg	m	unknown	verb					nnn	nnn	עשה
427496	SP	Genesis	39	23	YLX[	MYLJX	YLJX				ptca	sg	m	unknown	verb					nnnnn	nnnnn	מצליח
427525	SP	Genesis	40	2	CQH[	MCQJM	CQ				ptca	pl	m	unknown	verb		JM		H	nnnnn	nnnnn	משקים
427547	SP	Genesis	40	3	>SR[	>SWR	>SWR				ptcp	sg	m	unknown	verb					nnnn	nnnn	אסור
427579	SP	Genesis	40	5	CQH[	MCQH	CQH				ptca	sg	m	unknown	verb				H	nnnn	nnnn	משקה
427588	SP	Genesis	40	5	>SR[	>SWRJM	>SWR				ptcp	pl	m	unknown	verb		JM			nnnnnn	nnnnnn	אסורים
427604	SP	Genesis	40	6	Z<P[	Z<PJM	Z<P				ptca	pl	m	unknown	verb		JM			nnnnn	nnnnn	זעפים
427629	SP	Genesis	40	8	PTR[	PTR	PTR				ptca	sg	m	unknown	verb				W	nnn	nnn	פתר
427648	SP	Genesis	40	9	CQH[	MCQJM	CQ				ptca	pl	m	unknown	verb		JM		H	nnnnn	nnnnn	משקים
427817	SP	Genesis	40	17	>KL[	>KL	>KL				ptca	sg	m	unknown	verb					nnn	nnn	אכל
427885	SP	Genesis	40	20	CQH[	MCQJM	CQ				ptca	pl	m	unknown	verb		JM		H	nnnnn	nnnnn	משקים
427900	SP	Genesis	40	21	CQH[	MCQJM	CQ				ptca	pl	m	unknown	verb		JM		H	nnnnn	nnnnn	משקים
427927	SP	Genesis	40	23	CQH[	MCQJM	CQ				ptca	pl	m	unknown	verb		JM		H	nnnnn	nnnnn	משקים
427940	SP	Genesis	41	1	XLM[	XLM	XLM				ptca	sg	m	unknown	verb					nnn	nnn	חלם
427943	SP	Genesis	41	1	<MD[	<MD	<MD				ptca	sg	m	unknown	verb					nnn	nnn	עמד
427952	SP	Genesis	41	2	<LH[	<LWT	<L				ptca	pl	f	unknown	verb		WT			nnnn	nnnn	עלות
427969	SP	Genesis	41	3	<LH[	<LWT	<L				ptca	pl	f	unknown	verb		WT			nnnn	nnnn	עלות
428021	SP	Genesis	41	5	<LH[	<LWT	<L				ptca	pl	f	unknown	verb		WT			nnnn	nnnn	עלות
428034	SP	Genesis	41	6	CDP[	CDJPT	CDJP				ptcp	pl	f	unknown	verb		T		W	nnnnn	nnnnn	שדיפת
428036	SP	Genesis	41	6	YMX[	YMXWT	YMX				ptca	pl	f	unknown	verb		WT			nnnnn	nnnnn	צמחות
428086	SP	Genesis	41	8	PTR[	PTR	PTR				ptca	sg	unknown	unknown	verb					nnn	nnn	פתר
428094	SP	Genesis	41	9	CQH[	MCQJM	CQ				ptca	pl	m	unknown	verb		JM		H	nnnnn	nnnnn	משקים
428102	SP	Genesis	41	9	ZKR[	MZKJR	ZKJR				ptca	sg	m	unknown	verb					nnnnn	nnnnn	מזכיר
428204	SP	Genesis	41	15	PTR[	PTR	PTR				ptca	sg	m	unknown	verb				W	nnn	nnn	פתר
428241	SP	Genesis	41	17	<MD[	<MD	<MD				ptca	sg	m	unknown	verb					nnn	nnn	עמד
428251	SP	Genesis	41	18	<LH[	<LWT	<L				ptca	pl	f	unknown	verb		WT			nnnn	nnnn	עלות
428268	SP	Genesis	41	19	<LH[	<LWT	<L				ptca	pl	f	unknown	verb		WT			nnnn	nnnn	עלות
428333	SP	Genesis	41	22	<LH[	<LWT	<L				ptca	pl	f	unknown	verb		WT			nnnn	nnnn	עלות
428347	SP	Genesis	41	23	CDP[	CDJPWT	CDJP				ptcp	pl	f	unknown	verb		WT		W	nnnnnn	nnnnnn	שדיפות
428349	SP	Genesis	41	23	YMX[	YMXWT	YMX				ptca	pl	f	unknown	verb		WT			nnnnn	nnnnn	צמחות
428370	SP	Genesis	41	24	NGD[	MGJD	GJD				ptca	sg	m	unknown	verb					nnnn	nnnn	מגיד
428385	SP	Genesis	41	25	<FH[	<FH	<FH				ptca	sg	m	unknown	verb					nnn	nnn	עשה
428419	SP	Genesis	41	27	<LH[	<LWT	<L				ptca	pl	f	unknown	verb		WT		H	nnnn	nnnn	עלות
428431	SP	Genesis	41	27	CDP[	CDJPT	CDJP				ptcp	pl	f	unknown	verb		T		W	nnnnn	nnnnn	שדיפת
428449	SP	Genesis	41	28	<FH[	<FH	<FH				ptca	sg	m	unknown	verb					nnn	nnn	עשה
428456	SP	Genesis	41	29	BW>[	B>WT	B>				ptca	pl	f	unknown	verb		WT			nnnn	nnnn	באות
428513	SP	Genesis	41	32	KWN[	NKWN	KWN				ptca	sg	m	unknown	verb					nnnn	nnnn	נכון
428533	SP	Genesis	41	33	BJN[	NBWN	BWN				ptca	sg	m	unknown	verb					nnnn	nnnn	נבון
428572	SP	Genesis	41	35	BW>[	B>WT	B>				ptca	pl	f	unknown	verb		WT		H	nnnn	nnnn	באות
428650	SP	Genesis	41	39	BJN[	NBWN	BWN				ptca	sg	m	unknown	verb					nnnn	nnnn	נבון
429085	SP	Genesis	42	5	BW>[	B>JM	B>				ptca	pl	m	unknown	verb		JM		H	nnnn	nnnn	באים
429104	SP	Genesis	42	6	CBR=[	MCBJR	CBJR				ptca	sg	m	unknown	verb				H	nnnnn	nnnnn	משביר
429168	SP	Genesis	42	9	RGL[	MRGLJM	RGL				ptca	pl	m	unknown	verb		JM			nnnnnn	nnnnnn	מרגלים
429198	SP	Genesis	42	11	RGL[	MRGLJM	RGL				ptca	pl	m	unknown	verb		JM			nnnnnn	nnnnnn	מרגלים
429245	SP	Genesis	42	14	RGL[	MRGLJM	RGL				ptca	pl	m	unknown	verb		JM			nnnnnn	nnnnnn	מרגלים
429286	SP	Genesis	42	16	RGL[	MRGLJM	RGL				ptca	pl	m	unknown	verb		JM			nnnnnn	nnnnnn	מרגלים
429327	SP	Genesis	42	18	JR>[	JR>	JR>				ptca	sg	m	unknown	verb					nnn	nnn	ירא
429416	SP	Genesis	42	22	DRC[	NDRC	DRC				ptca	sg	m	unknown	verb					nnnn	nnnn	נדרש
429422	SP	Genesis	42	23	CM<[	CM<	CM<				ptca	sg	m	unknown	verb					nnn	nnn	שמע
429426	SP	Genesis	42	23	LJY[	MLJY	LJY				ptca	sg	m	unknown	verb				H	nnnn	nnnn	מליץ
429550	SP	Genesis	42	29	QRH[	QRWT	QR				ptca	pl	f	unknown	verb		WT		H	nnnn	nnnn	קרות
429566	SP	Genesis	42	30	RGL[	MRGLJM	RGL				ptca	pl	m	unknown	verb		JM		K	nnnnnn	nnnnnn	מרגלים
429577	SP	Genesis	42	31	RGL[	MRGLJM	RGL				ptca	pl	m	unknown	verb		JM			nnnnnn	nnnnnn	מרגלים
429635	SP	Genesis	42	34	RGL[	MRGLJM	RGL				ptca	pl	m	unknown	verb		JM			nnnnnn	nnnnnn	מרגלים
429652	SP	Genesis	42	35	RJQ[	MRJQJM	RJQ				ptca	pl	m	unknown	verb		JM			nnnnnn	nnnnnn	מריקים
429721	SP	Genesis	42	38	MWT[	MT	MT				ptca	sg	m	unknown	verb					nn	nn	מת
429726	SP	Genesis	42	38	C>R[	NC>R	C>R				ptca	sg	m	unknown	verb					nnnn	nnnn	נשאר
429793	SP	Genesis	43	4	CLX[	MCLX	CLX				ptca	sg	m	unknown	verb					nnnn	nnnn	משלח
429805	SP	Genesis	43	5	CLX[	MCLX	CLX				ptca	sg	m	unknown	verb					nnnn	nnnn	משלח
429967	SP	Genesis	43	12	CWB[	MWCB	CB				ptcp	sg	m	unknown	verb				H	nnnn	nnnn	מושב
430111	SP	Genesis	43	18	BW>[	MWB>JM	B>				ptcp	pl	m	unknown	verb		JM			nnnnnn	nnnnnn	מובאים
430301	SP	Genesis	43	28	BRK[	BRWK	BRWK				ptcp	sg	unknown	unknown	verb					nnnn	nnnn	ברוך
430380	SP	Genesis	43	32	>KL[	>KLJM	>KL				ptca	pl	m	unknown	verb		JM		H	nnnnn	nnnnn	אכלים
430624	SP	Genesis	44	10	NQH[	NQW>JM	NQW>				ptcp	pl	m	unknown	verb		JM			nnnnnn	nnnnnn	נקואים
430975	SP	Genesis	44	30	QCR[	QCWRH	QCWR				ptcp	sg	f	unknown	verb		H			nnnnn	nnnnn	קשורה
431065	SP	Genesis	45	1	NYB[	NYBJM	YB				ptca	pl	m	unknown	verb		JM		H	nnnnn	nnnnn	נצבים
431216	SP	Genesis	45	8	MCL[	MCL	MCL				ptca	sg	m	unknown	verb				W	nnn	nnn	משל
431287	SP	Genesis	45	12	R>H[	R>WT	R>				ptca	pl	f	unknown	verb		WT			nnnn	nnnn	ראות
431295	SP	Genesis	45	12	DBR[	MDBR	DBR				ptca	sg	m	unknown	verb				H	nnnn	nnnn	מדבר
431488	SP	Genesis	45	23	NF>[	NF>JM	NF>				ptca	pl	m	unknown	verb		JM			nnnnn	nnnnn	נשאים
431496	SP	Genesis	45	23	NF>[	NF>WT	NF>				ptca	pl	f	unknown	verb		WT			nnnnn	nnnnn	נשאות
431541	SP	Genesis	45	26	MCL[	MCL	MCL				ptca	sg	m	unknown	verb					nnn	nnn	משל
431728	SP	Genesis	46	8	BW>[	B>JM	B>				ptca	pl	m	unknown	verb		JM		H	nnnn	nnnn	באים
431976	SP	Genesis	46	26	BW>[	B>H	B>				ptca	sg	f	unknown	verb		H		H	nnn	nnn	באה
431980	SP	Genesis	46	26	JY>[	JY>J	JY>				ptca	pl	m	unknown	verb		J			nnnn	nnnn	יצאי
432097	SP	Genesis	46	32	R<H[	R<J	R<				ptca	pl	m	unknown	verb		J			nnn	nnn	רעי
432147	SP	Genesis	46	34	R<H[	R<J	R<				ptca	pl	m	unknown	verb		J			nnn	nnn	רעי
432204	SP	Genesis	47	3	R<H[	R<J	R<				ptca	pl	m	unknown	verb		J			nnn	nnn	רעי
432431	SP	Genesis	47	14	MY>[	NMY>	MY>				ptca	sg	m	unknown	verb				H	nnnn	nnnn	נמצא
432443	SP	Genesis	47	14	CBR=[	CBRJM	CBR				ptca	pl	m	unknown	verb		JM			nnnnn	nnnnn	שברים
432895	SP	Genesis	48	1	XLH[	XLH	XLH				ptca	sg	m	unknown	verb					nnn	nnn	חלה
432916	SP	Genesis	48	2	BW>[	B>	B>				ptca	sg	m	unknown	verb					nn	nn	בא
432947	SP	Genesis	48	4	PRH[	MPRJK	PRJ				ptca	sg	m	unknown	verb	K				nnnnn	nnnnn	מפריך
432972	SP	Genesis	48	5	JLD[	NWLDJM	WLD				ptca	pl	m	unknown	verb		JM		H	nnnnnn	nnnnnn	נולדים
433187	SP	Genesis	48	15	R<H[	R<H	R<H				ptca	sg	m	unknown	verb				H	nnn	nnn	רעה
433199	SP	Genesis	48	16	G>L[	G>L	G>L				ptca	sg	m	unknown	verb				H	nnn	nnn	גאל
433338	SP	Genesis	48	21	MWT[	MT	MT				ptca	sg	m	unknown	verb					nn	nn	מת
433472	SP	Genesis	49	8	>JB[	>JBJK	>JB				ptca	pl	m	unknown	verb	K	J			nnnnn	nnnnn	איביך
433499	SP	Genesis	49	10	XQQ[	MXQQ	XQQ				ptca	sg	m	unknown	verb				W	nnnn	nnnn	מחקק
433511	SP	Genesis	49	11	>SR[	>SWRJ	>SWR				ptcp	sg	m	unknown	verb					nnnnn	nnnnn	אסורי
433556	SP	Genesis	49	14	RBY[	RBY	RBY				ptca	sg	m	unknown	verb					nnn	nnn	רבץ
433580	SP	Genesis	49	15	<BD[	<BD	<BD				ptca	sg	m	unknown	verb					nnn	nnn	עבד
433597	SP	Genesis	49	17	NCK[	NCK	NCK				ptca	sg	m	unknown	verb				H	nnn	nnn	נשך
433602	SP	Genesis	49	17	RKB[	RKBW	RKB				ptca	sg	m	unknown	verb	W				nnnn	nnnn	רכבו
433626	SP	Genesis	49	21	CLX[	CLWXH	CLWX				ptcp	sg	f	unknown	verb		H			nnnnn	nnnnn	שלוחה
433628	SP	Genesis	49	21	NTN[	NTN	NTN				ptca	sg	m	unknown	verb				H	nnn	nnn	נתן
433665	SP	Genesis	49	24	R<H[	R<J	R<J				ptca	sg	m	unknown	verb					nnn	nnn	רעי
433683	SP	Genesis	49	25	RBY[	RBYT	RBY				ptca	sg	f	unknown	verb		T			nnnn	nnnn	רבצת
433749	SP	Genesis	49	29	>SP[	N>SP	>SP				ptca	sg	m	unknown	verb					nnnn	nnnn	נאסף
433865	SP	Genesis	50	2	RP>[	RP>JM	RP>				ptca	pl	m	unknown	verb		JM		H	nnnnn	nnnnn	רפאים
433873	SP	Genesis	50	2	RP>[	RP>JM	RP>				ptca	pl	m	unknown	verb		JM		H	nnnnn	nnnnn	רפאים
433927	SP	Genesis	50	5	MWT[	MT	MT				ptca	sg	m	unknown	verb					nn	nn	מת
434041	SP	Genesis	50	11	JCB[	JWCB	JWCB				ptca	sg	m	unknown	verb					nnnn	nnnn	יושב
434119	SP	Genesis	50	14	<LH[	<LJM	<L				ptca	pl	m	unknown	verb		JM		H	nnnn	nnnn	עלים
434292	SP	Genesis	50	24	MWT[	MT	MT				ptca	sg	m	unknown	verb					nn	nn	מת
434361	SP	Exodus	1	1	BW>[	B>JM	B>				ptca	pl	m	unknown	verb		JM		H	nnnn	nnnn	באים
434392	SP	Exodus	1	5	JY>[	JY>J	JY>				ptca	pl	m	unknown	verb		J			nnnn	nnnn	יצאי
434470	SP	Exodus	1	10	FN>[	FN>JNW	FN>				ptca	pl	m	unknown	verb	NW	J			nnnnnn	nnnnnn	שנאינו
434554	SP	Exodus	1	15	JLD[	MJLDWT	JLD				ptca	pl	f	unknown	verb		WT		L	nnnnnn	nnnnnn	מילדות
434594	SP	Exodus	1	17	JLD[	MJLDWT	JLD				ptca	pl	f	unknown	verb		WT		H	nnnnnn	nnnnnn	מילדות
434616	SP	Exodus	1	18	JLD[	MJLDWT	JLD				ptca	pl	f	unknown	verb		WT		L	nnnnnn	nnnnnn	מילדות
434635	SP	Exodus	1	19	JLD[	MJLDWT	JLD				ptca	pl	f	unknown	verb		WT		H	nnnnnn	nnnnnn	מילדות
434654	SP	Exodus	1	19	JLD[	MJLDWT	JLD				ptca	pl	f	unknown	verb		WT		H	nnnnnn	nnnnnn	מילדות
434661	SP	Exodus	1	20	JLD[	MJLDWT	JLD				ptca	pl	f	unknown	verb		WT		L	nnnnnn	nnnnnn	מילדות
434674	SP	Exodus	1	21	JLD[	MJLDWT	JLD				ptca	pl	f	unknown	verb		WT		H	nnnnnn	nnnnnn	מילדות
434786	SP	Exodus	2	5	HLK[	HLKT	HLK				ptca	pl	f	unknown	verb		T			nnnn	nnnn	הלכת
434816	SP	Exodus	2	6	BKH[	BKH	BKH				ptca	sg	m	unknown	verb					nnn	nnn	בכה
434942	SP	Exodus	2	11	NKH[	MKH	KH				ptca	sg	m	unknown	verb					nnn	nnn	מכה
434977	SP	Exodus	2	13	NYH[	NYJM	Y				ptca	pl	m	unknown	verb		JM			nnnn	nnnn	נצים
435000	SP	Exodus	2	14	>MR[	>MR	>MR				ptca	sg	m	unknown	verb					nnn	nnn	אמר
435069	SP	Exodus	2	17	R<H[	R<JM	R<				ptca	pl	m	unknown	verb		JM		H	nnnn	nnnn	רעים
435101	SP	Exodus	2	19	R<H[	R<JM	R<				ptca	pl	m	unknown	verb		JM		H	nnnn	nnnn	רעים
435221	SP	Exodus	3	1	R<H[	R<H	R<H				ptca	sg	m	unknown	verb					nnn	nnn	רעה
435225	SP	Exodus	3	1	XTN[	XTNW	XTN				ptca	sg	m	unknown	verb	W				nnnn	nnnn	חתנו
435261	SP	Exodus	3	2	B<R[	B<R	B<R				ptca	sg	m	unknown	verb					nnn	nnn	בער
435268	SP	Exodus	3	2	>KL[	>KL	>KL				ptcp	sg	m	unknown	verb					nnn	nnn	אכל
435325	SP	Exodus	3	5	<MD[	<MD	<MD				ptca	sg	unknown	unknown	verb					nnn	nnn	עמד
435371	SP	Exodus	3	7	NGF[	NGFJW	NGF				ptca	pl	m	unknown	verb	W	J			nnnnn	nnnnn	נגשיו
435398	SP	Exodus	3	8	ZWB[	ZBT	ZB				ptca	sg	f	unknown	verb		T			nnn	nnn	זבת
435439	SP	Exodus	3	9	LXY[	LXYJM	LXY				ptca	pl	m	unknown	verb		JM			nnnnn	nnnnn	לחצים
435513	SP	Exodus	3	13	BW>[	B>	B>				ptca	sg	m	unknown	verb					nn	nn	בא
435614	SP	Exodus	3	16	<FH[	<FWJ	<FWJ				ptcp	sg	m	unknown	verb				H	nnnn	nnnn	עשוי
435648	SP	Exodus	3	17	ZWB[	ZBT	ZB				ptca	sg	f	unknown	verb		T			nnn	nnn	זבת
435712	SP	Exodus	3	20	PL>[	NPL>WTJ	PL>				ptca	pl	f	unknown	verb		WTJ			nnnnnnn	nnnnnnn	נפלאותי
435751	SP	Exodus	3	22	CKN[	MCKJNTH	CKJN				ptca	sg	f	unknown	verb	H	T			nnnnnnn	nnnnnnn	משכינתה
435753	SP	Exodus	3	22	GWR[	MGJRT	GJR				ptca	sg	f	unknown	verb		T		W	nnnnn	nnnnn	מגירת
435882	SP	Exodus	4	6	YR<[	MYR<T	YR<				ptcp	sg	f	unknown	verb		T			nnnnn	nnnnn	מצרעת
436066	SP	Exodus	4	14	JY>[	JY>	JY>				ptca	sg	m	unknown	verb					nnn	nnn	יצא
436141	SP	Exodus	4	18	XTN[	XTNW	XTN				ptca	sg	m	unknown	verb	W				nnnn	nnnn	חתנו
436183	SP	Exodus	4	19	BQC[	MBQCJM	BQC				ptca	pl	m	unknown	verb		JM		H	nnnnnn	nnnnnn	מבקשים
436271	SP	Exodus	4	23	HRG[	HRG	HRG				ptca	sg	m	unknown	verb					nnn	nnn	הרג
436523	SP	Exodus	5	6	NGF[	NGFJM	NGF				ptca	pl	m	unknown	verb		JM		H	nnnnn	nnnnn	נגשים
436528	SP	Exodus	5	6	CVR[	CWVRJW	CWVR				ptca	pl	m	unknown	verb	W	J			nnnnnn	nnnnnn	שוטריו
436556	SP	Exodus	5	8	<FH[	<FJM	<F				ptca	pl	m	unknown	verb		JM			nnnn	nnnn	עשים
436565	SP	Exodus	5	8	RPH[	NRPJM	RP				ptca	pl	m	unknown	verb		JM			nnnnn	nnnnn	נרפים
436570	SP	Exodus	5	8	Y<Q[	Y<QJM	Y<Q				ptca	pl	m	unknown	verb		JM			nnnnn	nnnnn	צעקים
436594	SP	Exodus	5	10	NGF[	NGFJ	NGF				ptca	pl	m	unknown	verb		J			nnnn	nnnn	נגשי
436598	SP	Exodus	5	10	CVR[	CWVRJW	CWVR				ptca	pl	m	unknown	verb	W	J		W	nnnnnn	nnnnnn	שוטריו
436610	SP	Exodus	5	10	NTN[	NTN	NTN				ptca	sg	m	unknown	verb					nnn	nnn	נתן
436623	SP	Exodus	5	11	GR<[	NGR<	GR<				ptca	sg	m	unknown	verb					nnnn	nnnn	נגרע
436642	SP	Exodus	5	13	NGF[	NGFJM	NGF				ptca	pl	m	unknown	verb		JM		WH	nnnnn	nnnnn	נגשים
436643	SP	Exodus	5	13	>YJ[	>YWJM	>YW				ptca	pl	m	unknown	verb		JM			nnnnn	nnnnn	אצוים
436664	SP	Exodus	5	14	CVR[	CWVRJ	CWVR				ptca	pl	m	unknown	verb		J			nnnnn	nnnnn	שוטרי
436670	SP	Exodus	5	14	NGF[	NGFJ	NGF				ptca	pl	m	unknown	verb		J			nnnn	nnnn	נגשי
436690	SP	Exodus	5	15	CVR[	CWVRJ	CWVR				ptca	pl	m	unknown	verb		J			nnnnn	nnnnn	שוטרי
436706	SP	Exodus	5	16	NTN[	NTN	TN				ptca	sg	m	unknown	verb					nnn	nnn	נתן
436711	SP	Exodus	5	16	>MR[	>MRJM	>MR				ptca	pl	m	unknown	verb		JM			nnnnn	nnnnn	אמרים
436717	SP	Exodus	5	16	NKH[	MKJM	K				ptcp	pl	m	unknown	verb		JM			nnnn	nnnn	מכים
436723	SP	Exodus	5	17	RPH[	NRPJM	RP				ptca	pl	m	unknown	verb		JM			nnnnn	nnnnn	נרפים
436725	SP	Exodus	5	17	RPH[	NRPJM	RP				ptca	pl	m	unknown	verb		JM			nnnnn	nnnnn	נרפים
436729	SP	Exodus	5	17	>MR[	>MRJM	>MR				ptca	pl	m	unknown	verb		JM			nnnnn	nnnnn	אמרים
436750	SP	Exodus	5	19	CVR[	CWVRJ	CWVR				ptca	pl	m	unknown	verb		J			nnnnn	nnnnn	שוטרי
436773	SP	Exodus	5	20	NYB[	NYBJM	YB				ptca	pl	m	unknown	verb		JM			nnnnn	nnnnn	נצבים
436960	SP	Exodus	6	6	NVH[	NVWJH	NVWJ				ptcp	sg	f	unknown	verb		H			nnnnn	nnnnn	נטויה
436983	SP	Exodus	6	7	JY>[	MWY>	WY>				ptca	sg	m	unknown	verb				H	nnnn	nnnn	מוצא
437349	SP	Exodus	6	27	DBR[	MDBRJM	DBR				ptca	pl	m	unknown	verb		JM		H	nnnnnn	nnnnnn	מדברים
437395	SP	Exodus	6	29	DBR[	DBR	DBR				ptca	sg	m	unknown	verb					nnn	nnn	דבר
437611	SP	Exodus	7	11	KCP[	MKCPJM	KCP				ptca	pl	m	unknown	verb		JM		WL	nnnnnn	nnnnnn	מכשפים
437668	SP	Exodus	7	15	JY>[	JY>	JY>				ptca	sg	m	unknown	verb					nnn	nnn	יצא
437724	SP	Exodus	7	17	NKH[	MKH	KH				ptca	sg	m	unknown	verb					nnn	nnn	מכה
437803	SP	Exodus	7	18	NKH[	MKH	KH				ptca	sg	m	unknown	verb					nnn	nnn	מכה
438039	SP	Exodus	7	27	M>N[	M>N	M>N				ptca	sg	m	unknown	verb					nnn	nnn	מאן
438045	SP	Exodus	7	27	NGP[	NGP	NGP				ptca	sg	m	unknown	verb					nnn	nnn	נגף
438120	SP	Exodus	7	29	NGP[	NGP	NGP				ptca	sg	unknown	unknown	verb					nnn	nnn	נגף
438539	SP	Exodus	8	16	JY>[	JY>	JY>				ptca	sg	unknown	unknown	verb					nnn	nnn	יצא
438556	SP	Exodus	8	17	CLX[	MCLX	CLX				ptca	sg	m	unknown	verb					nnnn	nnnn	משלח
438560	SP	Exodus	8	17	CLX[	MCLX	CLX				ptca	sg	m	unknown	verb					nnnn	nnnn	משלח
438599	SP	Exodus	8	18	<MD[	<MD	<MD				ptca	sg	m	unknown	verb					nnn	nnn	עמד
438651	SP	Exodus	8	19	CLX[	MCLX	CLX				ptca	sg	m	unknown	verb					nnnn	nnnn	משלח
438655	SP	Exodus	8	19	CLX[	MCLX	CLX				ptca	sg	m	unknown	verb					nnnn	nnnn	משלח
438694	SP	Exodus	8	19	<MD[	<MD	<MD				ptca	sg	unknown	unknown	verb					nnn	nnn	עמד
438834	SP	Exodus	8	25	JY>[	JY>	JY>				ptca	sg	unknown	unknown	verb					nnn	nnn	יצא
438940	SP	Exodus	9	2	M>N[	M>N	M>N				ptca	sg	m	unknown	verb					nnn	nnn	מאן
438946	SP	Exodus	9	2	XZQ[	MXZQ	XZQ				ptca	sg	m	unknown	verb					nnnn	nnnn	מחזק
438951	SP	Exodus	9	3	HJH[	HJH	HJ				ptca	sg	f	unknown	verb		H			nnn	nnn	היה
439038	SP	Exodus	9	5	XZQ[	MXZQ	XZQ				ptca	sg	m	unknown	verb					nnnn	nnnn	מחזק
439043	SP	Exodus	9	5	HJH[	HJH	HJ				ptca	sg	f	unknown	verb		H			nnn	nnn	היה
439182	SP	Exodus	9	9	PRX[	PRX	PRX				ptca	sg	m	unknown	verb					nnn	nnn	פרח
439209	SP	Exodus	9	10	PRX[	PRX	PRX				ptca	sg	m	unknown	verb					nnn	nnn	פרח
439288	SP	Exodus	9	14	CLX[	CLX	CLX				ptca	sg	m	unknown	verb					nnn	nnn	שלח
439348	SP	Exodus	9	17	SLL[	MSTWLL	TWLL				ptca	sg	m	unknown	verb					nnnnnn	nnnnnn	מסתולל
439355	SP	Exodus	9	18	MVR[	MMVJR	MVJR				ptca	sg	m	unknown	verb					nnnnn	nnnnn	ממטיר
439437	SP	Exodus	9	19	CLX[	CLX	CLX				ptca	sg	unknown	unknown	verb					nnn	nnn	שלח
439497	SP	Exodus	9	19	SLL[	MSTWLL	TWLL				ptca	sg	m	unknown	verb					nnnnnn	nnnnnn	מסתולל
439504	SP	Exodus	9	19	MVR[	MMVJR	MVJR				ptca	sg	m	unknown	verb					nnnnn	nnnnn	ממטיר
439561	SP	Exodus	9	20	JR>[	JR>	JR>				ptca	sg	m	unknown	verb				H	nnn	nnn	ירא
439659	SP	Exodus	9	24	LQX[	MTLQXT	LQX				ptca	sg	f	unknown	verb		T			nnnnnn	nnnnnn	מתלקחת
439979	SP	Exodus	10	2	BW>[	MBJ>	BJ>				ptca	sg	m	unknown	verb					nnnn	nnnn	מביא
440005	SP	Exodus	10	2	C>R[	NC>RT	C>R				ptca	sg	f	unknown	verb		T		H	nnnnn	nnnnn	נשארת
440024	SP	Exodus	10	2	YMX[	YMX	YMX				ptca	sg	unknown	unknown	verb				H	nnn	nnn	צמח
440088	SP	Exodus	10	4	M>N[	M>N	M>N				ptca	sg	m	unknown	verb					nnn	nnn	מאן
440095	SP	Exodus	10	4	BW>[	MBJ>	BJ>				ptca	sg	m	unknown	verb					nnnn	nnnn	מביא
440121	SP	Exodus	10	5	C>R[	NC>RT	C>R				ptca	sg	f	unknown	verb		T		H	nnnnn	nnnnn	נשארת
440140	SP	Exodus	10	5	YMX[	YMX	YMX				ptca	sg	m	unknown	verb				H	nnn	nnn	צמח
440229	SP	Exodus	10	8	HLK[	HLKJM	HLK				ptca	pl	m	unknown	verb		JM		H	nnnnn	nnnnn	הלכים
440285	SP	Exodus	10	11	BQC[	MBQCJM	BQC				ptca	pl	m	unknown	verb		JM			nnnnnn	nnnnnn	מבקשים
440760	SP	Exodus	11	3	JY>[	JY>	JY>				ptca	sg	unknown	unknown	verb					nnn	nnn	יצא
440776	SP	Exodus	11	3	JCB[	JCB	JCB				ptca	sg	unknown	unknown	verb				H	nnn	nnn	ישב
440876	SP	Exodus	11	3	HRG[	HRG	HRG				ptca	sg	unknown	unknown	verb					nnn	nnn	הרג
440891	SP	Exodus	11	4	JY>[	JY>	JY>				ptca	sg	unknown	unknown	verb					nnn	nnn	יצא
440907	SP	Exodus	11	5	JCB[	JCB	JCB				ptca	sg	m	unknown	verb				H	nnn	nnn	ישב
441203	SP	Exodus	12	9	BCL[	MBCL	BCL				ptcp	sg	m	unknown	verb					nnnn	nnnn	מבשל
441224	SP	Exodus	12	10	JTR[	NWTR	WTR				ptca	sg	unknown	unknown	verb				WH	nnnn	nnnn	נותר
441236	SP	Exodus	12	11	XGR[	XGRJM	XGR				ptcp	pl	m	unknown	verb		JM			nnnnn	nnnnn	חגרים
441350	SP	Exodus	12	15	>KL[	>KL	>KL				ptca	sg	m	unknown	verb					nnn	nnn	אכל
441462	SP	Exodus	12	19	>KL[	>KL	>KL				ptca	sg	m	unknown	verb					nnn	nnn	אכל
441463	SP	Exodus	12	19	XMY[	MXMYT	XMY				ptca	sg	f	unknown	verb		T			nnnnn	nnnnn	מחמצת
441481	SP	Exodus	12	20	XMY[	MXMYT	XMY				ptca	sg	f	unknown	verb		T			nnnnn	nnnnn	מחמצת
441699	SP	Exodus	12	29	JCB[	JCB	JCB				ptca	sg	m	unknown	verb				H	nnn	nnn	ישב
441739	SP	Exodus	12	30	MWT[	MT	MT				ptca	sg	m	unknown	verb					nn	nn	מת
441797	SP	Exodus	12	33	MWT[	MJTJM	MJT				ptca	pl	m	unknown	verb		JM			nnnnn	nnnnn	מיתים
441807	SP	Exodus	12	34	YRR[	YRRWT	YRR				ptcp	pl	f	unknown	verb		WT			nnnnn	nnnnn	צררות
442075	SP	Exodus	12	49	GWR[	GR	GR				ptca	sg	m	unknown	verb				H	nn	nn	גר
442174	SP	Exodus	13	4	JY>[	JWY>JM	JWY>				ptca	pl	m	unknown	verb		JM			nnnnnn	nnnnnn	יוצאים
442214	SP	Exodus	13	5	ZWB[	ZBT	ZB				ptca	sg	f	unknown	verb		T			nnn	nnn	זבת
442423	SP	Exodus	13	15	ZBX[	ZBX	ZBX				ptca	sg	m	unknown	verb					nnn	nnn	זבח
442550	SP	Exodus	13	21	HLK[	HLK	HLK				ptca	sg	m	unknown	verb					nnn	nnn	הלך
442624	SP	Exodus	14	3	BWK[	NBKJM	BK				ptca	pl	m	unknown	verb		JM			nnnnn	nnnnn	נבכים
442700	SP	Exodus	14	7	BXR[	BXWR	BXWR				ptcp	sg	m	unknown	verb					nnnn	nnnn	בחור
442725	SP	Exodus	14	8	JY>[	JWY>JM	JWY>				ptca	pl	m	unknown	verb		JM			nnnnnn	nnnnnn	יוצאים
442728	SP	Exodus	14	8	RWM[	RMH	RM				ptca	sg	f	unknown	verb		H			nnn	nnn	רמה
442736	SP	Exodus	14	9	XNH[	XNJM	XN				ptca	pl	m	unknown	verb		JM			nnnn	nnnn	חנים
442767	SP	Exodus	14	10	NS<[	NS<JM	NS<				ptca	pl	m	unknown	verb		JM			nnnnn	nnnnn	נסעים
442912	SP	Exodus	14	17	XZQ[	MXZJQ	XZJQ				ptca	sg	m	unknown	verb					nnnnn	nnnnn	מחזיק
442958	SP	Exodus	14	19	HLK[	HLK	HLK				ptca	sg	m	unknown	verb				H	nnn	nnn	הלך
443116	SP	Exodus	14	25	LXM[	NLXM	LXM				ptca	sg	m	unknown	verb				H	nnnn	nnnn	נלחם
443162	SP	Exodus	14	27	NS<[	NS<JM	NS<				ptca	pl	m	unknown	verb		JM			nnnnn	nnnnn	נסעים
443191	SP	Exodus	14	28	BW>[	B>JM	B>				ptca	pl	m	unknown	verb		JM		H	nnnn	nnnn	באים
443237	SP	Exodus	14	30	MWT[	MT	MT				ptca	sg	m	unknown	verb					nn	nn	מת
443291	SP	Exodus	15	1	G>H[	G>H	G>H				ptca	sg	unknown	unknown	verb					nnn	nnn	גאה
443294	SP	Exodus	15	1	RKB[	RKBW	RKB				ptca	sg	m	unknown	verb	W			W	nnnn	nnnn	רכבו
443343	SP	Exodus	15	6	D>R[	ND>RJ	D>R				ptca	sg	unknown	unknown	verb					nnnnn	nnnnn	נדארי
443349	SP	Exodus	15	6	>JB[	>WJB	>WJB				ptca	sg	m	unknown	verb					nnnn	nnnn	אויב
443355	SP	Exodus	15	7	QWM[	QMJK	QM				ptca	pl	m	unknown	verb	K	J			nnnn	nnnn	קמיך
443370	SP	Exodus	15	8	NZL[	NZLJM	NZL				ptca	pl	m	unknown	verb		JM			nnnnn	nnnnn	נזלים
443377	SP	Exodus	15	9	>JB[	>WJB	>WJB				ptca	sg	m	unknown	verb					nnnn	nnnn	אויב
443406	SP	Exodus	15	11	D>R[	ND>RJ	D>R				ptca	sg	unknown	unknown	verb					nnnnn	nnnnn	נדארי
443409	SP	Exodus	15	11	JR>[	NWR>	WR>				ptca	sg	m	unknown	verb					nnnn	nnnn	נורא
443411	SP	Exodus	15	11	<FH[	<FH	<FH				ptca	sg	m	unknown	verb					nnn	nnn	עשה
443436	SP	Exodus	15	14	JCB[	JCBJ	JCB				ptca	pl	m	unknown	verb		J			nnnn	nnnn	ישבי
443448	SP	Exodus	15	15	JCB[	JCBJ	JCB				ptca	pl	m	unknown	verb		J			nnnn	nnnn	ישבי
443553	SP	Exodus	15	21	G>H[	G>H	G>H				ptca	sg	unknown	unknown	verb					nnn	nnn	גאה
443556	SP	Exodus	15	21	RKB[	RKBW	RKB				ptca	sg	m	unknown	verb	W			W	nnnn	nnnn	רכבו
443675	SP	Exodus	15	26	RP>[	RP>K	RP>				ptca	sg	m	unknown	verb	K				nnnn	nnnn	רפאך
443789	SP	Exodus	16	4	MVR[	MMVJR	MVJR				ptca	sg	m	unknown	verb					nnnnn	nnnnn	ממטיר
443896	SP	Exodus	16	8	LWN[	MLNJM	LN				ptca	pl	m	unknown	verb		JM			nnnnn	nnnnn	מלנים
444015	SP	Exodus	16	14	XSPS[	MXSPS	XSPS				ptcp	sg	m	unknown	verb					nnnnn	nnnnn	מחספס
444018	SP	Exodus	16	14	KPR[	KWPR	KWPR				ptca	sg	unknown	unknown	verb				K	nnnn	nnnn	כופר
444082	SP	Exodus	16	17	RBH[	MRBH	RBH				ptca	sg	m	unknown	verb				H	nnnn	nnnn	מרבה
444085	SP	Exodus	16	17	M<V[	MM<JV	M<JV				ptca	sg	m	unknown	verb				WH	nnnnn	nnnnn	ממעיט
444094	SP	Exodus	16	18	RBH[	MRBH	RBH				ptca	sg	m	unknown	verb				H	nnnn	nnnn	מרבה
444097	SP	Exodus	16	18	M<V[	MM<JV	M<JV				ptca	sg	m	unknown	verb				WH	nnnnn	nnnnn	ממעיט
444202	SP	Exodus	16	23	<DP[	<DP	<DP				ptca	sg	m	unknown	verb				H	nnn	nnn	עדף
444296	SP	Exodus	16	29	NTN[	NTN	NTN				ptca	sg	m	unknown	verb					nnn	nnn	נתן
444429	SP	Exodus	16	35	JCB[	NWCBT	WCB				ptca	sg	f	unknown	verb		T			nnnnn	nnnnn	נושבת
444574	SP	Exodus	17	6	<MD[	<MD	<MD				ptca	sg	m	unknown	verb					nnn	nnn	עמד
444653	SP	Exodus	17	9	NYB[	NYB	YB				ptca	sg	m	unknown	verb					nnn	nnn	נצב
444807	SP	Exodus	18	1	XTN[	XTN	XTN				ptca	sg	m	unknown	verb					nnn	nnn	חתן
444830	SP	Exodus	18	2	XTN[	XTN	XTN				ptca	sg	m	unknown	verb					nnn	nnn	חתן
444872	SP	Exodus	18	5	XTN[	XTN	XTN				ptca	sg	m	unknown	verb					nnn	nnn	חתן
444885	SP	Exodus	18	5	XNH[	XNH	XNH				ptca	sg	m	unknown	verb					nnn	nnn	חנה
444895	SP	Exodus	18	6	XTN[	XTNK	XTN				ptca	sg	m	unknown	verb	K				nnnn	nnnn	חתנך
444897	SP	Exodus	18	6	BW>[	B>	B>				ptca	sg	m	unknown	verb					nn	nn	בא
444910	SP	Exodus	18	7	XTN[	XTNW	XTN				ptca	sg	m	unknown	verb	W				nnnn	nnnn	חתנו
444933	SP	Exodus	18	8	XTN[	XTNW	XTN				ptca	sg	m	unknown	verb	W			L	nnnn	nnnn	חתנו
444978	SP	Exodus	18	10	BRK[	BRWK	BRWK				ptcp	sg	m	unknown	verb					nnnn	nnnn	ברוך
445017	SP	Exodus	18	12	XTN[	XTN	XTN				ptca	sg	m	unknown	verb					nnn	nnn	חתן
445035	SP	Exodus	18	12	XTN[	XTN	XTN				ptca	sg	m	unknown	verb					nnn	nnn	חתן
445068	SP	Exodus	18	14	XTN[	XTN	XTN				ptca	sg	m	unknown	verb					nnn	nnn	חתן
445074	SP	Exodus	18	14	<FH[	<FH	<FH				ptca	sg	m	unknown	verb					nnn	nnn	עשה
445086	SP	Exodus	18	14	<FH[	<FH	<FH				ptca	sg	m	unknown	verb					nnn	nnn	עשה
445091	SP	Exodus	18	14	JCB[	JCB	JCB				ptca	sg	unknown	unknown	verb					nnn	nnn	ישב
445098	SP	Exodus	18	14	NYB[	NYB	YB				ptca	sg	m	unknown	verb					nnn	nnn	נצב
445111	SP	Exodus	18	15	XTN[	XTNW	XTN				ptca	sg	m	unknown	verb	W			L	nnnn	nnnn	חתנו
445144	SP	Exodus	18	17	XTN[	XTN	XTN				ptca	sg	m	unknown	verb					nnn	nnn	חתן
445153	SP	Exodus	18	17	<FH[	<FH	<FH				ptca	sg	m	unknown	verb					nnn	nnn	עשה
445239	SP	Exodus	18	21	FN>[	FN>J	FN>				ptca	pl	m	unknown	verb		J			nnnn	nnnn	שנאי
445316	SP	Exodus	18	24	XTN[	XTNW	XTN				ptca	sg	m	unknown	verb	W				nnnn	nnnn	חתנו
445377	SP	Exodus	18	24	BJN[	NBWNJM	BWN				ptca	pl	m	unknown	verb		JM		W	nnnnnn	nnnnnn	נבונים
445379	SP	Exodus	18	24	JD<[	JD<JM	JD<				ptcp	pl	m	unknown	verb		JM		W	nnnnn	nnnnn	ידעים
445405	SP	Exodus	18	24	JD<[	JD<JM	JD<				ptcp	pl	m	unknown	verb		JM		W	nnnnn	nnnnn	ידעים
445422	SP	Exodus	18	25	CVR[	CVRJM	CVR				ptca	pl	m	unknown	verb		JM		W	nnnnn	nnnnn	שטרים
445428	SP	Exodus	18	25	CPV[	CPVJHM	CPV				ptca	pl	m	unknown	verb	HM	J			nnnnnn	nnnnnn	שפטיהם
445513	SP	Exodus	18	27	XTN[	XTNW	XTN				ptca	sg	m	unknown	verb	W				nnnn	nnnn	חתנו
445691	SP	Exodus	19	9	BW>[	B>	B>				ptca	sg	m	unknown	verb					nn	nn	בא
445740	SP	Exodus	19	11	KWN[	NKWNJM	KWN				ptca	pl	m	unknown	verb		JM			nnnnnn	nnnnnn	נכונים
445782	SP	Exodus	19	12	NG<[	NG<	NG<				ptca	sg	m	unknown	verb				H	nnn	nnn	נגע
445834	SP	Exodus	19	15	KWN[	NKWNJM	KWN				ptca	pl	m	unknown	verb		JM			nnnnnn	nnnnnn	נכונים
445928	SP	Exodus	19	19	HLK[	HLK	HLK				ptca	sg	unknown	unknown	verb					nnn	nnn	הלך
445987	SP	Exodus	19	22	NGC[	NGCJM	GC				ptca	pl	m	unknown	verb		JM		H	nnnnn	nnnnn	נגשים
446127	SP	Exodus	20	5	PQD[	PQD	PQD				ptca	sg	m	unknown	verb					nnn	nnn	פקד
446138	SP	Exodus	20	5	FN>[	FN>J	FN>				ptca	pl	m	unknown	verb		J		L	nnnn	nnnn	שנאי
446140	SP	Exodus	20	6	<FH[	<FH	<FH				ptca	sg	m	unknown	verb				W	nnn	nnn	עשה
446145	SP	Exodus	20	6	>HB[	>HBJ	>HB				ptca	pl	m	unknown	verb		J		L	nnnn	nnnn	אהבי
446148	SP	Exodus	20	6	CMR[	CMRJ	CMR				ptca	pl	m	unknown	verb		J		WL	nnnn	nnnn	שמרי
446261	SP	Exodus	20	12	NTN[	NTN	NTN				ptca	sg	m	unknown	verb					nnn	nnn	נתן
446308	SP	Exodus	20	17	BW>[	B>	B>				ptca	sg	unknown	unknown	verb					nn	nn	בא
446349	SP	Exodus	20	17	YWH[	MYWH	YWH				ptca	sg	m	unknown	verb					nnnn	nnnn	מצוה
446412	SP	Exodus	20	17	JCB[	JCB	JCB				ptca	sg	unknown	unknown	verb				H	nnn	nnn	ישב
446437	SP	Exodus	20	18	R>H[	R>JM	R>				ptca	pl	m	unknown	verb		JM		W	nnnn	nnnn	ראים
446504	SP	Exodus	20	19	JSP[	JSPJM	JSP				ptca	pl	m	unknown	verb		JM			nnnnn	nnnnn	יספים
446524	SP	Exodus	20	19	DBR[	MDBR	DBR				ptca	sg	m	unknown	verb					nnnn	nnnn	מדבר
446796	SP	Exodus	20	21	NTN[	NTN	NTN				ptca	sg	unknown	unknown	verb					nnn	nnn	נתן
447057	SP	Exodus	21	12	NKH[	MKH	KH				ptca	sg	m	unknown	verb					nnn	nnn	מכה
447097	SP	Exodus	21	15	NKH[	MKH	KH				ptca	sg	m	unknown	verb				W	nnn	nnn	מכה
447104	SP	Exodus	21	16	GNB[	GNB	GNB				ptca	sg	m	unknown	verb				W	nnn	nnn	גנב
447115	SP	Exodus	21	17	QLL[	MQLL	QLL				ptca	sg	m	unknown	verb				W	nnnn	nnnn	מקלל
447148	SP	Exodus	21	19	NKH[	MKH	KH				ptca	sg	m	unknown	verb				H	nnn	nnn	מכה
447301	SP	Exodus	21	29	NKH[	MKH	K				ptca	sg	f	unknown	verb		H			nnn	nnn	מכה
447398	SP	Exodus	21	34	MWT[	MT	MT				ptca	sg	m	unknown	verb				WH	nn	nn	מת
447431	SP	Exodus	21	35	MWT[	MT	MT				ptca	sg	m	unknown	verb				H	nn	nn	מת
447437	SP	Exodus	21	36	NKH[	MKH	K				ptca	sg	f	unknown	verb		H			nnn	nnn	מכה
447453	SP	Exodus	21	36	MWT[	MT	MT				ptca	sg	m	unknown	verb				WH	nn	nn	מת
447579	SP	Exodus	22	5	B<R[	MB<JR	B<JR				ptca	sg	m	unknown	verb				H	nnnnn	nnnnn	מבעיר
447687	SP	Exodus	22	9	R>H[	R>H	R>H				ptca	sg	m	unknown	verb					nnn	nnn	ראה
447783	SP	Exodus	22	17	KCP[	MKCPH	KCP				ptca	sg	f	unknown	verb		H			nnnnn	nnnnn	מכשפה
447787	SP	Exodus	22	18	CKB[	CKB	CKB				ptca	sg	m	unknown	verb					nnn	nnn	שכב
447792	SP	Exodus	22	19	ZBX[	ZBX	ZBX				ptca	sg	m	unknown	verb					nnn	nnn	זבח
447856	SP	Exodus	22	24	NC>[	NC>	NC>				ptca	sg	unknown	unknown	verb				K	nnn	nnn	נשא
447986	SP	Exodus	23	4	>JB[	>JBK	>JB				ptca	sg	m	unknown	verb	K				nnnn	nnnn	איבך
447992	SP	Exodus	23	4	T<H[	T<H	T<H				ptca	sg	m	unknown	verb					nnn	nnn	תעה
447999	SP	Exodus	23	5	FN>[	FN>K	FN>				ptca	sg	m	unknown	verb	K				nnnn	nnnn	שנאך
448000	SP	Exodus	23	5	RBY[	RBY	RBY				ptca	sg	m	unknown	verb					nnn	nnn	רבץ
448235	SP	Exodus	23	19	CKX[	CKX	CKX				ptca	sg	unknown	unknown	verb					nnn	nnn	שכח
448244	SP	Exodus	23	20	CLX[	CLX	CLX				ptca	sg	m	unknown	verb					nnn	nnn	שלח
448294	SP	Exodus	23	22	>JB[	>JBJK	>JB				ptca	pl	m	unknown	verb	K	J			nnnnn	nnnnn	איביך
448298	SP	Exodus	23	22	YRR=[	YRRJK	YRR				ptca	pl	m	unknown	verb	K	J			nnnnn	nnnnn	צרריך
448368	SP	Exodus	23	26	CKL[	MCKLH	CKL				ptca	sg	f	unknown	verb		H			nnnnn	nnnnn	משכלה
448395	SP	Exodus	23	27	>JB[	>JBJK	>JB				ptca	pl	m	unknown	verb	K	J			nnnnn	nnnnn	איביך
448490	SP	Exodus	23	31	JCB[	JCBJ	JCB				ptca	pl	m	unknown	verb		J			nnnn	nnnn	ישבי
448790	SP	Exodus	24	13	CRT[	MCRTW	CRT				ptca	sg	m	unknown	verb	W				nnnnn	nnnnn	משרתו
448865	SP	Exodus	24	17	>KL[	>KLT	>KL				ptca	sg	f	unknown	verb		T			nnnn	nnnn	אכלת
448946	SP	Exodus	25	5	>DM[	M>DMJM	>DM				ptcp	pl	m	unknown	verb		JM			nnnnnn	nnnnnn	מאדמים
448992	SP	Exodus	25	9	R>H[	MR>H	R>H				ptca	sg	m	unknown	verb					nnnn	nnnn	מראה
449175	SP	Exodus	25	20	SKK[	SKKJM	SKK				ptca	pl	m	unknown	verb		JM			nnnnn	nnnnn	סככים
449379	SP	Exodus	25	32	JY>[	JWY>JM	JWY>				ptca	pl	m	unknown	verb		JM			nnnnnn	nnnnnn	יוצאים
449423	SP	Exodus	25	33	JY>[	JY>JM	JY>				ptca	pl	m	unknown	verb		JM		H	nnnnn	nnnnn	יצאים
449462	SP	Exodus	25	35	JY>[	JWY>JM	JWY>				ptca	pl	m	unknown	verb		JM		H	nnnnnn	nnnnnn	יוצאים
449516	SP	Exodus	25	40	R>H[	MR>H	R>H				ptcp	sg	m	unknown	verb					nnnn	nnnn	מראה
449527	SP	Exodus	26	1	CZR[	MCZR	CZR				ptcp	sg	m	unknown	verb					nnnn	nnnn	משזר
449536	SP	Exodus	26	1	XCB[	XCB	XCB				ptca	sg	m	unknown	verb					nnn	nnn	חשב
449569	SP	Exodus	26	3	XBR[	XBRWT	XBR				ptca	pl	f	unknown	verb		WT			nnnnn	nnnnn	חברות
449578	SP	Exodus	26	3	XBR[	XBRWT	XBR				ptca	pl	f	unknown	verb		WT			nnnnn	nnnnn	חברות
449629	SP	Exodus	26	5	QBL[	MQBLWT	QBL				ptca	pl	f	unknown	verb		WT			nnnnnn	nnnnnn	מקבלות
449768	SP	Exodus	26	12	<DP[	<DP	<DP				ptca	sg	m	unknown	verb				H	nnn	nnn	עדף
449777	SP	Exodus	26	12	<DP[	<DPT	<DP				ptca	sg	f	unknown	verb		T		H	nnnn	nnnn	עדפת
449794	SP	Exodus	26	13	<DP[	<DP	<DP				ptca	sg	m	unknown	verb				B	nnn	nnn	עדף
449820	SP	Exodus	26	14	>DM[	M>DMJM	>DM				ptcp	pl	m	unknown	verb		JM			nnnnnn	nnnnnn	מאדמים
449837	SP	Exodus	26	15	<MD[	<MDJM	<MD				ptca	pl	m	unknown	verb		JM			nnnnn	nnnnn	עמדים
449861	SP	Exodus	26	17	CLB[	MCLBWT	CLB				ptcp	pl	f	unknown	verb		WT			nnnnnn	nnnnnn	משלבות
449961	SP	Exodus	26	23	QY<[	MQY<WT	QY<				ptcp	pl	f	unknown	verb		WT		L	nnnnnn	nnnnnn	מקצעות
450052	SP	Exodus	26	28	BRX[	MBRJX	BRJX				ptca	sg	m	unknown	verb					nnnnn	nnnnn	מבריח
450101	SP	Exodus	26	31	CZR[	MCZR	CZR				ptcp	sg	m	unknown	verb					nnnn	nnnn	משזר
450103	SP	Exodus	26	31	XCB[	XCB	XCB				ptca	sg	m	unknown	verb					nnn	nnn	חשב
450114	SP	Exodus	26	32	YPH=[	MYPJM	YP				ptcp	pl	m	unknown	verb		JM			nnnnn	nnnnn	מצפים
450199	SP	Exodus	26	35	QVR[	MQVJR	QVJR				ptca	sg	m	unknown	verb					nnnnn	nnnnn	מקטיר
450210	SP	Exodus	26	35	RB<[	RBW<	RBW<				ptcp	sg	unknown	unknown	verb					nnnn	nnnn	רבוע
450379	SP	Exodus	26	36	CZR[	MCZR	CZR				ptcp	sg	m	unknown	verb					nnnn	nnnn	משזר
450381	SP	Exodus	26	36	RQM[	RQM	RQM				ptca	sg	m	unknown	verb					nnn	nnn	רקם
450414	SP	Exodus	27	1	RB<[	RBW<	RBW<				ptcp	sg	m	unknown	verb					nnnn	nnnn	רבוע
450521	SP	Exodus	27	8	NBB[	NBWB	NBWB				ptcp	sg	m	unknown	verb					nnnn	nnnn	נבוב
450548	SP	Exodus	27	9	CZR[	MCZR	CZR				ptcp	sg	m	unknown	verb					nnnn	nnnn	משזר
450658	SP	Exodus	27	16	CZR[	MCZR	CZR				ptcp	sg	m	unknown	verb					nnnn	nnnn	משזר
450660	SP	Exodus	27	16	RQM[	RQM	RQM				ptca	sg	m	unknown	verb					nnn	nnn	רקם
450673	SP	Exodus	27	17	XCQ[	MXCQJM	XCQ				ptcp	pl	m	unknown	verb		JM			nnnnnn	nnnnnn	מחשקים
450696	SP	Exodus	27	18	CZR[	MCZR	CZR				ptcp	sg	m	unknown	verb					nnnn	nnnn	משזר
450911	SP	Exodus	28	6	CZR[	MCZR	CZR				ptcp	sg	m	unknown	verb					nnnn	nnnn	משזר
450913	SP	Exodus	28	6	XCB[	XCB	XCB				ptca	sg	m	unknown	verb					nnn	nnn	חשב
450916	SP	Exodus	28	7	XBR[	XBRWT	XBR				ptca	pl	f	unknown	verb		WT			nnnnn	nnnnn	חברות
450941	SP	Exodus	28	8	CZR[	MCZR	CZR				ptcp	sg	m	unknown	verb					nnnn	nnnn	משזר
450970	SP	Exodus	28	10	JTR[	NWTRJM	WTR				ptca	pl	m	unknown	verb		JM		H	nnnnnn	nnnnnn	נותרים
450992	SP	Exodus	28	11	SBB[	MWSBWT	SB				ptcp	pl	f	unknown	verb		WT			nnnnnn	nnnnnn	מוסבות
451054	SP	Exodus	28	15	XCB[	XCB	XCB				ptca	sg	m	unknown	verb					nnn	nnn	חשב
451069	SP	Exodus	28	15	CZR[	MCZR	CZR				ptcp	sg	m	unknown	verb					nnnn	nnnn	משזר
451072	SP	Exodus	28	16	RB<[	RBW<	RBW<				ptcp	sg	m	unknown	verb					nnnn	nnnn	רבוע
451074	SP	Exodus	28	16	KPL[	KPWL	KPWL				ptcp	sg	m	unknown	verb					nnnn	nnnn	כפול
451123	SP	Exodus	28	20	SBB[	MWSBWT	SB				ptcp	pl	f	unknown	verb		WT			nnnnnn	nnnnnn	מוסבות
451124	SP	Exodus	28	20	CBY[	MCBYWT	CBY				ptcp	pl	f	unknown	verb		WT			nnnnnn	nnnnnn	משבצות
451388	SP	Exodus	28	32	>RG[	>RG	>RG				ptca	sg	m	unknown	verb					nnn	nnn	ארג
451409	SP	Exodus	28	33	CZR[	MCZR	CZR				ptcp	sg	m	unknown	verb					nnnn	nnnn	משזר
451530	SP	Exodus	28	39	RQM[	RQM	RQM				ptca	sg	m	unknown	verb					nnn	nnn	רקם
451652	SP	Exodus	29	2	BLL[	BLLWT	BLL				ptcp	pl	f	unknown	verb		WT			nnnnn	nnnnn	בללות
451862	SP	Exodus	29	13	KSH[	MKSH	KSH				ptca	sg	m	unknown	verb				H	nnnn	nnnn	מכסה
452052	SP	Exodus	29	22	KSH[	MKSH	KSH				ptca	sg	m	unknown	verb				H	nnnn	nnnn	מכסה
452371	SP	Exodus	29	34	JTR[	NWTR	WTR				ptca	sg	m	unknown	verb				H	nnnn	nnnn	נותר
452436	SP	Exodus	29	37	NG<[	NG<	NG<				ptca	sg	m	unknown	verb				H	nnn	nnn	נגע
452477	SP	Exodus	29	40	BLL[	BLWL	BLWL				ptcp	sg	m	unknown	verb					nnnn	nnnn	בלול
452609	SP	Exodus	30	12	PQD[	PQDJHM	PQD				ptcp	pl	m	unknown	verb	HM	J		L	nnnnnn	nnnnnn	פקדיהם
452632	SP	Exodus	30	13	<BR[	<BR	<BR				ptca	sg	m	unknown	verb				H	nnn	nnn	עבר
452635	SP	Exodus	30	13	PQD[	PQDJM	PQD				ptcp	pl	m	unknown	verb		JM		H	nnnnn	nnnnn	פקדים
452657	SP	Exodus	30	14	<BR[	<BR	<BR				ptca	sg	m	unknown	verb				H	nnn	nnn	עבר
452660	SP	Exodus	30	14	PQD[	PQDJM	PQD				ptcp	pl	m	unknown	verb		JM		H	nnnnn	nnnnn	פקדים
452856	SP	Exodus	30	25	RQX[	RQX	RQX				ptca	sg	m	unknown	verb					nnn	nnn	רקח
452914	SP	Exodus	30	29	NG<[	NG<	NG<				ptca	sg	m	unknown	verb				H	nnn	nnn	נגע
453006	SP	Exodus	30	35	MLX[	MMLXT	MLX				ptcp	sg	f	unknown	verb		T			nnnnn	nnnnn	ממלחת
453271	SP	Exodus	31	13	QDC[	MQDCKM	QDC				ptca	sg	m	unknown	verb	KM				nnnnnn	nnnnnn	מקדשכם
453281	SP	Exodus	31	14	XLL[	MXLLJH	XLL				ptca	pl	m	unknown	verb	H	J			nnnnnn	nnnnnn	מחלליה
453287	SP	Exodus	31	14	<FH[	<FH	<FH				ptca	sg	m	unknown	verb				H	nnn	nnn	עשה
453315	SP	Exodus	31	15	<FH[	<FH	<FH				ptca	sg	m	unknown	verb				H	nnn	nnn	עשה
453387	SP	Exodus	31	18	KTB[	KTWBJM	KTWB				ptcp	pl	m	unknown	verb		JM			nnnnnn	nnnnnn	כתובים
453647	SP	Exodus	32	11	NVH[	NVWJH	NVWJ				ptcp	sg	f	unknown	verb		H			nnnnn	nnnnn	נטויה
453747	SP	Exodus	32	15	KTB[	KTWBJM	KTWB				ptcp	pl	m	unknown	verb		JM			nnnnnn	nnnnnn	כתובים
453757	SP	Exodus	32	15	KTB[	KTWBJM	KTWB				ptcp	pl	m	unknown	verb		JM			nnnnnn	nnnnnn	כתובים
453770	SP	Exodus	32	16	XRT[	XRWT	XRWT				ptcp	sg	m	unknown	verb					nnnn	nnnn	חרות
453805	SP	Exodus	32	18	CM<[	CM<	CM<				ptca	sg	m	unknown	verb					nnn	nnn	שמע
453898	SP	Exodus	32	22	PR<[	PRW<	PRW<				ptcp	sg	unknown	unknown	verb					nnnn	nnnn	פרוע
453952	SP	Exodus	32	25	PR<[	PRW<	PRW<				ptcp	sg	unknown	unknown	verb					nnnn	nnnn	פרוע
453960	SP	Exodus	32	25	QWM[	QWMJHM	QWM				ptca	pl	m	unknown	verb	HM	J		B	nnnnnn	nnnnnn	קומיהם
454233	SP	Exodus	33	3	ZWB[	ZBT	ZB				ptca	sg	f	unknown	verb		T			nnn	nnn	זבת
454335	SP	Exodus	33	7	BQC[	MBQCJ	BQC				ptca	pl	m	unknown	verb		J			nnnnn	nnnnn	מבקשי
454400	SP	Exodus	33	10	<MD[	<MD	<MD				ptca	sg	m	unknown	verb					nnn	nnn	עמד
454434	SP	Exodus	33	11	CRT[	MCRTW	CRT				ptca	sg	m	unknown	verb	W			W	nnnnn	nnnnn	משרתו
454452	SP	Exodus	33	12	>MR[	>MR	>MR				ptca	sg	m	unknown	verb					nnn	nnn	אמר
454520	SP	Exodus	33	15	HLK[	HLKJM	HLK				ptca	pl	m	unknown	verb		JM			nnnnn	nnnnn	הלכים
454695	SP	Exodus	34	2	KWN[	NKWN	KWN				ptca	sg	m	unknown	verb					nnnn	nnnn	נכון
454803	SP	Exodus	34	7	NYR[	NYR	NYR				ptca	sg	m	unknown	verb					nnn	nnn	נצר
454807	SP	Exodus	34	7	NF>[	NF>	NF>				ptca	sg	m	unknown	verb					nnn	nnn	נשא
454817	SP	Exodus	34	7	PQD[	PQD	PQD				ptca	sg	m	unknown	verb					nnn	nnn	פקד
454871	SP	Exodus	34	10	KRT[	KRT	KRT				ptca	sg	m	unknown	verb					nnn	nnn	כרת
454877	SP	Exodus	34	10	PL>[	NPL>WT	PL>				ptca	pl	f	unknown	verb		WT			nnnnnn	nnnnnn	נפלאות
454903	SP	Exodus	34	10	JR>[	NWR>	WR>				ptca	sg	m	unknown	verb					nnnn	nnnn	נורא
454907	SP	Exodus	34	10	<FH[	<FH	<FH				ptca	sg	m	unknown	verb					nnn	nnn	עשה
454914	SP	Exodus	34	11	YWH[	MYWK	YW				ptca	sg	m	unknown	verb	K				nnnn	nnnn	מצוך
454918	SP	Exodus	34	11	GRC[	GRC	GRC				ptca	sg	m	unknown	verb					nnn	nnn	גרש
454948	SP	Exodus	34	12	JCB[	JWCB	JWCB				ptca	sg	m	unknown	verb				L	nnnn	nnnn	יושב
454953	SP	Exodus	34	12	BW>[	B>	B>				ptca	sg	m	unknown	verb					nn	nn	בא
454988	SP	Exodus	34	15	JCB[	JWCB	JWCB				ptca	sg	m	unknown	verb				L	nnnn	nnnn	יושב
455428	SP	Exodus	35	2	<FH[	<FH	<FH				ptca	sg	m	unknown	verb				H	nnn	nnn	עשה
455490	SP	Exodus	35	7	>DM[	M>DMJM	>DM				ptcp	pl	m	unknown	verb		JM			nnnnnn	nnnnnn	מאדמים
455795	SP	Exodus	35	23	>DM[	M>DMJM	>DM				ptcp	pl	m	unknown	verb		JM			nnnnnn	nnnnnn	מאדמים
455802	SP	Exodus	35	24	RWM[	MRJM	RJM				ptca	sg	m	unknown	verb					nnnn	nnnn	מרים
456021	SP	Exodus	35	35	XCB[	XCB	XCB				ptca	sg	m	unknown	verb				W	nnn	nnn	חשב
456023	SP	Exodus	35	35	RQM[	RQM	RQM				ptca	sg	m	unknown	verb				W	nnn	nnn	רקם
456038	SP	Exodus	35	35	>RG[	>RG	>RG				ptca	sg	m	unknown	verb				W	nnn	nnn	ארג
456044	SP	Exodus	35	35	XCB[	XCBJ	XCB				ptca	pl	m	unknown	verb		J		W	nnnn	nnnn	חשבי
456148	SP	Exodus	36	4	<FH[	<FJM	<F				ptca	pl	m	unknown	verb		JM		H	nnnn	nnnn	עשים
456160	SP	Exodus	36	4	<FH[	<FJM	<F				ptca	pl	m	unknown	verb		JM			nnnn	nnnn	עשים
456167	SP	Exodus	36	5	RBH[	MRBJM	RB				ptca	pl	m	unknown	verb		JM			nnnnn	nnnnn	מרבים
456241	SP	Exodus	36	8	CZR[	MCZR	CZR				ptcp	sg	m	unknown	verb					nnnn	nnnn	משזר
456250	SP	Exodus	36	8	XCB[	XCB	XCB				ptca	sg	m	unknown	verb					nnn	nnn	חשב
456342	SP	Exodus	36	12	QBL[	MQBLWT	QBL				ptca	pl	f	unknown	verb		WT			nnnnnn	nnnnnn	מקבלות
456466	SP	Exodus	36	19	>DM[	M>DMJM	>DM				ptcp	pl	m	unknown	verb		JM			nnnnnn	nnnnnn	מאדמים
456483	SP	Exodus	36	20	<MD[	<MDJM	<MD				ptca	pl	m	unknown	verb		JM			nnnnn	nnnnn	עמדים
456507	SP	Exodus	36	22	CLB[	MCLBWT	CLB				ptcp	pl	f	unknown	verb		WT			nnnnnn	nnnnnn	משלבות
456607	SP	Exodus	36	28	QY<[	MQY<WT	QY<				ptcp	pl	f	unknown	verb		WT		L	nnnnnn	nnnnnn	מקצעות
456739	SP	Exodus	36	35	CZR[	MCZR	CZR				ptcp	sg	m	unknown	verb					nnnn	nnnn	משזר
456741	SP	Exodus	36	35	XCB[	XCB	XCB				ptca	sg	m	unknown	verb					nnn	nnn	חשב
456777	SP	Exodus	36	37	CZR[	MCZR	CZR				ptcp	sg	m	unknown	verb					nnnn	nnnn	משזר
456779	SP	Exodus	36	37	RQM[	RQM	RQM				ptca	sg	m	unknown	verb					nnn	nnn	רקם
456941	SP	Exodus	37	9	SKK[	SKKJM	SKK				ptca	pl	m	unknown	verb		JM			nnnnn	nnnnn	סככים
457098	SP	Exodus	37	18	JY>[	JWY>JM	JWY>				ptca	pl	m	unknown	verb		JM			nnnnnn	nnnnnn	יוצאים
457141	SP	Exodus	37	19	JY>[	JWY>JM	JWY>				ptca	pl	m	unknown	verb		JM		H	nnnnnn	nnnnnn	יוצאים
457180	SP	Exodus	37	21	JY>[	JY>JM	JY>				ptca	pl	m	unknown	verb		JM		H	nnnnn	nnnnn	יצאים
457225	SP	Exodus	37	25	RB<[	RBW<	RBW<				ptcp	sg	m	unknown	verb					nnnn	nnnn	רבוע
457301	SP	Exodus	37	29	RQX[	RQX	RQX				ptca	sg	m	unknown	verb					nnn	nnn	רקח
457420	SP	Exodus	38	7	NBB[	NBWB	NBWB				ptcp	sg	m	unknown	verb					nnnn	nnnn	נבוב
457437	SP	Exodus	38	8	YB>[	YB>WT	YB>				ptca	pl	f	unknown	verb		WT		H	nnnnn	nnnnn	צבאות
457456	SP	Exodus	38	9	CZR[	MCZR	CZR				ptcp	sg	m	unknown	verb					nnnn	nnnn	משזר
457557	SP	Exodus	38	16	CZR[	MCZR	CZR				ptcp	sg	m	unknown	verb					nnnn	nnnn	משזר
457572	SP	Exodus	38	17	XCQ[	MXCQJM	XCQ				ptcp	pl	m	unknown	verb		JM			nnnnnn	nnnnnn	מחשקים
457585	SP	Exodus	38	18	RQM[	RQM	RQM				ptca	sg	m	unknown	verb					nnn	nnn	רקם
457594	SP	Exodus	38	18	CZR[	MCZR	CZR				ptcp	sg	m	unknown	verb					nnnn	nnnn	משזר
457635	SP	Exodus	38	21	PQD[	PQDJ	PQD				ptcp	pl	m	unknown	verb		J			nnnn	nnnn	פקדי
457683	SP	Exodus	38	23	XCB[	XCB	XCB				ptca	sg	m	unknown	verb				W	nnn	nnn	חשב
457685	SP	Exodus	38	23	RQM[	RQM	RQM				ptca	sg	m	unknown	verb				W	nnn	nnn	רקם
457702	SP	Exodus	38	24	<FH[	<FWJ	<FWJ				ptcp	sg	m	unknown	verb				H	nnnn	nnnn	עשוי
457731	SP	Exodus	38	25	PQD[	PQDJ	PQD				ptcp	pl	m	unknown	verb		J			nnnn	nnnn	פקדי
457758	SP	Exodus	38	26	<BR[	<BR	<BR				ptca	sg	m	unknown	verb				H	nnn	nnn	עבר
457761	SP	Exodus	38	26	PQD[	PQDJM	PQD				ptcp	pl	m	unknown	verb		JM		H	nnnnn	nnnnn	פקדים
457941	SP	Exodus	39	2	CZR[	MCZR	CZR				ptcp	sg	m	unknown	verb					nnnn	nnnn	משזר
457975	SP	Exodus	39	3	XCB[	XCB	XCB				ptca	sg	m	unknown	verb					nnn	nnn	חשב
457979	SP	Exodus	39	4	XBR[	XBRWT	XBR				ptca	pl	f	unknown	verb		WT			nnnnn	nnnnn	חברות
458002	SP	Exodus	39	5	CZR[	MCZR	CZR				ptcp	sg	m	unknown	verb					nnnn	nnnn	משזר
458015	SP	Exodus	39	6	SBB[	MWSBWT	SB				ptcp	pl	f	unknown	verb		WT			nnnnnn	nnnnnn	מוסבות
458018	SP	Exodus	39	6	PTX=[	MPTXWT	PTX				ptcp	pl	f	unknown	verb		WT			nnnnnn	nnnnnn	מפתחות
458049	SP	Exodus	39	8	XCB[	XCB	XCB				ptca	sg	m	unknown	verb					nnn	nnn	חשב
458063	SP	Exodus	39	8	CZR[	MCZR	CZR				ptcp	sg	m	unknown	verb					nnnn	nnnn	משזר
458064	SP	Exodus	39	9	RB<[	RBW<	RBW<				ptcp	sg	m	unknown	verb					nnnn	nnnn	רבוע
458066	SP	Exodus	39	9	KPL[	KPWL	KPWL				ptcp	sg	m	unknown	verb					nnnn	nnnn	כפול
458118	SP	Exodus	39	13	SBB[	MWSBWT	SB				ptcp	pl	f	unknown	verb		WT			nnnnnn	nnnnnn	מוסבות
458316	SP	Exodus	39	22	>RG[	>RG	>RG				ptca	sg	m	unknown	verb					nnn	nnn	ארג
458349	SP	Exodus	39	24	CZR[	MCZR	CZR				ptcp	sg	m	unknown	verb					nnnn	nnnn	משזר
458397	SP	Exodus	39	27	>RG[	>RG	>RG				ptca	sg	m	unknown	verb					nnn	nnn	ארג
458420	SP	Exodus	39	28	CZR[	MCZR	CZR				ptcp	sg	m	unknown	verb					nnnn	nnnn	משזר
458426	SP	Exodus	39	29	CZR[	MCZR	CZR				ptcp	sg	m	unknown	verb					nnnn	nnnn	משזר
458434	SP	Exodus	39	29	RQM[	RQM	RQM				ptca	sg	m	unknown	verb					nnn	nnn	רקם
458525	SP	Exodus	39	34	>DM[	M>DMJM	>DM				ptcp	pl	m	unknown	verb		JM		H	nnnnnn	nnnnnn	מאדמים
459795	SP	Leviticus	2	3	JTR[	NWTRT	WTR				ptca	sg	f	unknown	verb		T		WH	nnnnn	nnnnn	נותרת
459819	SP	Leviticus	2	4	BLL[	BLLWT	BLL				ptcp	pl	f	unknown	verb		WT			nnnnn	nnnnn	בללות
459825	SP	Leviticus	2	4	MCX[	MCXJM	MCX				ptcp	pl	m	unknown	verb		JM			nnnnn	nnnnn	משחים
459835	SP	Leviticus	2	5	BLL[	BLWLH	BLWL				ptcp	sg	f	unknown	verb		H			nnnnn	nnnnn	בלולה
459899	SP	Leviticus	2	10	JTR[	NWTRT	WTR				ptca	sg	f	unknown	verb		T		WH	nnnnn	nnnnn	נותרת
460025	SP	Leviticus	3	1	QRB[	MQRJB	QRJB				ptca	sg	m	unknown	verb					nnnnn	nnnnn	מקריב
460072	SP	Leviticus	3	3	KSH[	MKSH	KSH				ptca	sg	m	unknown	verb				H	nnnn	nnnn	מכסה
460158	SP	Leviticus	3	7	QRB[	MQRJB	QRJB				ptca	sg	m	unknown	verb					nnnnn	nnnnn	מקריב
460213	SP	Leviticus	3	9	KSH[	MKSH	KSH				ptca	sg	m	unknown	verb				H	nnnn	nnnn	מכסה
460307	SP	Leviticus	3	14	KSH[	MKSH	KSH				ptca	sg	m	unknown	verb				H	nnnn	nnnn	מכסה
460554	SP	Leviticus	4	8	KSH[	MKSH	KSH				ptca	sg	m	unknown	verb				H	nnnn	nnnn	מכסה
461394	SP	Leviticus	5	9	C>R[	NC>R	C>R				ptca	sg	m	unknown	verb				WH	nnnn	nnnn	נשאר
461958	SP	Leviticus	6	9	JTR[	NWTRT	WTR				ptca	sg	f	unknown	verb		T		WH	nnnnn	nnnnn	נותרת
462049	SP	Leviticus	6	14	RBK[	MRBKT	RBK				ptcp	sg	f	unknown	verb		T			nnnnn	nnnnn	מרבכת
462119	SP	Leviticus	6	19	XV>[	MXV>	XV>				ptca	sg	m	unknown	verb				H	nnnn	nnnn	מחטא
462239	SP	Leviticus	7	3	KSH[	MKSH	KSH				ptca	sg	m	unknown	verb				H	nnnn	nnnn	מכסה
462320	SP	Leviticus	7	8	QRB[	MQRJB	QRJB				ptca	sg	m	unknown	verb				H	nnnnn	nnnnn	מקריב
462342	SP	Leviticus	7	9	<FH[	N<FH	<F				ptca	sg	f	unknown	verb		H			nnnn	nnnn	נעשה
462352	SP	Leviticus	7	9	QRB[	MQRJB	QRJB				ptca	sg	m	unknown	verb				H	nnnnn	nnnnn	מקריב
462359	SP	Leviticus	7	10	BLL[	BLWLH	BLWL				ptcp	sg	f	unknown	verb		H			nnnnn	nnnnn	בלולה
462394	SP	Leviticus	7	12	BLL[	BLLWT	BLL				ptcp	pl	f	unknown	verb		WT			nnnnn	nnnnn	בללות
462400	SP	Leviticus	7	12	MCX[	MCXJM	MCX				ptcp	pl	m	unknown	verb		JM			nnnnn	nnnnn	משחים
462405	SP	Leviticus	7	12	RBK[	MRBKT	RBK				ptcp	sg	f	unknown	verb		T			nnnnn	nnnnn	מרבכת
462407	SP	Leviticus	7	12	BLL[	BLLWT	BLL				ptcp	pl	f	unknown	verb		WT			nnnnn	nnnnn	בללות
462433	SP	Leviticus	7	14	ZRQ[	ZRQ	ZRQ				ptca	sg	m	unknown	verb				H	nnn	nnn	זרק
462472	SP	Leviticus	7	16	JTR[	NWTR	WTR				ptca	sg	m	unknown	verb				WH	nnnn	nnnn	נותר
462477	SP	Leviticus	7	17	JTR[	NWTR	WTR				ptca	sg	m	unknown	verb				WH	nnnn	nnnn	נותר
462504	SP	Leviticus	7	18	QRB[	MQRJB	QRJB				ptca	sg	m	unknown	verb				H	nnnnn	nnnnn	מקריב
462515	SP	Leviticus	7	18	>KL[	>KLT	>KL				ptca	sg	f	unknown	verb		T		H	nnnn	nnnn	אכלת
462637	SP	Leviticus	7	25	>KL[	>KL	>KL				ptca	sg	m	unknown	verb					nnn	nnn	אכל
462653	SP	Leviticus	7	25	>KL[	>KLT	>KL				ptca	sg	f	unknown	verb		T		H	nnnn	nnnn	אכלת
462700	SP	Leviticus	7	29	QRB[	MQRJB	QRJB				ptca	sg	m	unknown	verb				H	nnnnn	nnnnn	מקריב
462766	SP	Leviticus	7	33	QRB[	MQRJB	QRJB				ptca	sg	m	unknown	verb				H	nnnnn	nnnnn	מקריב
463654	SP	Leviticus	8	32	JTR[	NWTR	WTR				ptca	sg	m	unknown	verb				WH	nnnn	nnnn	נותר
463805	SP	Leviticus	9	4	BLL[	BLWLH	BLWL				ptcp	sg	f	unknown	verb		H			nnnnn	nnnnn	בלולה
464479	SP	Leviticus	10	12	JTR[	NWTRJM	WTR				ptca	pl	m	unknown	verb		JM		H	nnnnnn	nnnnnn	נותרים
464485	SP	Leviticus	10	12	JTR[	NWTRT	WTR				ptca	sg	f	unknown	verb		T		H	nnnnn	nnnnn	נותרת
464592	SP	Leviticus	10	16	FRP[	FRWP	FRWP				ptcp	sg	unknown	unknown	verb					nnnn	nnnn	שרוף
464603	SP	Leviticus	10	16	JTR[	NWTRJM	WTR				ptca	pl	m	unknown	verb		JM		H	nnnnnn	nnnnnn	נותרים
464723	SP	Leviticus	11	3	PRS[	MPRJST	PRJS				ptca	sg	f	unknown	verb		T			nnnnnn	nnnnnn	מפריסת
464726	SP	Leviticus	11	3	CS<[	CS<T	CS<				ptca	sg	f	unknown	verb		T		W	nnnn	nnnn	שסעת
464730	SP	Leviticus	11	3	<LH[	M<LWT	<L				ptca	pl	f	unknown	verb		WT			nnnnn	nnnnn	מעלות
464742	SP	Leviticus	11	4	<LH[	M<LJ	<L				ptca	pl	m	unknown	verb		J		M	nnnn	nnnn	מעלי
464747	SP	Leviticus	11	4	PRS[	MPRJSJ	PRJS				ptca	pl	m	unknown	verb		J		WM	nnnnnn	nnnnnn	מפריסי
464754	SP	Leviticus	11	4	<LH[	M<LJ	<L				ptca	pl	m	unknown	verb		J			nnnn	nnnn	מעלי
464760	SP	Leviticus	11	4	PRS[	MPRJS	PRJS				ptca	sg	m	unknown	verb					nnnnn	nnnnn	מפריס
464769	SP	Leviticus	11	5	<LH[	M<LJ	<L				ptca	pl	m	unknown	verb		J			nnnn	nnnn	מעלי
464784	SP	Leviticus	11	6	<LH[	M<LT	<L				ptca	sg	f	unknown	verb		T			nnnn	nnnn	מעלת
464799	SP	Leviticus	11	7	PRS[	MPRJS	PRJS				ptca	sg	m	unknown	verb					nnnnn	nnnnn	מפריס
464803	SP	Leviticus	11	7	CS<[	CS<	CS<				ptca	sg	m	unknown	verb				W	nnn	nnn	שסע
465010	SP	Leviticus	11	20	HLK[	HLK	HLK				ptca	sg	m	unknown	verb				H	nnn	nnn	הלך
465026	SP	Leviticus	11	21	HLK[	HLK	HLK				ptca	sg	m	unknown	verb				H	nnn	nnn	הלך
465087	SP	Leviticus	11	24	NG<[	NG<	NG<				ptca	sg	m	unknown	verb				H	nnn	nnn	נגע
465097	SP	Leviticus	11	25	NF>[	NF>	NF>				ptca	sg	m	unknown	verb				H	nnn	nnn	נשא
465117	SP	Leviticus	11	26	PRS[	MPRJST	PRJS				ptca	sg	f	unknown	verb		T			nnnnnn	nnnnnn	מפריסת
465120	SP	Leviticus	11	26	CS<[	CS<H	CS<				ptcp	sg	f	unknown	verb		H		W	nnnn	nnnn	שסעה
465126	SP	Leviticus	11	26	<LH[	M<LH	<L				ptca	sg	f	unknown	verb		H			nnnn	nnnn	מעלה
465132	SP	Leviticus	11	26	NG<[	NG<	NG<				ptca	sg	m	unknown	verb				H	nnn	nnn	נגע
465138	SP	Leviticus	11	27	HLK[	HLK	HLK				ptca	sg	unknown	unknown	verb				H	nnn	nnn	הלך
465146	SP	Leviticus	11	27	HLK[	HLKT	HLK				ptca	sg	f	unknown	verb		T		H	nnnn	nnnn	הלכת
465154	SP	Leviticus	11	27	NG<[	NG<	NG<				ptca	sg	m	unknown	verb				H	nnn	nnn	נגע
465163	SP	Leviticus	11	28	NF>[	NF>	NF>				ptca	sg	m	unknown	verb				WH	nnn	nnn	נשא
465184	SP	Leviticus	11	29	CRY[	CRY	CRY				ptca	sg	m	unknown	verb				H	nnn	nnn	שרץ
465223	SP	Leviticus	11	31	NG<[	NG<	NG<				ptca	sg	m	unknown	verb				H	nnn	nnn	נגע
465331	SP	Leviticus	11	36	NG<[	NG<	NG<				ptca	sg	m	unknown	verb				W	nnn	nnn	נגע
465374	SP	Leviticus	11	39	NG<[	NG<	NG<				ptca	sg	m	unknown	verb				H	nnn	nnn	נגע
465383	SP	Leviticus	11	40	>KL[	>KL	>KL				ptca	sg	m	unknown	verb				WH	nnn	nnn	אכל
465395	SP	Leviticus	11	40	NF>[	NF>	NF>				ptca	sg	m	unknown	verb				WH	nnn	nnn	נשא
465410	SP	Leviticus	11	41	CRY[	CRY	CRY				ptca	sg	m	unknown	verb				H	nnn	nnn	שרץ
465420	SP	Leviticus	11	42	HLK[	HLK	HLK				ptca	sg	unknown	unknown	verb				H	nnn	nnn	הלך
465426	SP	Leviticus	11	42	HLK[	HLK	HLK				ptca	sg	unknown	unknown	verb				H	nnn	nnn	הלך
465431	SP	Leviticus	11	42	RBH[	MRBH	RBH				ptca	sg	m	unknown	verb					nnnn	nnnn	מרבה
465438	SP	Leviticus	11	42	CRY[	CRY	CRY				ptca	sg	m	unknown	verb				H	nnn	nnn	שרץ
465456	SP	Leviticus	11	43	CRY[	CRY	CRY				ptca	sg	m	unknown	verb				H	nnn	nnn	שרץ
465486	SP	Leviticus	11	44	RMF[	RMF	RMF				ptca	sg	m	unknown	verb				H	nnn	nnn	רמש
465495	SP	Leviticus	11	45	<LH[	M<LH	<LH				ptca	sg	m	unknown	verb				H	nnnn	nnnn	מעלה
465525	SP	Leviticus	11	46	RMF[	RMFT	RMF				ptca	sg	f	unknown	verb		T		H	nnnn	nnnn	רמשת
465533	SP	Leviticus	11	46	CRY[	CRYT	CRY				ptca	sg	f	unknown	verb		T		H	nnnn	nnnn	שרצת
465551	SP	Leviticus	11	47	>KL[	N>KLT	>KL				ptca	sg	f	unknown	verb		T		H	nnnnn	nnnnn	נאכלת
465688	SP	Leviticus	12	7	JLD[	JLDT	JLD				ptca	sg	f	unknown	verb		T		H	nnnn	nnnn	ילדת
465961	SP	Leviticus	13	11	JCN[	NWCNT	WCN				ptca	sg	f	unknown	verb		T			nnnnn	nnnnn	נושנת
466592	SP	Leviticus	13	42	PRX[	PRXT	PRX				ptca	sg	f	unknown	verb		T			nnnn	nnnn	פרחת
466622	SP	Leviticus	13	44	YR<[	YRW<	YRW<				ptcp	sg	m	unknown	verb					nnnn	nnnn	צרוע
466635	SP	Leviticus	13	45	YR<[	YRW<	YRW<				ptcp	sg	m	unknown	verb				WH	nnnn	nnnn	צרוע
466642	SP	Leviticus	13	45	PRM[	PRWMJM	PRWM				ptcp	pl	m	unknown	verb		JM			nnnnnn	nnnnnn	פרומים
466646	SP	Leviticus	13	45	PR<[	PRW<	PRW<				ptcp	sg	m	unknown	verb					nnnn	nnnn	פרוע
466783	SP	Leviticus	13	51	MR>[	MMR>T	MR>				ptca	sg	f	unknown	verb		T			nnnnn	nnnnn	ממראת
466819	SP	Leviticus	13	52	MR>[	MMR>T	MR>				ptca	sg	f	unknown	verb		T			nnnnn	nnnnn	ממראת
466946	SP	Leviticus	13	57	PRX[	PRXT	PRX				ptca	sg	f	unknown	verb		T			nnnn	nnnn	פרחת
467020	SP	Leviticus	14	2	YR<[	MYR<	YR<				ptcp	sg	m	unknown	verb				H	nnnn	nnnn	מצרע
467050	SP	Leviticus	14	3	YR<[	YRW<	YRW<				ptcp	sg	m	unknown	verb				H	nnnn	nnnn	צרוע
467058	SP	Leviticus	14	4	VHR[	MVHR	VHR				ptca	sg	m	unknown	verb				L	nnnn	nnnn	מטהר
467124	SP	Leviticus	14	6	CXV[	CXWVH	CXWV				ptcp	sg	f	unknown	verb		H		H	nnnnn	nnnnn	שחוטה
467133	SP	Leviticus	14	7	VHR[	MVHR	VHR				ptca	sg	m	unknown	verb				H	nnnn	nnnn	מטהר
467155	SP	Leviticus	14	8	VHR[	MVHR	VHR				ptca	sg	m	unknown	verb				H	nnnn	nnnn	מטהר
467241	SP	Leviticus	14	10	BLL[	BLWLH	BLWL				ptcp	sg	f	unknown	verb		H			nnnnn	nnnnn	בלולה
467253	SP	Leviticus	14	11	VHR[	MVHR	VHR				ptca	sg	m	unknown	verb				H	nnnn	nnnn	מטהר
467258	SP	Leviticus	14	11	VHR[	MVHR	VHR				ptca	sg	m	unknown	verb				H	nnnn	nnnn	מטהר
467338	SP	Leviticus	14	14	VHR[	MVHR	VHR				ptca	sg	m	unknown	verb				H	nnnn	nnnn	מטהר
467411	SP	Leviticus	14	17	VHR[	MVHR	VHR				ptca	sg	m	unknown	verb				H	nnnn	nnnn	מטהר
467432	SP	Leviticus	14	18	JTR[	NWTR	WTR				ptca	sg	m	unknown	verb				WH	nnnn	nnnn	נותר
467444	SP	Leviticus	14	18	VHR[	MVHR	VHR				ptca	sg	m	unknown	verb				H	nnnn	nnnn	מטהר
467464	SP	Leviticus	14	19	VHR[	MVHR	VHR				ptca	sg	m	unknown	verb				H	nnnn	nnnn	מטהר
467503	SP	Leviticus	14	21	NFG[	MFGT	FG				ptca	sg	f	unknown	verb		T			nnnn	nnnn	משגת
467518	SP	Leviticus	14	21	BLL[	BLWL	BLWL				ptcp	sg	m	unknown	verb					nnnn	nnnn	בלול
467602	SP	Leviticus	14	25	VHR[	MVHR	VHR				ptca	sg	m	unknown	verb				H	nnnn	nnnn	מטהר
467666	SP	Leviticus	14	28	VHR[	MVHR	VHR				ptca	sg	m	unknown	verb				H	nnnn	nnnn	מטהר
467688	SP	Leviticus	14	29	JTR[	NWTR	WTR				ptca	sg	m	unknown	verb				WH	nnnn	nnnn	נותר
467700	SP	Leviticus	14	29	VHR[	MVHR	VHR				ptca	sg	m	unknown	verb				H	nnnn	nnnn	מטהר
467744	SP	Leviticus	14	31	VHR[	MVHR	VHR				ptca	sg	m	unknown	verb				H	nnnn	nnnn	מטהר
467777	SP	Leviticus	14	34	NTN[	NTN	NTN				ptca	sg	m	unknown	verb					nnn	nnn	נתן
468009	SP	Leviticus	14	44	MR>[	MMR>T	MR>				ptca	sg	f	unknown	verb		T			nnnnn	nnnnn	ממראת
468042	SP	Leviticus	14	46	BW>[	B>	B>				ptca	sg	m	unknown	verb				WH	nn	nn	בא
468056	SP	Leviticus	14	47	CKB[	CKB	CKB				ptca	sg	m	unknown	verb				WH	nnn	nnn	שכב
468063	SP	Leviticus	14	47	>KL[	>KL	>KL				ptca	sg	m	unknown	verb				WH	nnn	nnn	אכל
468159	SP	Leviticus	14	51	CXV[	CXWVH	CXWV				ptcp	sg	f	unknown	verb		H		H	nnnnn	nnnnn	שחוטה
468291	SP	Leviticus	15	2	ZWB[	ZB	ZB				ptca	sg	m	unknown	verb					nn	nn	זב
468308	SP	Leviticus	15	3	XTM[	XTWM	XTWM				ptcp	sg	unknown	unknown	verb					nnnn	nnnn	חתום
468316	SP	Leviticus	15	3	ZWB[	ZB	ZB				ptca	sg	unknown	unknown	verb					nn	nn	זב
468332	SP	Leviticus	15	4	ZWB[	ZB	ZB				ptca	sg	m	unknown	verb				H	nn	nn	זב
468361	SP	Leviticus	15	6	JCB[	JCB	JCB				ptca	sg	m	unknown	verb				WH	nnn	nnn	ישב
468369	SP	Leviticus	15	6	ZWB[	ZB	ZB				ptca	sg	m	unknown	verb				H	nn	nn	זב
468383	SP	Leviticus	15	7	NG<[	NG<	NG<				ptca	sg	m	unknown	verb				WH	nnn	nnn	נגע
468387	SP	Leviticus	15	7	ZWB[	ZB	ZB				ptca	sg	m	unknown	verb				H	nn	nn	זב
468403	SP	Leviticus	15	8	ZWB[	ZB	ZB				ptca	sg	m	unknown	verb				H	nn	nn	זב
468425	SP	Leviticus	15	9	ZWB[	ZB	ZB				ptca	sg	m	unknown	verb				H	nn	nn	זב
468430	SP	Leviticus	15	10	NG<[	NG<	NG<				ptca	sg	m	unknown	verb				H	nnn	nnn	נגע
468442	SP	Leviticus	15	10	NF>[	NWF>	NWF>				ptca	sg	m	unknown	verb				WH	nnnn	nnnn	נושא
468461	SP	Leviticus	15	11	ZWB[	ZB	ZB				ptca	sg	m	unknown	verb				H	nn	nn	זב
468486	SP	Leviticus	15	12	ZWB[	ZB	ZB				ptca	sg	m	unknown	verb				H	nn	nn	זב
468499	SP	Leviticus	15	13	ZWB[	ZB	ZB				ptca	sg	m	unknown	verb				H	nn	nn	זב
468628	SP	Leviticus	15	19	ZWB[	ZBH	ZB				ptca	sg	f	unknown	verb		H			nnn	nnn	זבה
468641	SP	Leviticus	15	19	NG<[	NG<	NG<				ptca	sg	m	unknown	verb				H	nnn	nnn	נגע
468664	SP	Leviticus	15	21	NG<[	NG<	NG<				ptca	sg	m	unknown	verb				H	nnn	nnn	נגע
468681	SP	Leviticus	15	22	NG<[	NG<	NG<				ptca	sg	m	unknown	verb				H	nnn	nnn	נגע
468712	SP	Leviticus	15	23	JCB[	JCBT	JCB				ptca	sg	f	unknown	verb		T			nnnn	nnnn	ישבת
468797	SP	Leviticus	15	27	NG<[	NG<	NG<				ptca	sg	unknown	unknown	verb				H	nnn	nnn	נגע
468894	SP	Leviticus	15	32	ZWB[	ZB	ZB				ptca	sg	m	unknown	verb				H	nn	nn	זב
468911	SP	Leviticus	15	33	ZWB[	ZB	ZB				ptca	sg	m	unknown	verb				WH	nn	nn	זב
469304	SP	Leviticus	16	16	CKN[	CKN	CKN				ptca	sg	m	unknown	verb				H	nnn	nnn	שכן
469528	SP	Leviticus	16	26	CLX[	MCLX	CLX				ptca	sg	m	unknown	verb				WH	nnnn	nnnn	משלח
469587	SP	Leviticus	16	28	FRP[	FRP	FRP				ptca	sg	m	unknown	verb				WH	nnn	nnn	שרף
469632	SP	Leviticus	16	29	GWR[	GR	GR				ptca	sg	m	unknown	verb				H	nn	nn	גר
469853	SP	Leviticus	17	5	ZBX[	ZBXJM	ZBX				ptca	pl	m	unknown	verb		JM			nnnnn	nnnnn	זבחים
469909	SP	Leviticus	17	7	ZNH[	ZNJM	ZN				ptca	pl	m	unknown	verb		JM			nnnn	nnnn	זנים
469984	SP	Leviticus	17	10	>KL[	>KLT	>KL				ptca	sg	f	unknown	verb		T		H	nnnn	nnnn	אכלת
470035	SP	Leviticus	17	12	GWR[	GR	GR				ptca	sg	m	unknown	verb				H	nn	nn	גר
470052	SP	Leviticus	17	13	GWR[	GR	GR				ptca	sg	m	unknown	verb				H	nn	nn	גר
470168	SP	Leviticus	18	3	BW>[	MBJ>	BJ>				ptca	sg	m	unknown	verb					nnnn	nnnn	מביא
470445	SP	Leviticus	18	24	CLX[	MCLX	CLX				ptca	sg	m	unknown	verb					nnnn	nnnn	משלח
470461	SP	Leviticus	18	25	JCB[	JCBJH	JCB				ptca	pl	m	unknown	verb	H	J			nnnnn	nnnnn	ישביה
470484	SP	Leviticus	18	26	GWR[	GR	GR				ptca	sg	m	unknown	verb				H	nn	nn	גר
470538	SP	Leviticus	18	29	<FH[	<FWT	<F				ptca	pl	f	unknown	verb		WT		H	nnnn	nnnn	עשות
470633	SP	Leviticus	19	6	JTR[	NWTR	WTR				ptca	sg	m	unknown	verb				WH	nnnn	nnnn	נותר
470853	SP	Leviticus	19	20	XRP=[	NXRPT	XRP				ptca	sg	f	unknown	verb		T			nnnnn	nnnnn	נחרפת
471071	SP	Leviticus	19	34	GWR[	GR	GR				ptca	sg	m	unknown	verb				H	nn	nn	גר
471154	SP	Leviticus	20	2	GWR[	GR	GR				ptca	sg	m	unknown	verb				H	nn	nn	גר
471244	SP	Leviticus	20	5	ZNH[	ZNJM	ZN				ptca	pl	m	unknown	verb		JM		H	nnnn	nnnn	זנים
471301	SP	Leviticus	20	8	QDC[	MQDCKM	QDC				ptca	sg	m	unknown	verb	KM				nnnnnn	nnnnnn	מקדשכם
471335	SP	Leviticus	20	10	N>P[	N>P	N>P				ptca	sg	m	unknown	verb				H	nnn	nnn	נאף
471338	SP	Leviticus	20	10	N>P[	N>PT	N>P				ptca	sg	f	unknown	verb		T		WH	nnnn	nnnn	נאפת
471565	SP	Leviticus	20	22	BW>[	MBJ>	BJ>				ptca	sg	m	unknown	verb					nnnn	nnnn	מביא
471580	SP	Leviticus	20	23	CLX[	MCLX	CLX				ptca	sg	m	unknown	verb					nnnn	nnnn	משלח
471606	SP	Leviticus	20	24	ZWB[	ZBT	ZB				ptca	sg	f	unknown	verb		T			nnn	nnn	זבת
471786	SP	Leviticus	21	6	QRB[	MQRBJM	QRB				ptca	pl	m	unknown	verb		JM			nnnnnn	nnnnnn	מקרבים
471791	SP	Leviticus	21	7	ZNH[	ZWNH	ZWN				ptca	sg	f	unknown	verb		H			nnnn	nnnn	זונה
471798	SP	Leviticus	21	7	GRC[	GRWCH	GRWC				ptcp	sg	f	unknown	verb		H			nnnnn	nnnnn	גרושה
471815	SP	Leviticus	21	8	QRB[	MQRJB	QRJB				ptca	sg	m	unknown	verb					nnnnn	nnnnn	מקריב
471823	SP	Leviticus	21	8	QDC[	MQDCM	QDC				ptca	sg	m	unknown	verb	M				nnnnn	nnnnn	מקדשם
471835	SP	Leviticus	21	9	XLL[	MXLLT	XLL				ptca	sg	f	unknown	verb		T			nnnnn	nnnnn	מחללת
471873	SP	Leviticus	21	11	MWT[	MT	MT				ptca	sg	m	unknown	verb					nn	nn	מת
471911	SP	Leviticus	21	14	GRC[	GRWCH	GRWC				ptcp	sg	f	unknown	verb		H		W	nnnnn	nnnnn	גרושה
471915	SP	Leviticus	21	14	ZNH[	ZWNH	ZWN				ptca	sg	f	unknown	verb		H		W	nnnn	nnnn	זונה
471936	SP	Leviticus	21	15	QDC[	MQDCW	QDC				ptca	sg	m	unknown	verb	W				nnnnn	nnnnn	מקדשו
471978	SP	Leviticus	21	18	XRM=[	XRWM	XRWM				ptcp	sg	unknown	unknown	verb					nnnn	nnnn	חרום
471980	SP	Leviticus	21	18	FR<[	FRW<	FRW<				ptcp	sg	m	unknown	verb					nnnn	nnnn	שרוע
472061	SP	Leviticus	21	23	QDC[	MQDCM	QDC				ptca	sg	m	unknown	verb	M				nnnnn	nnnnn	מקדשם
472102	SP	Leviticus	22	2	QDC[	MQDJCJM	QDJC				ptca	pl	m	unknown	verb		JM			nnnnnnn	nnnnnnn	מקדישים
472147	SP	Leviticus	22	4	YR<[	YRW<	YRW<				ptcp	sg	m	unknown	verb					nnnn	nnnn	צרוע
472149	SP	Leviticus	22	4	ZWB[	ZB	ZB				ptca	sg	m	unknown	verb					nn	nn	זב
472159	SP	Leviticus	22	4	NG<[	NG<	NG<				ptca	sg	m	unknown	verb				WH	nnn	nnn	נגע
472253	SP	Leviticus	22	9	QDC[	MQDCM	QDC				ptca	sg	m	unknown	verb	M				nnnnn	nnnnn	מקדשם
472306	SP	Leviticus	22	13	GRC[	GRWCH	GRWC				ptcp	sg	f	unknown	verb		H		W	nnnnn	nnnnn	גרושה
472369	SP	Leviticus	22	16	QDC[	MQDCM	QDC				ptca	sg	m	unknown	verb	M				nnnnn	nnnnn	מקדשם
472502	SP	Leviticus	22	23	FR<[	FRW<	FRW<				ptcp	sg	m	unknown	verb					nnnn	nnnn	שרוע
472504	SP	Leviticus	22	23	QLV[	QLWV	QLWV				ptcp	sg	m	unknown	verb				W	nnnn	nnnn	קלוט
472514	SP	Leviticus	22	24	M<K[	M<WK	M<WK				ptcp	sg	m	unknown	verb				W	nnnn	nnnn	מעוך
472516	SP	Leviticus	22	24	KTT[	KTWT	KTWT				ptcp	sg	m	unknown	verb				W	nnnn	nnnn	כתות
472518	SP	Leviticus	22	24	NTQ[	NTWQ	NTWQ				ptcp	sg	m	unknown	verb				W	nnnn	nnnn	נתוק
472520	SP	Leviticus	22	24	KRT[	KRWT	KRWT				ptcp	sg	m	unknown	verb				W	nnnn	nnnn	כרות
472544	SP	Leviticus	22	25	CXT[	MCXJTJM	CXJT				ptca	pl	m	unknown	verb		JM			nnnnnnn	nnnnnnn	משחיתים
472640	SP	Leviticus	22	32	QDC[	MQDCM	QDC				ptca	sg	m	unknown	verb	M				nnnnn	nnnnn	מקדשם
472642	SP	Leviticus	22	33	JY>[	MWY>	WY>				ptca	sg	m	unknown	verb				H	nnnn	nnnn	מוצא
472800	SP	Leviticus	23	10	NTN[	NTN	NTN				ptca	sg	m	unknown	verb					nnn	nnn	נתן
472854	SP	Leviticus	23	13	BLL[	BLWLH	BLWL				ptcp	sg	f	unknown	verb		H			nnnnn	nnnnn	בלולה
473693	SP	Leviticus	24	14	QLL[	MQLL	QLL				ptca	sg	m	unknown	verb				H	nnnn	nnnn	מקלל
473703	SP	Leviticus	24	14	CM<[	CM<JM	CM<				ptca	pl	m	unknown	verb		JM		H	nnnnn	nnnnn	שמעים
473730	SP	Leviticus	24	16	NQB[	NQB	NQB				ptca	sg	m	unknown	verb				W	nnn	nnn	נקב
473760	SP	Leviticus	24	18	NKH[	MKH	KH				ptca	sg	m	unknown	verb				W	nnn	nnn	מכה
473799	SP	Leviticus	24	21	NKH[	MKH	KH				ptca	sg	m	unknown	verb				W	nnn	nnn	מכה
473803	SP	Leviticus	24	21	NKH[	MKH	KH				ptca	sg	m	unknown	verb				W	nnn	nnn	מכה
473829	SP	Leviticus	24	23	QLL[	MQLL	QLL				ptca	sg	m	unknown	verb				H	nnnn	nnnn	מקלל
473873	SP	Leviticus	25	2	NTN[	NTN	NTN				ptca	sg	m	unknown	verb					nnn	nnn	נתן
473954	SP	Leviticus	25	6	GWR[	GRJM	GR				ptca	pl	m	unknown	verb		JM		H	nnnn	nnnn	גרים
474027	SP	Leviticus	25	10	JCB[	JCBJH	JCB				ptca	pl	m	unknown	verb	H	J			nnnnn	nnnnn	ישביה
474135	SP	Leviticus	25	16	MKR[	MKR	MKR				ptca	sg	m	unknown	verb					nnn	nnn	מכר
474276	SP	Leviticus	25	25	G>L[	G>LW	G>L				ptca	sg	m	unknown	verb	W				nnnn	nnnn	גאלו
474291	SP	Leviticus	25	26	G>L[	G>L	G>L				ptca	sg	m	unknown	verb					nnn	nnn	גאל
474309	SP	Leviticus	25	27	<DP[	<DP	<DP				ptca	sg	m	unknown	verb				H	nnn	nnn	עדף
474334	SP	Leviticus	25	28	QNH[	QNH	QNH				ptca	sg	m	unknown	verb				H	nnn	nnn	קנה
474388	SP	Leviticus	25	30	QNH[	QNH	QNH				ptca	sg	m	unknown	verb				L	nnn	nnn	קנה
474621	SP	Leviticus	25	45	GWR[	GRJM	GR				ptca	pl	m	unknown	verb		JM		H	nnnn	nnnn	גרים
474719	SP	Leviticus	25	50	QNH[	QNHW	QN				ptca	sg	m	unknown	verb	HW				nnnn	nnnn	קנהו
474909	SP	Leviticus	26	6	XRD[	MXRJD	XRJD				ptca	sg	m	unknown	verb					nnnnn	nnnnn	מחריד
474926	SP	Leviticus	26	7	>JB[	>JBJKM	>JB				ptca	pl	m	unknown	verb	KM	J			nnnnnn	nnnnnn	איביכם
474945	SP	Leviticus	26	8	>JB[	>JBJKM	>JB				ptca	pl	m	unknown	verb	KM	J			nnnnnn	nnnnnn	איביכם
474967	SP	Leviticus	26	10	JCN[	NWCN	WCN				ptca	sg	m	unknown	verb					nnnn	nnnn	נושן
475070	SP	Leviticus	26	16	KLH[	MKLWT	KL				ptca	pl	f	unknown	verb		WT			nnnnn	nnnnn	מכלות
475073	SP	Leviticus	26	16	DWB[	MDJBT	DJB				ptca	pl	f	unknown	verb		T		W	nnnnn	nnnnn	מדיבת
475082	SP	Leviticus	26	16	>JB[	>JBJKM	>JB				ptca	pl	m	unknown	verb	KM	J			nnnnnn	nnnnnn	איביכם
475091	SP	Leviticus	26	17	>JB[	>JBJKM	>JB				ptca	pl	m	unknown	verb	KM	J			nnnnnn	nnnnnn	איביכם
475095	SP	Leviticus	26	17	FN>[	FN>JKM	FN>				ptca	pl	m	unknown	verb	KM	J			nnnnnn	nnnnnn	שנאיכם
475100	SP	Leviticus	26	17	RDP[	RDP	RDP				ptca	sg	m	unknown	verb					nnn	nnn	רדף
475220	SP	Leviticus	26	25	NQM[	NQMT	NQM				ptca	sg	f	unknown	verb		T			nnnn	nnnn	נקמת
475236	SP	Leviticus	26	25	>JB[	>WJB	>WJB				ptca	sg	m	unknown	verb					nnnn	nnnn	אויב
475335	SP	Leviticus	26	32	>JB[	>JBJKM	>JB				ptca	pl	m	unknown	verb	KM	J			nnnnnn	nnnnnn	איביכם
475337	SP	Leviticus	26	32	JCB[	JCBJM	JCB				ptca	pl	m	unknown	verb		JM		H	nnnnn	nnnnn	ישבים
475369	SP	Leviticus	26	34	>JB[	>JBJKM	>JB				ptca	pl	m	unknown	verb	KM	J			nnnnnn	nnnnnn	איביכם
475393	SP	Leviticus	26	36	C>R[	NC>RJM	C>R				ptca	pl	m	unknown	verb		JM		WH	nnnnnn	nnnnnn	נשארים
475402	SP	Leviticus	26	36	>JB[	>JBJHM	>JB				ptca	pl	m	unknown	verb	HM	J			nnnnnn	nnnnnn	איביהם
475408	SP	Leviticus	26	36	NDP[	NDP	DP				ptca	sg	m	unknown	verb					nnn	nnn	נדף
475417	SP	Leviticus	26	36	RDP[	RDP	RDP				ptca	sg	m	unknown	verb					nnn	nnn	רדף
475428	SP	Leviticus	26	37	RDP[	RDP	RDP				ptca	sg	m	unknown	verb				W	nnn	nnn	רדף
475437	SP	Leviticus	26	37	>JB[	>JBJKM	>JB				ptca	pl	m	unknown	verb	KM	J			nnnnnn	nnnnnn	איביכם
475446	SP	Leviticus	26	38	>JB[	>JBJKM	>JB				ptca	pl	m	unknown	verb	KM	J			nnnnnn	nnnnnn	איביכם
475449	SP	Leviticus	26	39	C>R[	NC>RJM	C>R				ptca	pl	m	unknown	verb		JM		WH	nnnnnn	nnnnnn	נשארים
475456	SP	Leviticus	26	39	>JB[	>JBJHM	>JB				ptca	pl	m	unknown	verb	HM	J			nnnnnn	nnnnnn	איביהם
475486	SP	Leviticus	26	41	HLK[	HLK	HLK				ptca	sg	unknown	unknown	verb					nnn	nnn	הלך
475495	SP	Leviticus	26	41	>JB[	>JBJHM	>JB				ptca	pl	m	unknown	verb	HM	J			nnnnnn	nnnnnn	איביהם
475563	SP	Leviticus	26	44	>JB[	>JBJHM	>JB				ptca	pl	m	unknown	verb	HM	J			nnnnnn	nnnnnn	איביהם
475772	SP	Leviticus	27	8	NDR[	NDR	NDR				ptca	sg	m	unknown	verb				H	nnn	nnn	נדר
475895	SP	Leviticus	27	15	QDC[	MQDJC	QDJC				ptca	sg	m	unknown	verb				H	nnnnn	nnnnn	מקדיש
475961	SP	Leviticus	27	18	JTR[	NWTRT	WTR				ptca	pl	f	unknown	verb		T		H	nnnnn	nnnnn	נותרת
475978	SP	Leviticus	27	19	QDC[	MQDJC	QDJC				ptca	sg	m	unknown	verb				H	nnnnn	nnnnn	מקדיש
476318	SP	Numbers	1	3	JY>[	JY>	JY>				ptca	sg	m	unknown	verb					nnn	nnn	יצא
476414	SP	Numbers	1	16	QR>[	QRJ>J	QRJ>				ptcp	pl	m	unknown	verb		J			nnnnn	nnnnn	קריאי
476505	SP	Numbers	1	20	JY>[	JY>	JY>				ptca	sg	m	unknown	verb					nnn	nnn	יצא
476507	SP	Numbers	1	21	PQD[	PQDJHM	PQD				ptcp	pl	m	unknown	verb	HM	J			nnnnnn	nnnnnn	פקדיהם
476527	SP	Numbers	1	22	PQD[	PQDJHM	PQD				ptcp	pl	m	unknown	verb	HM	J			nnnnnn	nnnnnn	פקדיהם
476542	SP	Numbers	1	22	JY>[	JY>	JY>				ptca	sg	m	unknown	verb					nnn	nnn	יצא
476544	SP	Numbers	1	23	PQD[	PQDJHM	PQD				ptcp	pl	m	unknown	verb	HM	J			nnnnnn	nnnnnn	פקדיהם
476574	SP	Numbers	1	24	JY>[	JY>	JY>				ptca	sg	m	unknown	verb					nnn	nnn	יצא
476576	SP	Numbers	1	25	PQD[	PQDJHM	PQD				ptcp	pl	m	unknown	verb	HM	J			nnnnnn	nnnnnn	פקדיהם
476608	SP	Numbers	1	26	JY>[	JY>	JY>				ptca	sg	m	unknown	verb					nnn	nnn	יצא
476610	SP	Numbers	1	27	PQD[	PQDJHM	PQD				ptcp	pl	m	unknown	verb	HM	J			nnnnnn	nnnnnn	פקדיהם
476640	SP	Numbers	1	28	JY>[	JY>	JY>				ptca	sg	m	unknown	verb					nnn	nnn	יצא
476642	SP	Numbers	1	29	PQD[	PQDJHM	PQD				ptcp	pl	m	unknown	verb	HM	J			nnnnnn	nnnnnn	פקדיהם
476672	SP	Numbers	1	30	JY>[	JY>	JY>				ptca	sg	m	unknown	verb					nnn	nnn	יצא
476674	SP	Numbers	1	31	PQD[	PQDJHM	PQD				ptcp	pl	m	unknown	verb	HM	J			nnnnnn	nnnnnn	פקדיהם
476707	SP	Numbers	1	32	JY>[	JY>	JY>				ptca	sg	m	unknown	verb					nnn	nnn	יצא
476709	SP	Numbers	1	33	PQD[	PQDJHM	PQD				ptcp	pl	m	unknown	verb	HM	J			nnnnnn	nnnnnn	פקדיהם
476737	SP	Numbers	1	34	JY>[	JY>	JY>				ptca	sg	m	unknown	verb					nnn	nnn	יצא
476739	SP	Numbers	1	35	PQD[	PQDJHM	PQD				ptcp	pl	m	unknown	verb	HM	J			nnnnnn	nnnnnn	פקדיהם
476768	SP	Numbers	1	36	JY>[	JY>	JY>				ptca	sg	m	unknown	verb					nnn	nnn	יצא
476770	SP	Numbers	1	37	PQD[	PQDJHM	PQD				ptcp	pl	m	unknown	verb	HM	J			nnnnnn	nnnnnn	פקדיהם
476800	SP	Numbers	1	38	JY>[	JY>	JY>				ptca	sg	m	unknown	verb					nnn	nnn	יצא
476802	SP	Numbers	1	39	PQD[	PQDJHM	PQD				ptcp	pl	m	unknown	verb	HM	J			nnnnnn	nnnnnn	פקדיהם
476832	SP	Numbers	1	40	JY>[	JY>	JY>				ptca	sg	m	unknown	verb					nnn	nnn	יצא
476834	SP	Numbers	1	41	PQD[	PQDJHM	PQD				ptcp	pl	m	unknown	verb	HM	J			nnnnnn	nnnnnn	פקדיהם
476864	SP	Numbers	1	42	JY>[	JY>	JY>				ptca	sg	m	unknown	verb					nnn	nnn	יצא
476866	SP	Numbers	1	43	PQD[	PQDJHM	PQD				ptcp	pl	m	unknown	verb	HM	J			nnnnnn	nnnnnn	פקדיהם
476879	SP	Numbers	1	44	PQD[	PQDJM	PQD				ptcp	pl	m	unknown	verb		JM		H	nnnnn	nnnnn	פקדים
476904	SP	Numbers	1	45	PQD[	PQDJ	PQD				ptcp	pl	m	unknown	verb		J			nnnn	nnnn	פקדי
476916	SP	Numbers	1	45	JY>[	JY>	JY>				ptca	sg	m	unknown	verb					nnn	nnn	יצא
476924	SP	Numbers	1	46	PQD[	PQDJM	PQD				ptcp	pl	m	unknown	verb		JM		H	nnnnn	nnnnn	פקדים
477111	SP	Numbers	2	3	XNH[	XNJM	XN				ptca	pl	m	unknown	verb		JM		WH	nnnn	nnnn	חנים
477130	SP	Numbers	2	4	PQD[	PQDJW	PQD				ptcp	pl	m	unknown	verb	W	J		W	nnnnn	nnnnn	פקדיו
477140	SP	Numbers	2	5	XNH[	XNJM	XN				ptca	pl	m	unknown	verb		JM		WH	nnnn	nnnn	חנים
477155	SP	Numbers	2	6	PQD[	PQDJW	PQD				ptcp	pl	m	unknown	verb	W	J		W	nnnnn	nnnnn	פקדיו
477177	SP	Numbers	2	8	PQD[	PQDJW	PQD				ptcp	pl	m	unknown	verb	W	J		W	nnnnn	nnnnn	פקדיו
477187	SP	Numbers	2	9	PQD[	PQDJM	PQD				ptcp	pl	m	unknown	verb		JM		H	nnnnn	nnnnn	פקדים
477224	SP	Numbers	2	11	PQD[	PQDJW	PQD				ptcp	pl	m	unknown	verb	W	J		W	nnnnn	nnnnn	פקדיו
477234	SP	Numbers	2	12	XNH[	XNJM	XN				ptca	pl	m	unknown	verb		JM		WH	nnnn	nnnn	חנים
477249	SP	Numbers	2	13	PQD[	PQDJW	PQD				ptcp	pl	m	unknown	verb	W	J		W	nnnnn	nnnnn	פקדיו
477271	SP	Numbers	2	15	PQD[	PQDJW	PQD				ptcp	pl	m	unknown	verb	W	J		W	nnnnn	nnnnn	פקדיו
477283	SP	Numbers	2	16	PQD[	PQDJM	PQD				ptcp	pl	m	unknown	verb		JM		H	nnnnn	nnnnn	פקדים
477343	SP	Numbers	2	19	PQD[	PQDJW	PQD				ptcp	pl	m	unknown	verb	W	J		W	nnnnn	nnnnn	פקדיו
477364	SP	Numbers	2	21	PQD[	PQDJW	PQD				ptcp	pl	m	unknown	verb	W	J		W	nnnnn	nnnnn	פקדיו
477385	SP	Numbers	2	23	PQD[	PQDJW	PQD				ptcp	pl	m	unknown	verb	W	J		W	nnnnn	nnnnn	פקדיו
477395	SP	Numbers	2	24	PQD[	PQDJM	PQD				ptcp	pl	m	unknown	verb		JM		H	nnnnn	nnnnn	פקדים
477429	SP	Numbers	2	26	PQD[	PQDJW	PQD				ptcp	pl	m	unknown	verb	W	J		W	nnnnn	nnnnn	פקדיו
477439	SP	Numbers	2	27	XNH[	XNJM	XN				ptca	pl	m	unknown	verb		JM		WH	nnnn	nnnn	חנים
477454	SP	Numbers	2	28	PQD[	PQDJW	PQD				ptcp	pl	m	unknown	verb	W	J		W	nnnnn	nnnnn	פקדיו
477476	SP	Numbers	2	30	PQD[	PQDJW	PQD				ptcp	pl	m	unknown	verb	W	J		W	nnnnn	nnnnn	פקדיו
477486	SP	Numbers	2	31	PQD[	PQDJM	PQD				ptcp	pl	m	unknown	verb		JM		H	nnnnn	nnnnn	פקדים
477507	SP	Numbers	2	32	PQD[	PQDJ	PQD				ptcp	pl	m	unknown	verb		J			nnnn	nnnn	פקדי
477514	SP	Numbers	2	32	PQD[	PQDJ	PQD				ptcp	pl	m	unknown	verb		J			nnnn	nnnn	פקדי
477604	SP	Numbers	3	3	MCX[	MCXJM	MCX				ptcp	pl	m	unknown	verb		JM		H	nnnnn	nnnnn	משחים
477709	SP	Numbers	3	9	NTN[	NTNJM	NTN				ptcp	pl	m	unknown	verb		JM			nnnnn	nnnnn	נתנים
477710	SP	Numbers	3	9	NTN[	NTNJM	NTN				ptcp	pl	m	unknown	verb		JM			nnnnn	nnnnn	נתנים
477893	SP	Numbers	3	22	PQD[	PQDJHM	PQD				ptcp	pl	m	unknown	verb	HM	J		W	nnnnnn	nnnnnn	פקדיהם
477903	SP	Numbers	3	22	PQD[	PQDJHM	PQD				ptcp	pl	m	unknown	verb	HM	J			nnnnnn	nnnnnn	פקדיהם
478007	SP	Numbers	3	28	CMR[	CMRJ	CMR				ptca	pl	m	unknown	verb		J			nnnn	nnnn	שמרי
478073	SP	Numbers	3	32	CMR[	CMRJ	CMR				ptca	pl	m	unknown	verb		J			nnnn	nnnn	שמרי
478091	SP	Numbers	3	34	PQD[	PQDJHM	PQD				ptcp	pl	m	unknown	verb	HM	J		W	nnnnnn	nnnnnn	פקדיהם
478154	SP	Numbers	3	38	XNH[	XNJM	XN				ptca	pl	m	unknown	verb		JM		WH	nnnn	nnnn	חנים
478169	SP	Numbers	3	38	CMR[	CMRJ	CMR				ptca	pl	m	unknown	verb		J			nnnn	nnnn	שמרי
478184	SP	Numbers	3	39	PQD[	PQDJ	PQD				ptcp	pl	m	unknown	verb		J			nnnn	nnnn	פקדי
478282	SP	Numbers	3	43	PQD[	PQDJHM	PQD				ptcp	pl	m	unknown	verb	HM	J		L	nnnnnn	nnnnnn	פקדיהם
478335	SP	Numbers	3	46	<DP[	<DPJM	<DP				ptca	pl	m	unknown	verb		JM		H	nnnnn	nnnnn	עדפים
478370	SP	Numbers	3	48	<DP[	<DPJM	<DP				ptca	pl	m	unknown	verb		JM		H	nnnnn	nnnnn	עדפים
478382	SP	Numbers	3	49	<DP[	<DPJM	<DP				ptca	pl	m	unknown	verb		JM		H	nnnnn	nnnnn	עדפים
478466	SP	Numbers	4	3	BW>[	B>	B>				ptca	sg	m	unknown	verb				H	nn	nn	בא
478912	SP	Numbers	4	23	BW>[	B>	B>				ptca	sg	m	unknown	verb				H	nn	nn	בא
479062	SP	Numbers	4	30	BW>[	B>	B>				ptca	sg	m	unknown	verb				H	nn	nn	בא
479166	SP	Numbers	4	35	BW>[	B>	B>				ptca	sg	m	unknown	verb				H	nn	nn	בא
479176	SP	Numbers	4	36	PQD[	PQDJHM	PQD				ptcp	pl	m	unknown	verb	HM	J			nnnnnn	nnnnnn	פקדיהם
479186	SP	Numbers	4	37	PQD[	PQDJ	PQD				ptcp	pl	m	unknown	verb		J			nnnn	nnnn	פקדי
479192	SP	Numbers	4	37	<BD[	<BD	<BD				ptca	sg	m	unknown	verb				H	nnn	nnn	עבד
479208	SP	Numbers	4	38	PQD[	PQDJ	PQD				ptcp	pl	m	unknown	verb		J		W	nnnn	nnnn	פקדי
479229	SP	Numbers	4	39	BW>[	B>	B>				ptca	sg	m	unknown	verb				H	nn	nn	בא
479239	SP	Numbers	4	40	PQD[	PQDJHM	PQD				ptcp	pl	m	unknown	verb	HM	J			nnnnnn	nnnnnn	פקדיהם
479252	SP	Numbers	4	41	PQD[	PQDJ	PQD				ptcp	pl	m	unknown	verb		J			nnnn	nnnn	פקדי
479258	SP	Numbers	4	41	<BD[	<BD	<BD				ptca	sg	m	unknown	verb				H	nnn	nnn	עבד
479271	SP	Numbers	4	42	PQD[	PQDJ	PQD				ptcp	pl	m	unknown	verb		J		W	nnnn	nnnn	פקדי
479293	SP	Numbers	4	43	BW>[	B>	B>				ptca	sg	m	unknown	verb				H	nn	nn	בא
479303	SP	Numbers	4	44	PQD[	PQDJHM	PQD				ptcp	pl	m	unknown	verb	HM	J			nnnnnn	nnnnnn	פקדיהם
479311	SP	Numbers	4	45	PQD[	PQDJ	PQD				ptcp	pl	m	unknown	verb		J			nnnn	nnnn	פקדי
479328	SP	Numbers	4	46	PQD[	PQDJM	PQD				ptcp	pl	m	unknown	verb		JM		H	nnnnn	nnnnn	פקדים
479358	SP	Numbers	4	47	BW>[	B>	B>				ptca	sg	m	unknown	verb				H	nn	nn	בא
479371	SP	Numbers	4	48	PQD[	PQDJHM	PQD				ptcp	pl	m	unknown	verb	HM	J			nnnnnn	nnnnnn	פקדיהם
479395	SP	Numbers	4	49	PQD[	PQDJW	PQD				ptcp	pl	m	unknown	verb	W	J		W	nnnnn	nnnnn	פקדיו
479419	SP	Numbers	5	2	YR<[	YRW<	YRW<				ptcp	sg	m	unknown	verb					nnnn	nnnn	צרוע
479422	SP	Numbers	5	2	ZWB[	ZB	ZB				ptca	sg	m	unknown	verb					nn	nn	זב
479447	SP	Numbers	5	3	CKN[	CKN	CKN				ptca	sg	m	unknown	verb					nnn	nnn	שכן
479534	SP	Numbers	5	8	G>L[	G>L	G>L				ptca	sg	m	unknown	verb					nnn	nnn	גאל
479543	SP	Numbers	5	8	CWB[	MWCB	CB				ptcp	sg	m	unknown	verb				H	nnnn	nnnn	מושב
479693	SP	Numbers	5	15	ZKR[	MZKRT	ZKR				ptca	sg	f	unknown	verb		T			nnnnn	nnnnn	מזכרת
479769	SP	Numbers	5	18	>RR[	M>RRJM	>RR				ptca	pl	m	unknown	verb		JM		H	nnnnnn	nnnnnn	מאררים
479798	SP	Numbers	5	19	>RR[	M>RRJM	>RR				ptca	pl	m	unknown	verb		JM		H	nnnnnn	nnnnnn	מאררים
479852	SP	Numbers	5	21	NPL[	NPLT	NPL				ptca	sg	f	unknown	verb		T			nnnn	nnnn	נפלת
479862	SP	Numbers	5	22	>RR[	M>RRJM	>RR				ptca	pl	m	unknown	verb		JM		H	nnnnnn	nnnnnn	מאררים
479907	SP	Numbers	5	24	>RR[	M>RRJM	>RR				ptca	pl	m	unknown	verb		JM		H	nnnnnn	nnnnnn	מאררים
479914	SP	Numbers	5	24	>RR[	M>RRJM	>RR				ptca	pl	m	unknown	verb		JM		H	nnnnnn	nnnnnn	מאררים
479986	SP	Numbers	5	27	>RR[	M>RRJM	>RR				ptca	pl	m	unknown	verb		JM		H	nnnnnn	nnnnnn	מאררים
480173	SP	Numbers	6	6	MWT[	MT	MT				ptca	sg	m	unknown	verb					nn	nn	מת
480206	SP	Numbers	6	9	MWT[	MT	MT				ptca	sg	m	unknown	verb					nn	nn	מת
480344	SP	Numbers	6	15	BLL[	BLLWT	BLL				ptcp	pl	f	unknown	verb		WT			nnnnn	nnnnn	בללות
480350	SP	Numbers	6	15	MCX[	MCXJM	MCX				ptcp	pl	m	unknown	verb		JM			nnnnn	nnnnn	משחים
480604	SP	Numbers	7	2	<MD[	<MDJM	<MD				ptca	pl	m	unknown	verb		JM		H	nnnnn	nnnnn	עמדים
480607	SP	Numbers	7	2	PQD[	PQDJM	PQD				ptcp	pl	m	unknown	verb		JM		H	nnnnn	nnnnn	פקדים
480781	SP	Numbers	7	12	QRB[	MQRJB	QRJB				ptca	sg	m	unknown	verb				H	nnnnn	nnnnn	מקריב
480813	SP	Numbers	7	13	ML>[	ML>JM	ML>				ptca	pl	m	unknown	verb		JM			nnnnn	nnnnn	מלאים
480815	SP	Numbers	7	13	BLL[	BLWLH	BLWL				ptcp	sg	f	unknown	verb		H			nnnnn	nnnnn	בלולה
480824	SP	Numbers	7	14	ML>[	ML>H	ML>				ptca	sg	f	unknown	verb		H			nnnn	nnnn	מלאה
480894	SP	Numbers	7	19	ML>[	ML>JM	ML>				ptca	pl	m	unknown	verb		JM			nnnnn	nnnnn	מלאים
480896	SP	Numbers	7	19	BLL[	BLWLH	BLWL				ptcp	sg	f	unknown	verb		H			nnnnn	nnnnn	בלולה
480905	SP	Numbers	7	20	ML>[	ML>H	ML>				ptca	sg	f	unknown	verb		H			nnnn	nnnn	מלאה
480975	SP	Numbers	7	25	ML>[	ML>JM	ML>				ptca	pl	m	unknown	verb		JM			nnnnn	nnnnn	מלאים
480977	SP	Numbers	7	25	BLL[	BLWLH	BLWL				ptcp	sg	f	unknown	verb		H			nnnnn	nnnnn	בלולה
480986	SP	Numbers	7	26	ML>[	ML>H	ML>				ptca	sg	f	unknown	verb		H			nnnn	nnnn	מלאה
481056	SP	Numbers	7	31	ML>[	ML>JM	ML>				ptca	pl	m	unknown	verb		JM			nnnnn	nnnnn	מלאים
481058	SP	Numbers	7	31	BLL[	BLWLH	BLWL				ptcp	sg	f	unknown	verb		H			nnnnn	nnnnn	בלולה
481067	SP	Numbers	7	32	ML>[	ML>H	ML>				ptca	sg	f	unknown	verb		H			nnnn	nnnn	מלאה
481137	SP	Numbers	7	37	ML>[	ML>JM	ML>				ptca	pl	m	unknown	verb		JM			nnnnn	nnnnn	מלאים
481139	SP	Numbers	7	37	BLL[	BLWLH	BLWL				ptcp	sg	f	unknown	verb		H			nnnnn	nnnnn	בלולה
481148	SP	Numbers	7	38	ML>[	ML>H	ML>				ptca	sg	f	unknown	verb		H			nnnn	nnnn	מלאה
481218	SP	Numbers	7	43	ML>[	ML>JM	ML>				ptca	pl	m	unknown	verb		JM			nnnnn	nnnnn	מלאים
481220	SP	Numbers	7	43	BLL[	BLWLH	BLWL				ptcp	sg	f	unknown	verb		H			nnnnn	nnnnn	בלולה
481229	SP	Numbers	7	44	ML>[	ML>H	ML>				ptca	sg	f	unknown	verb		H			nnnn	nnnn	מלאה
481299	SP	Numbers	7	49	ML>[	ML>JM	ML>				ptca	pl	m	unknown	verb		JM			nnnnn	nnnnn	מלאים
481301	SP	Numbers	7	49	BLL[	BLWLH	BLWL				ptcp	sg	f	unknown	verb		H			nnnnn	nnnnn	בלולה
481310	SP	Numbers	7	50	ML>[	ML>H	ML>				ptca	sg	f	unknown	verb		H			nnnn	nnnn	מלאה
481380	SP	Numbers	7	55	ML>[	ML>JM	ML>				ptca	pl	m	unknown	verb		JM			nnnnn	nnnnn	מלאים
481382	SP	Numbers	7	55	BLL[	BLWLH	BLWL				ptcp	sg	f	unknown	verb		H			nnnnn	nnnnn	בלולה
481391	SP	Numbers	7	56	ML>[	ML>H	ML>				ptca	sg	f	unknown	verb		H			nnnn	nnnn	מלאה
481461	SP	Numbers	7	61	ML>[	ML>JM	ML>				ptca	pl	m	unknown	verb		JM			nnnnn	nnnnn	מלאים
481463	SP	Numbers	7	61	BLL[	BLWLH	BLWL				ptcp	sg	f	unknown	verb		H			nnnnn	nnnnn	בלולה
481472	SP	Numbers	7	62	ML>[	ML>H	ML>				ptca	sg	f	unknown	verb		H			nnnn	nnnn	מלאה
481542	SP	Numbers	7	67	ML>[	ML>JM	ML>				ptca	pl	m	unknown	verb		JM			nnnnn	nnnnn	מלאים
481544	SP	Numbers	7	67	BLL[	BLWLH	BLWL				ptcp	sg	f	unknown	verb		H			nnnnn	nnnnn	בלולה
481553	SP	Numbers	7	68	ML>[	ML>H	ML>				ptca	sg	f	unknown	verb		H			nnnn	nnnn	מלאה
481624	SP	Numbers	7	73	ML>[	ML>JM	ML>				ptca	pl	m	unknown	verb		JM			nnnnn	nnnnn	מלאים
481626	SP	Numbers	7	73	BLL[	BLWLH	BLWL				ptcp	sg	f	unknown	verb		H			nnnnn	nnnnn	בלולה
481635	SP	Numbers	7	74	ML>[	ML>H	ML>				ptca	sg	f	unknown	verb		H			nnnn	nnnn	מלאה
481706	SP	Numbers	7	79	ML>[	ML>JM	ML>				ptca	pl	m	unknown	verb		JM			nnnnn	nnnnn	מלאים
481708	SP	Numbers	7	79	BLL[	BLWLH	BLWL				ptcp	sg	f	unknown	verb		H			nnnnn	nnnnn	בלולה
481717	SP	Numbers	7	80	ML>[	ML>H	ML>				ptca	sg	f	unknown	verb		H			nnnn	nnnn	מלאה
481812	SP	Numbers	7	86	ML>[	ML>WT	ML>				ptca	pl	f	unknown	verb		WT			nnnnn	nnnnn	מלאות
481894	SP	Numbers	7	89	DBR[	MDBR	DBR				ptca	sg	m	unknown	verb					nnnn	nnnn	מדבר
482030	SP	Numbers	8	8	BLL[	BLWLH	BLWL				ptcp	sg	f	unknown	verb		H			nnnnn	nnnnn	בלולה
482175	SP	Numbers	8	16	NTN[	NTNJM	NTN				ptcp	pl	m	unknown	verb		JM			nnnnn	nnnnn	נתנים
482176	SP	Numbers	8	16	NTN[	NTNJM	NTN				ptcp	pl	m	unknown	verb		JM			nnnnn	nnnnn	נתנים
482233	SP	Numbers	8	19	NTN[	NTNJM	NTN				ptcp	pl	m	unknown	verb		JM			nnnnn	nnnnn	נתנים
482979	SP	Numbers	10	5	XNH[	XNJM	XN				ptca	pl	m	unknown	verb		JM		H	nnnn	nnnn	חנים
482990	SP	Numbers	10	6	XNH[	XNJM	XN				ptca	pl	m	unknown	verb		JM		H	nnnn	nnnn	חנים
483032	SP	Numbers	10	9	YRR=[	YRR	YRR				ptca	sg	m	unknown	verb				H	nnn	nnn	צרר
483047	SP	Numbers	10	9	>JB[	>JBJKM	>JB				ptca	pl	m	unknown	verb	KM	J		M	nnnnnn	nnnnnn	איביכם
483257	SP	Numbers	10	17	NF>[	NF>J	NF>				ptca	pl	m	unknown	verb		J			nnnn	nnnn	נשאי
483296	SP	Numbers	10	21	NF>[	NF>J	NF>				ptca	pl	m	unknown	verb		J			nnnn	nnnn	נשאי
483344	SP	Numbers	10	25	>SP[	M>SP	>SP				ptca	sg	m	unknown	verb					nnnn	nnnn	מאסף
483392	SP	Numbers	10	29	XTN[	XTN	XTN				ptca	sg	m	unknown	verb					nnn	nnn	חתן
483394	SP	Numbers	10	29	NS<[	NS<JM	NS<				ptca	pl	m	unknown	verb		JM			nnnnn	nnnnn	נסעים
483477	SP	Numbers	10	33	NS<[	NS<	NS<				ptca	sg	m	unknown	verb					nnn	nnn	נסע
483510	SP	Numbers	10	35	>JB[	>JBJK	>JB				ptca	pl	m	unknown	verb	K	J			nnnnn	nnnnn	איביך
483513	SP	Numbers	10	35	FN>[	MFN>JK	FN>				ptca	pl	m	unknown	verb	K	J			nnnnnn	nnnnnn	משנאיך
483530	SP	Numbers	11	1	>NN[	MT>NNJM	>NN				ptca	pl	m	unknown	verb		JM		K	nnnnnnn	nnnnnnn	מתאננים
483700	SP	Numbers	11	10	BKH[	BKH	BKH				ptca	sg	m	unknown	verb					nnn	nnn	בכה
483765	SP	Numbers	11	12	>MN[	>MN	>MN				ptca	sg	m	unknown	verb				H	nnn	nnn	אמן
483768	SP	Numbers	11	12	JNQ[	JNQ	JNQ				ptca	sg	m	unknown	verb				H	nnn	nnn	ינק
483818	SP	Numbers	11	15	<FH[	<FH	<FH				ptca	sg	m	unknown	verb					nnn	nnn	עשה
483854	SP	Numbers	11	16	CVR[	CWVRJW	CWVR				ptca	pl	m	unknown	verb	W	J		W	nnnnnn	nnnnnn	שוטריו
484120	SP	Numbers	11	26	KTB[	KTWBJM	KTWB				ptcp	pl	m	unknown	verb		JM		B	nnnnnn	nnnnnn	כתובים
484143	SP	Numbers	11	27	N>B[	MTN>BJM	N>B				ptca	pl	m	unknown	verb		JM			nnnnnnn	nnnnnnn	מתנאבים
484151	SP	Numbers	11	28	CRT[	MCRT	CRT				ptca	sg	m	unknown	verb					nnnn	nnnn	משרת
484165	SP	Numbers	11	29	QN>[	MQN>	QN>				ptca	sg	m	unknown	verb				H	nnnn	nnnn	מקנא
484252	SP	Numbers	11	32	M<V[	MM<JV	M<JV				ptca	sg	m	unknown	verb				H	nnnnn	nnnnn	ממעיט
484299	SP	Numbers	11	34	>WH[	MT>WJM	>W				ptca	pl	m	unknown	verb		JM		H	nnnnnn	nnnnnn	מתאוים
484427	SP	Numbers	12	7	>MN[	N>MN	>MN				ptca	sg	m	unknown	verb					nnnn	nnnn	נאמן
484472	SP	Numbers	12	10	YR<[	MYR<T	YR<				ptcp	sg	f	unknown	verb		T			nnnnn	nnnnn	מצרעת
484482	SP	Numbers	12	10	YR<[	MYR<T	YR<				ptcp	sg	f	unknown	verb		T			nnnnn	nnnnn	מצרעת
484504	SP	Numbers	12	12	MWT[	MT	MT				ptca	sg	m	unknown	verb				K	nn	nn	מת
484596	SP	Numbers	12	16	NTN[	NTN	NTN				ptca	sg	unknown	unknown	verb					nnn	nnn	נתן
484678	SP	Numbers	13	2	NTN[	NTN	NTN				ptca	sg	m	unknown	verb					nnn	nnn	נתן
484839	SP	Numbers	13	18	JCB[	JCB	JCB				ptca	sg	m	unknown	verb				H	nnn	nnn	ישב
484857	SP	Numbers	13	19	JCB[	JCB	JCB				ptca	sg	m	unknown	verb					nnn	nnn	ישב
484870	SP	Numbers	13	19	JCB[	JCB	JCB				ptca	sg	m	unknown	verb					nnn	nnn	ישב
485050	SP	Numbers	13	27	ZWB[	ZBT	ZB				ptca	sg	f	unknown	verb		T			nnn	nnn	זבת
485064	SP	Numbers	13	28	JCB[	JCB	JCB				ptca	sg	m	unknown	verb				H	nnn	nnn	ישב
485081	SP	Numbers	13	29	JCB[	JCB	JCB				ptca	sg	m	unknown	verb					nnn	nnn	ישב
485098	SP	Numbers	13	29	JCB[	JCB	JCB				ptca	sg	m	unknown	verb					nnn	nnn	ישב
485104	SP	Numbers	13	29	JCB[	JCB	JCB				ptca	sg	m	unknown	verb					nnn	nnn	ישב
485173	SP	Numbers	13	32	>KL[	>KLT	>KL				ptca	sg	f	unknown	verb		T			nnnn	nnnn	אכלת
485174	SP	Numbers	13	32	JCB[	JCBJH	JCB				ptca	pl	m	unknown	verb	H	J			nnnnn	nnnnn	ישביה
485235	SP	Numbers	13	33	<LH[	<LJM	<L				ptca	pl	m	unknown	verb		JM			nnnn	nnnn	עלים
485275	SP	Numbers	13	33	HLK[	HLK	HLK				ptca	sg	unknown	unknown	verb				H	nnn	nnn	הלך
485324	SP	Numbers	13	33	>MN[	M>MNJM	>MN				ptca	pl	m	unknown	verb		JM			nnnnnn	nnnnnn	מאמנים
485329	SP	Numbers	13	33	HLK[	HLK	HLK				ptca	sg	unknown	unknown	verb				H	nnn	nnn	הלך
485402	SP	Numbers	14	3	BW>[	MBJ>	BJ>				ptca	sg	m	unknown	verb					nnnn	nnnn	מביא
485505	SP	Numbers	14	8	ZWB[	ZBT	ZB				ptca	sg	f	unknown	verb		T			nnn	nnn	זבת
485621	SP	Numbers	14	14	JCB[	JWCB	JWCB				ptca	sg	m	unknown	verb					nnnn	nnnn	יושב
485645	SP	Numbers	14	14	<MD[	<MD	<MD				ptca	sg	m	unknown	verb					nnn	nnn	עמד
485652	SP	Numbers	14	14	HLK[	HLK	HLK				ptca	sg	m	unknown	verb					nnn	nnn	הלך
485721	SP	Numbers	14	18	NF>[	NF>	NF>				ptca	sg	m	unknown	verb					nnn	nnn	נשא
485731	SP	Numbers	14	18	PQD[	PQD	PQD				ptca	sg	m	unknown	verb					nnn	nnn	פקד
485788	SP	Numbers	14	22	R>H[	R>JM	R>				ptca	pl	m	unknown	verb		JM		H	nnnn	nnnn	ראים
485826	SP	Numbers	14	23	N>Y[	MN>YJ	N>Y				ptca	pl	m	unknown	verb		J			nnnnn	nnnnn	מנאצי
485857	SP	Numbers	14	25	JCB[	JCB	JCB				ptca	sg	unknown	unknown	verb					nnn	nnn	ישב
485890	SP	Numbers	14	27	LWN[	MLNJM	LN				ptca	pl	m	unknown	verb		JM			nnnnn	nnnnn	מלנים
485898	SP	Numbers	14	27	LWN[	MLNJM	LN				ptca	pl	m	unknown	verb		JM			nnnnn	nnnnn	מלנים
485925	SP	Numbers	14	29	PQD[	PQDJKM	PQD				ptcp	pl	m	unknown	verb	KM	J			nnnnnn	nnnnnn	פקדיכם
485990	SP	Numbers	14	33	R<H[	R<JM	R<				ptca	pl	m	unknown	verb		JM			nnnn	nnnn	רעים
485998	SP	Numbers	14	33	ZNH[	ZWNTJKM	ZWN				ptca	pl	f	unknown	verb	KM	TJ			nnnnnnn	nnnnnnn	זונתיכם
486046	SP	Numbers	14	35	J<D[	NW<DJM	W<D				ptca	pl	m	unknown	verb		JM		H	nnnnnn	nnnnnn	נועדים
486086	SP	Numbers	14	37	JY>[	MWY>J	WY>				ptca	pl	m	unknown	verb		J			nnnnn	nnnnn	מוצאי
486111	SP	Numbers	14	38	HLK[	HLKJM	HLK				ptca	pl	m	unknown	verb		JM		H	nnnnn	nnnnn	הלכים
486178	SP	Numbers	14	40	>JB[	>JBJKM	>JB				ptca	pl	m	unknown	verb	KM	J			nnnnnn	nnnnnn	איביכם
486185	SP	Numbers	14	41	<BR[	<BRJM	<BR				ptca	pl	m	unknown	verb		JM			nnnnn	nnnnn	עברים
486205	SP	Numbers	14	42	>JB[	>JBJKM	>JB				ptca	pl	m	unknown	verb	KM	J			nnnnnn	nnnnnn	איביכם
486259	SP	Numbers	14	45	JCB[	JCB	JCB				ptca	sg	m	unknown	verb				H	nnn	nnn	ישב
486306	SP	Numbers	15	2	NTN[	NTN	NTN				ptca	sg	m	unknown	verb					nnn	nnn	נתן
486340	SP	Numbers	15	4	QRB[	MQRJB	QRJB				ptca	sg	m	unknown	verb				H	nnnnn	nnnnn	מקריב
486348	SP	Numbers	15	4	BLL[	BLWL	BLWL				ptcp	sg	m	unknown	verb					nnnn	nnnn	בלול
486380	SP	Numbers	15	6	BLL[	BLWL	BLWL				ptcp	sg	unknown	unknown	verb					nnnn	nnnn	בלול
486423	SP	Numbers	15	9	BLL[	BLWL	BLWL				ptcp	sg	m	unknown	verb					nnnn	nnnn	בלול
486517	SP	Numbers	15	15	GWR[	GR	GR				ptca	sg	m	unknown	verb				H	nn	nn	גר
486540	SP	Numbers	15	16	GWR[	GR	GR				ptca	sg	m	unknown	verb				H	nn	nn	גר
486563	SP	Numbers	15	18	BW>[	MBJ>	BJ>				ptca	sg	m	unknown	verb					nnnn	nnnn	מביא
486714	SP	Numbers	15	26	GWR[	GR	GR				ptca	sg	m	unknown	verb				H	nn	nn	גר
486746	SP	Numbers	15	28	CGG[	CGGT	CGG				ptca	sg	f	unknown	verb		T		H	nnnn	nnnn	שגגת
486769	SP	Numbers	15	29	GWR[	GR	GR				ptca	sg	m	unknown	verb				H	nn	nn	גר
486777	SP	Numbers	15	29	<FH[	<FH	<FH				ptca	sg	m	unknown	verb				L	nnn	nnn	עשה
486787	SP	Numbers	15	30	RWM[	RMH	RM				ptca	sg	f	unknown	verb		H			nnn	nnn	רמה
486798	SP	Numbers	15	30	GDP[	MGDP	GDP				ptca	sg	m	unknown	verb					nnnn	nnnn	מגדף
486834	SP	Numbers	15	32	QCC[	MQCC	QCC				ptca	sg	m	unknown	verb					nnnn	nnnn	מקשש
486844	SP	Numbers	15	33	MY>[	MY>JM	MY>				ptca	pl	m	unknown	verb		JM		H	nnnnn	nnnnn	מצאים
486846	SP	Numbers	15	33	QCC[	MQCC	QCC				ptca	sg	m	unknown	verb					nnnn	nnnn	מקשש
486971	SP	Numbers	15	39	ZNH[	ZNJM	ZN				ptca	pl	m	unknown	verb		JM			nnnn	nnnn	זנים
487200	SP	Numbers	16	11	J<D[	NW<DJM	W<D				ptca	pl	m	unknown	verb		JM		H	nnnnnn	nnnnnn	נועדים
487232	SP	Numbers	16	13	ZWB[	ZBT	ZB				ptca	sg	f	unknown	verb		T			nnn	nnn	זבת
487249	SP	Numbers	16	14	ZWB[	ZBT	ZB				ptca	sg	f	unknown	verb		T			nnn	nnn	זבת
487508	SP	Numbers	16	27	NYB[	NYBJM	YB				ptca	pl	m	unknown	verb		JM			nnnnn	nnnnn	נצבים
487758	SP	Numbers	17	4	FRP[	FRWPJM	FRWP				ptcp	pl	m	unknown	verb		JM		H	nnnnnn	nnnnnn	שרופים
487953	SP	Numbers	17	13	MWT[	MJTJM	MJT				ptca	pl	m	unknown	verb		JM		H	nnnnn	nnnnn	מיתים
487965	SP	Numbers	17	14	MWT[	MJTJM	MJT				ptca	pl	m	unknown	verb		JM		H	nnnnn	nnnnn	מיתים
487978	SP	Numbers	17	14	MWT[	MJTJM	MJT				ptca	pl	m	unknown	verb		JM		H	nnnnn	nnnnn	מיתים
488078	SP	Numbers	17	20	LWN[	MLNJM	LN				ptca	pl	m	unknown	verb		JM			nnnnn	nnnnn	מלנים
488367	SP	Numbers	18	6	NTN[	NTNJM	NTN				ptcp	pl	m	unknown	verb		JM			nnnnn	nnnnn	נתנים
488713	SP	Numbers	18	21	<BD[	<BDJM	<BD				ptca	pl	m	unknown	verb		JM			nnnnn	nnnnn	עבדים
489077	SP	Numbers	19	8	FRP[	FRP	FRP				ptca	sg	m	unknown	verb				WH	nnn	nnn	שרף
489127	SP	Numbers	19	10	>SP[	>SP	>SP				ptca	sg	m	unknown	verb				H	nnn	nnn	אסף
489148	SP	Numbers	19	10	GWR[	GR	GR				ptca	sg	m	unknown	verb				H	nn	nn	גר
489155	SP	Numbers	19	11	NG<[	NG<	NG<				ptca	sg	m	unknown	verb				H	nnn	nnn	נגע
489157	SP	Numbers	19	11	MWT[	MT	MT				ptca	sg	m	unknown	verb				B	nn	nn	מת
489197	SP	Numbers	19	13	NG<[	NG<	NG<				ptca	sg	m	unknown	verb				H	nnn	nnn	נגע
489199	SP	Numbers	19	13	MWT[	MT	MT				ptca	sg	m	unknown	verb				B	nn	nn	מת
489242	SP	Numbers	19	14	BW>[	B>	B>				ptca	sg	m	unknown	verb				H	nn	nn	בא
489257	SP	Numbers	19	15	PTX[	PTWX	PTWX				ptcp	sg	m	unknown	verb					nnnn	nnnn	פתוח
489279	SP	Numbers	19	16	MWT[	MT	MT				ptca	sg	m	unknown	verb				B	nn	nn	מת
489334	SP	Numbers	19	18	NG<[	NG<	NG<				ptca	sg	m	unknown	verb				H	nnn	nnn	נגע
489342	SP	Numbers	19	18	MWT[	MT	MT				ptca	sg	m	unknown	verb				B	nn	nn	מת
489425	SP	Numbers	19	21	NG<[	NG<	NG<				ptca	sg	m	unknown	verb				WH	nnn	nnn	נגע
489446	SP	Numbers	19	22	NG<[	NG<T	NG<				ptca	sg	f	unknown	verb		T		H	nnnn	nnnn	נגעת
489651	SP	Numbers	20	10	MRH[	MRJM	MR				ptca	pl	m	unknown	verb		JM		H	nnnn	nnnn	מרים
489881	SP	Numbers	20	13	<BR[	<BRJM	<BR				ptca	pl	m	unknown	verb		JM			nnnnn	nnnnn	עברים
489888	SP	Numbers	20	13	JCB[	JCBJM	JCB				ptca	pl	m	unknown	verb		JM		H	nnnnn	nnnnn	ישבים
490251	SP	Numbers	21	1	JCB[	JCB	JCB				ptca	sg	m	unknown	verb					nnn	nnn	ישב
490538	SP	Numbers	21	12	<BR[	<BR	<BR				ptca	sg	unknown	unknown	verb					nnn	nnn	עבר
490587	SP	Numbers	21	13	JY>[	JWY>	JWY>				ptca	sg	unknown	unknown	verb				H	nnnn	nnnn	יוצא
490672	SP	Numbers	21	18	XQQ[	MXQQ	XQQ				ptca	sg	m	unknown	verb				B	nnnn	nnnn	מחקק
490700	SP	Numbers	21	20	CQP[	NCQP	CQP				ptca	sg	unknown	unknown	verb				H	nnnn	nnnn	נשקף
490821	SP	Numbers	21	22	JCB[	JCBJM	JCB				ptca	pl	m	unknown	verb		JM		H	nnnnn	nnnnn	ישבים
490828	SP	Numbers	21	22	JCB[	JCBJM	JCB				ptca	pl	m	unknown	verb		JM		H	nnnnn	nnnnn	ישבים
490963	SP	Numbers	21	27	MCL=[	MCLJM	MCL				ptca	pl	m	unknown	verb		JM		H	nnnnn	nnnnn	משלים
490994	SP	Numbers	21	29	PLV[	PLVJM	PLV				ptca	pl	m	unknown	verb		JM			nnnnn	nnnnn	פלטים
491227	SP	Numbers	22	5	JCB[	JCB	JCB				ptca	sg	m	unknown	verb					nnn	nnn	ישב
491259	SP	Numbers	22	6	BRK[	MBRK	BRK				ptcp	sg	m	unknown	verb					nnnn	nnnn	מברך
491336	SP	Numbers	22	11	JY>[	JY>	JY>				ptca	sg	m	unknown	verb					nnn	nnn	יצא
491373	SP	Numbers	22	12	BRK[	BRWK	BRWK				ptcp	sg	m	unknown	verb					nnnn	nnnn	ברוך
491418	SP	Numbers	22	15	KBD[	NKBDJM	KBD				ptca	pl	m	unknown	verb		JM		W	nnnnnn	nnnnnn	נכבדים
491554	SP	Numbers	22	22	HLK[	HLK	HLK				ptca	sg	unknown	unknown	verb					nnn	nnn	הלך
491567	SP	Numbers	22	22	RKB[	RKB	RKB				ptca	sg	m	unknown	verb					nnn	nnn	רכב
491581	SP	Numbers	22	23	NYB[	NYB	YB				ptca	sg	m	unknown	verb					nnn	nnn	נצב
491586	SP	Numbers	22	23	CLP[	CLWPH	CLWP				ptcp	sg	f	unknown	verb		H			nnnnn	nnnnn	שלופה
491764	SP	Numbers	22	31	NYB[	NYB	YB				ptca	sg	m	unknown	verb					nnn	nnn	נצב
491769	SP	Numbers	22	31	CLP[	CLWPH	CLWP				ptcp	sg	f	unknown	verb		H			nnnnn	nnnnn	שלופה
491837	SP	Numbers	22	34	NYB[	NYB	YB				ptca	sg	m	unknown	verb					nnn	nnn	נצב
491932	SP	Numbers	22	38	JKL[	JWKL	JWKL				ptcp	sg	unknown	unknown	verb				H	nnnn	nnnn	יוכל
492095	SP	Numbers	23	6	NYB[	NYB	YB				ptca	sg	m	unknown	verb					nnn	nnn	נצב
492183	SP	Numbers	23	11	>JB[	>JBJ	>JB				ptca	pl	m	unknown	verb		J			nnnn	nnnn	איבי
492233	SP	Numbers	23	14	YPH[	YPJM	YP				ptca	pl	m	unknown	verb		JM			nnnn	nnnn	צפים
492284	SP	Numbers	23	17	NYB[	NYB	YB				ptca	sg	m	unknown	verb					nnn	nnn	נצב
492358	SP	Numbers	23	22	JY>[	MWYJ>M	WYJ>				ptca	sg	m	unknown	verb	M				nnnnnn	nnnnnn	מוציאם
492471	SP	Numbers	23	28	CQP[	NCQP	CQP				ptca	sg	m	unknown	verb				H	nnnn	nnnn	נשקף
492550	SP	Numbers	24	2	CKN[	CKN	CKN				ptca	sg	m	unknown	verb					nnn	nnn	שכן
492578	SP	Numbers	24	4	NPL[	NPL	NPL				ptca	sg	m	unknown	verb					nnn	nnn	נפל
492580	SP	Numbers	24	4	GLH[	GLWJ	GLWJ				ptcp	sg	m	unknown	verb				W	nnnn	nnnn	גלוי
492591	SP	Numbers	24	6	NVH[	NVWJ	NVW				ptcp	pl	m	unknown	verb		J			nnnn	nnnn	נטוי
492647	SP	Numbers	24	9	BRK[	MBRKJK	BRK				ptca	pl	m	unknown	verb	K	J			nnnnnn	nnnnnn	מברכיך
492648	SP	Numbers	24	9	BRK[	BRWK	BRWK				ptcp	sg	m	unknown	verb					nnnn	nnnn	ברוך
492650	SP	Numbers	24	9	>RR[	>RRJK	>RR				ptca	pl	m	unknown	verb	K	J		W	nnnnn	nnnnn	ארריך
492651	SP	Numbers	24	9	>RR[	>RWR	>RWR				ptcp	sg	m	unknown	verb					nnnn	nnnn	ארור
492669	SP	Numbers	24	10	>JB[	>JBJ	>JB				ptca	pl	m	unknown	verb		J			nnnn	nnnn	איבי
492742	SP	Numbers	24	14	HLK[	HLK	HLK				ptca	sg	unknown	unknown	verb					nnn	nnn	הלך
492778	SP	Numbers	24	16	CM<[	CM<	CM<				ptca	sg	m	unknown	verb					nnn	nnn	שמע
492782	SP	Numbers	24	16	JD<[	JD<	JD<				ptca	sg	m	unknown	verb				W	nnn	nnn	ידע
492788	SP	Numbers	24	16	NPL[	NPL	NPL				ptca	sg	m	unknown	verb					nnn	nnn	נפל
492790	SP	Numbers	24	16	GLH[	GLWJ	GLWJ				ptcp	sg	m	unknown	verb				W	nnnn	nnnn	גלוי
492825	SP	Numbers	24	18	>JB[	>JBJW	>JB				ptca	pl	m	unknown	verb	W	J			nnnnn	nnnnn	איביו
492828	SP	Numbers	24	18	<FH[	<FH	<FH				ptca	sg	m	unknown	verb					nnn	nnn	עשה
492868	SP	Numbers	24	21	FJM[	FJM	FJM				ptcp	sg	m	unknown	verb				W	nnn	nnn	שים
492976	SP	Numbers	25	4	YMD[	NYMDJM	YMD				ptca	pl	m	unknown	verb		JM		H	nnnnnn	nnnnnn	נצמדים
492990	SP	Numbers	25	5	CPV[	CPVJ	CPV				ptca	pl	m	unknown	verb		J			nnnn	nnnn	שפטי
492997	SP	Numbers	25	5	YMD[	NYMDJM	YMD				ptca	pl	m	unknown	verb		JM		H	nnnnnn	nnnnnn	נצמדים
493026	SP	Numbers	25	6	BKH[	BKJM	BK				ptca	pl	m	unknown	verb		JM			nnnn	nnnn	בכים
493082	SP	Numbers	25	9	MWT[	MJTJM	MJT				ptca	pl	m	unknown	verb		JM		H	nnnnn	nnnnn	מיתים
493127	SP	Numbers	25	12	NTN[	NTN	NTN				ptca	sg	m	unknown	verb					nnn	nnn	נתן
493158	SP	Numbers	25	14	NKH[	MKH	KH				ptcp	sg	m	unknown	verb				H	nnn	nnn	מכה
493177	SP	Numbers	25	15	NKH[	MKH	K				ptcp	sg	f	unknown	verb		H		H	nnn	nnn	מכה
493205	SP	Numbers	25	18	YRR=[	YRRJM	YRR				ptca	pl	m	unknown	verb		JM			nnnnn	nnnnn	צררים
493225	SP	Numbers	25	18	NKH[	MKH	K				ptcp	sg	f	unknown	verb		H		H	nnn	nnn	מכה
493269	SP	Numbers	26	2	JY>[	JY>	JY>				ptca	sg	m	unknown	verb					nnn	nnn	יצא
493305	SP	Numbers	26	4	JY>[	JWY>JM	JWY>				ptca	pl	m	unknown	verb		JM		H	nnnnnn	nnnnnn	יוצאים
493340	SP	Numbers	26	7	PQD[	PQDJHM	PQD				ptcp	pl	m	unknown	verb	HM	J			nnnnnn	nnnnnn	פקדיהם
493501	SP	Numbers	26	18	PQD[	PQDJHM	PQD				ptcp	pl	m	unknown	verb	HM	J		L	nnnnnn	nnnnnn	פקדיהם
493559	SP	Numbers	26	22	PQD[	PQDJHM	PQD				ptcp	pl	m	unknown	verb	HM	J		L	nnnnnn	nnnnnn	פקדיהם
493595	SP	Numbers	26	25	PQD[	PQDJHM	PQD				ptcp	pl	m	unknown	verb	HM	J		L	nnnnnn	nnnnnn	פקדיהם
493626	SP	Numbers	26	27	PQD[	PQDJHM	PQD				ptcp	pl	m	unknown	verb	HM	J		L	nnnnnn	nnnnnn	פקדיהם
493712	SP	Numbers	26	34	PQD[	PQDJHM	PQD				ptcp	pl	m	unknown	verb	HM	J		L	nnnnnn	nnnnnn	פקדיהם
493754	SP	Numbers	26	37	PQD[	PQDJHM	PQD				ptcp	pl	m	unknown	verb	HM	J		L	nnnnnn	nnnnnn	פקדיהם
493812	SP	Numbers	26	41	PQD[	PQDJHM	PQD				ptcp	pl	m	unknown	verb	HM	J		W	nnnnnn	nnnnnn	פקדיהם
493841	SP	Numbers	26	43	PQD[	PQDJHM	PQD				ptcp	pl	m	unknown	verb	HM	J		W	nnnnnn	nnnnnn	פקדיהם
493888	SP	Numbers	26	47	PQD[	PQDJHM	PQD				ptcp	pl	m	unknown	verb	HM	J		L	nnnnnn	nnnnnn	פקדיהם
493926	SP	Numbers	26	50	PQD[	PQDJHM	PQD				ptcp	pl	m	unknown	verb	HM	J		W	nnnnnn	nnnnnn	פקדיהם
493935	SP	Numbers	26	51	PQD[	PQDJ	PQD				ptcp	pl	m	unknown	verb		J			nnnn	nnnn	פקדי
493977	SP	Numbers	26	54	PQD[	PQDJW	PQD				ptcp	pl	m	unknown	verb	W	J			nnnnn	nnnnn	פקדיו
494004	SP	Numbers	26	57	PQD[	PQDJ	PQD				ptcp	pl	m	unknown	verb		J			nnnn	nnnn	פקדי
494107	SP	Numbers	26	62	PQD[	PQDJHM	PQD				ptcp	pl	m	unknown	verb	HM	J			nnnnnn	nnnnnn	פקדיהם
494136	SP	Numbers	26	63	PQD[	PQDJ	PQD				ptcp	pl	m	unknown	verb		J			nnnn	nnnn	פקדי
494160	SP	Numbers	26	64	PQD[	PQDJ	PQD				ptcp	pl	m	unknown	verb		J		M	nnnn	nnnn	פקדי
494262	SP	Numbers	27	3	J<D[	NW<DJM	W<D				ptca	pl	m	unknown	verb		JM		H	nnnnnn	nnnnnn	נועדים
494315	SP	Numbers	27	7	DBR[	DBRWT	DBR				ptca	pl	f	unknown	verb		WT			nnnnn	nnnnn	דברות
494514	SP	Numbers	27	17	R<H[	R<H	R<H				ptca	sg	m	unknown	verb					nnn	nnn	רעה
494645	SP	Numbers	27	23	R>H[	R>WT	R>				ptca	pl	f	unknown	verb		WT		H	nnnn	nnnn	ראות
494665	SP	Numbers	27	23	<BR[	<BR	<BR				ptca	sg	unknown	unknown	verb					nnn	nnn	עבר
494674	SP	Numbers	27	23	LXM[	NLXM	LXM				ptca	sg	unknown	unknown	verb				H	nnnn	nnnn	נלחם
494747	SP	Numbers	28	5	BLL[	BLWLH	BLWL				ptcp	sg	f	unknown	verb		H			nnnnn	nnnnn	בלולה
494756	SP	Numbers	28	6	<FH[	<FWJH	<FWJ				ptcp	sg	f	unknown	verb		H		H	nnnnn	nnnnn	עשויה
494820	SP	Numbers	28	9	BLL[	BLWLH	BLWL				ptcp	sg	f	unknown	verb		H			nnnnn	nnnnn	בלולה
494860	SP	Numbers	28	12	BLL[	BLWLH	BLWL				ptcp	sg	f	unknown	verb		H			nnnnn	nnnnn	בלולה
494872	SP	Numbers	28	12	BLL[	BLWLH	BLWL				ptcp	sg	f	unknown	verb		H			nnnnn	nnnnn	בלולה
494884	SP	Numbers	28	13	BLL[	BLWLH	BLWL				ptcp	sg	f	unknown	verb		H			nnnnn	nnnnn	בלולה
495009	SP	Numbers	28	20	BLL[	BLWLH	BLWL				ptcp	sg	f	unknown	verb		H			nnnnn	nnnnn	בלולה
495138	SP	Numbers	28	28	BLL[	BLWLH	BLWL				ptcp	sg	f	unknown	verb		H			nnnnn	nnnnn	בלולה
495232	SP	Numbers	29	3	BLL[	BLWLH	BLWL				ptcp	sg	f	unknown	verb		H			nnnnn	nnnnn	בלולה
495333	SP	Numbers	29	9	BLL[	BLWLH	BLWL				ptcp	sg	f	unknown	verb		H			nnnnn	nnnnn	בלולה
495431	SP	Numbers	29	14	BLL[	BLWLH	BLWL				ptcp	sg	f	unknown	verb		H			nnnnn	nnnnn	בלולה
495889	SP	Numbers	30	3	CB<[	CB<	CB<				ptca	sg	unknown	unknown	verb				H	nnn	nnn	שבע
495902	SP	Numbers	30	3	JY>[	JWY>	JWY>				ptca	sg	unknown	unknown	verb				H	nnnn	nnnn	יוצא
496039	SP	Numbers	30	10	GRC[	GRWCH	GRWC				ptcp	sg	f	unknown	verb		H		W	nnnnn	nnnnn	גרושה
496250	SP	Numbers	31	5	XLY[	XLWYJ	XLWY				ptcp	pl	m	unknown	verb		J			nnnnn	nnnnn	חלוצי
496438	SP	Numbers	31	14	PQD[	PQDJ	PQD				ptcp	pl	m	unknown	verb		J			nnnn	nnnn	פקדי
496449	SP	Numbers	31	14	BW>[	B>JM	B>				ptca	pl	m	unknown	verb		JM		H	nnnn	nnnn	באים
496497	SP	Numbers	31	17	JD<[	JD<T	JD<				ptca	sg	f	unknown	verb		T			nnnn	nnnn	ידעת
496527	SP	Numbers	31	19	HRG[	HRG	HRG				ptca	sg	m	unknown	verb					nnn	nnn	הרג
496532	SP	Numbers	31	19	NG<[	NG<	NG<				ptca	sg	m	unknown	verb				H	nnn	nnn	נגע
496577	SP	Numbers	31	20	BW>[	B>JM	B>				ptca	pl	m	unknown	verb		JM		H	nnnn	nnnn	באים
496662	SP	Numbers	31	21	BW>[	B>JM	B>				ptca	pl	m	unknown	verb		JM		H	nnnn	nnnn	באים
496774	SP	Numbers	31	27	TPF[	TPFJ	TPF				ptca	pl	m	unknown	verb		J			nnnn	nnnn	תפשי
496778	SP	Numbers	31	27	JY>[	JWY>JM	JWY>				ptca	pl	m	unknown	verb		JM		H	nnnnnn	nnnnnn	יוצאים
496797	SP	Numbers	31	28	JY>[	JWY>JM	JWY>				ptca	pl	m	unknown	verb		JM		H	nnnnnn	nnnnnn	יוצאים
496843	SP	Numbers	31	30	>XZ[	>XZ	>XZ				ptcp	sg	m	unknown	verb					nnn	nnn	אחז
496871	SP	Numbers	31	30	CMR[	CMRJ	CMR				ptca	pl	m	unknown	verb		J			nnnn	nnnn	שמרי
496945	SP	Numbers	31	36	JY>[	JWY>JM	JWY>				ptca	pl	m	unknown	verb		JM		H	nnnnnn	nnnnnn	יוצאים
497046	SP	Numbers	31	42	YB>[	YB>JM	YB>				ptca	pl	m	unknown	verb		JM		H	nnnnn	nnnnn	צבאים
497095	SP	Numbers	31	47	>XZ[	>XZ	>XZ				ptcp	sg	m	unknown	verb				H	nnn	nnn	אחז
497113	SP	Numbers	31	47	CMR[	CMRJ	CMR				ptca	pl	m	unknown	verb		J			nnnn	nnnn	שמרי
497128	SP	Numbers	31	48	PQD[	PQDJM	PQD				ptcp	pl	m	unknown	verb		JM		H	nnnnn	nnnnn	פקדים
497480	SP	Numbers	32	11	<LH[	<LJM	<L				ptca	pl	m	unknown	verb		JM		H	nnnn	nnnn	עלים
497537	SP	Numbers	32	13	<FH[	<FH	<FH				ptca	sg	m	unknown	verb				H	nnn	nnn	עשה
497597	SP	Numbers	32	17	XWC[	XCJM	XC				ptcp	pl	m	unknown	verb		JM			nnnn	nnnn	חשים
497617	SP	Numbers	32	17	JCB[	JCBJ	JCB				ptca	pl	m	unknown	verb		J			nnnn	nnnn	ישבי
497673	SP	Numbers	32	21	XLY[	XLWY	XLWY				ptcp	sg	m	unknown	verb					nnnn	nnnn	חלוץ
497683	SP	Numbers	32	21	>JB[	>JBJW	>JB				ptca	pl	m	unknown	verb	W	J			nnnnn	nnnnn	איביו
497742	SP	Numbers	32	24	JY>[	JWY>	JWY>				ptca	sg	unknown	unknown	verb				WH	nnnn	nnnn	יוצא
497767	SP	Numbers	32	25	YWH[	MYWH	YWH				ptca	sg	m	unknown	verb					nnnn	nnnn	מצוה
497786	SP	Numbers	32	27	XLY[	XLWY	XLWY				ptcp	sg	m	unknown	verb					nnnn	nnnn	חלוץ
497796	SP	Numbers	32	27	DBR[	DBR	DBR				ptca	sg	m	unknown	verb					nnn	nnn	דבר
497840	SP	Numbers	32	29	XLY[	XLWY	XLWY				ptcp	sg	m	unknown	verb					nnnn	nnnn	חלוץ
497865	SP	Numbers	32	30	XLY[	XLWYJM	XLWY				ptcp	pl	m	unknown	verb		JM			nnnnnn	nnnnnn	חלוצים
497898	SP	Numbers	32	32	XLY[	XLWYJM	XLWY				ptcp	pl	m	unknown	verb		JM			nnnnnn	nnnnnn	חלוצים
498002	SP	Numbers	32	38	SBB[	MWSBWT	SB				ptcp	pl	f	unknown	verb		WT			nnnnnn	nnnnnn	מוסבות
498132	SP	Numbers	33	3	RWM[	RMH	RM				ptca	sg	f	unknown	verb		H			nnn	nnn	רמה
498139	SP	Numbers	33	4	QBR[	MQBRJM	QBR				ptca	pl	m	unknown	verb		JM			nnnnnn	nnnnnn	מקברים
498543	SP	Numbers	33	40	JCB[	JCB	JCB				ptca	sg	m	unknown	verb					nnn	nnn	ישב
498669	SP	Numbers	33	51	<BR[	<BRJM	<BR				ptca	pl	m	unknown	verb		JM			nnnnn	nnnnn	עברים
498680	SP	Numbers	33	52	JCB[	JCBJ	JCB				ptca	pl	m	unknown	verb		J			nnnn	nnnn	ישבי
498756	SP	Numbers	33	55	JCB[	JCBJ	JCB				ptca	pl	m	unknown	verb		J			nnnn	nnnn	ישבי
498783	SP	Numbers	33	55	JCB[	JCBJM	JCB				ptca	pl	m	unknown	verb		JM			nnnnn	nnnnn	ישבים
498812	SP	Numbers	34	2	BW>[	B>JM	B>				ptca	pl	m	unknown	verb		JM			nnnn	nnnn	באים
499339	SP	Numbers	35	6	RYX[	RYX	RYX				ptca	sg	m	unknown	verb				H	nnn	nnn	רצח
499409	SP	Numbers	35	10	<BR[	<BRJM	<BR				ptca	pl	m	unknown	verb		JM			nnnnn	nnnnn	עברים
499428	SP	Numbers	35	11	RYX[	RYX	RYX				ptca	sg	m	unknown	verb				H	nnn	nnn	רצח
499429	SP	Numbers	35	11	NKH[	MKH	KH				ptca	sg	m	unknown	verb					nnn	nnn	מכה
499441	SP	Numbers	35	12	G>L[	G>L	G>L				ptca	sg	m	unknown	verb				M	nnn	nnn	גאל
499446	SP	Numbers	35	12	RYX[	RYX	RYX				ptca	sg	m	unknown	verb				H	nnn	nnn	רצח
499509	SP	Numbers	35	15	NKH[	MKH	KH				ptca	sg	m	unknown	verb					nnn	nnn	מכה
499521	SP	Numbers	35	16	RYX[	RYX	RYX				ptca	sg	m	unknown	verb					nnn	nnn	רצח
499526	SP	Numbers	35	16	RYX[	RYX	RYX				ptca	sg	m	unknown	verb				H	nnn	nnn	רצח
499538	SP	Numbers	35	17	RYX[	RYX	RYX				ptca	sg	m	unknown	verb					nnn	nnn	רצח
499543	SP	Numbers	35	17	RYX[	RYX	RYX				ptca	sg	m	unknown	verb				H	nnn	nnn	רצח
499556	SP	Numbers	35	18	RYX[	RYX	RYX				ptca	sg	m	unknown	verb					nnn	nnn	רצח
499561	SP	Numbers	35	18	RYX[	RYX	RYX				ptca	sg	m	unknown	verb				H	nnn	nnn	רצח
499562	SP	Numbers	35	19	G>L[	G>L	G>L				ptca	sg	m	unknown	verb					nnn	nnn	גאל
499569	SP	Numbers	35	19	RYX[	RYX	RYX				ptca	sg	m	unknown	verb				H	nnn	nnn	רצח
499598	SP	Numbers	35	21	NKH[	MKH	KH				ptca	sg	m	unknown	verb				H	nnn	nnn	מכה
499599	SP	Numbers	35	21	RYX[	RYX	RYX				ptca	sg	m	unknown	verb					nnn	nnn	רצח
499601	SP	Numbers	35	21	G>L[	G>L	G>L				ptca	sg	m	unknown	verb					nnn	nnn	גאל
499607	SP	Numbers	35	21	RYX[	RYX	RYX				ptca	sg	m	unknown	verb				H	nnn	nnn	רצח
499645	SP	Numbers	35	23	>JB[	>WJB	>WJB				ptca	sg	m	unknown	verb					nnnn	nnnn	אויב
499649	SP	Numbers	35	23	BQC[	MBQC	BQC				ptca	sg	m	unknown	verb					nnnn	nnnn	מבקש
499657	SP	Numbers	35	24	NKH[	MKH	KH				ptca	sg	m	unknown	verb				H	nnn	nnn	מכה
499660	SP	Numbers	35	24	G>L[	G>L	G>L				ptca	sg	m	unknown	verb					nnn	nnn	גאל
499674	SP	Numbers	35	25	NKH[	MKH	KH				ptca	sg	m	unknown	verb				H	nnn	nnn	מכה
499677	SP	Numbers	35	25	G>L[	G>L	G>L				ptca	sg	m	unknown	verb					nnn	nnn	גאל
499712	SP	Numbers	35	26	RYX[	RYX	RYX				ptca	sg	m	unknown	verb				H	nnn	nnn	רצח
499723	SP	Numbers	35	27	G>L[	G>L	G>L				ptca	sg	m	unknown	verb					nnn	nnn	גאל
499734	SP	Numbers	35	27	G>L[	G>L	G>L				ptca	sg	m	unknown	verb					nnn	nnn	גאל
499739	SP	Numbers	35	27	RYX[	RYX	RYX				ptca	sg	m	unknown	verb				H	nnn	nnn	רצח
499763	SP	Numbers	35	28	RYX[	RYX	RYX				ptca	sg	m	unknown	verb				H	nnn	nnn	רצח
499780	SP	Numbers	35	30	NKH[	MKH	KH				ptca	sg	m	unknown	verb					nnn	nnn	מכה
499788	SP	Numbers	35	30	RYX[	RYX	RYX				ptca	sg	m	unknown	verb				H	nnn	nnn	רצח
499804	SP	Numbers	35	31	RYX[	RYX	RYX				ptca	sg	m	unknown	verb					nnn	nnn	רצח
499842	SP	Numbers	35	33	JCB[	JCBJM	JCB				ptca	pl	m	unknown	verb		JM			nnnnn	nnnnn	ישבים
499866	SP	Numbers	35	33	CPK[	CPKW	CPK				ptca	sg	m	unknown	verb	W				nnnn	nnnn	שפכו
499875	SP	Numbers	35	34	JCB[	JCBJM	JCB				ptca	pl	m	unknown	verb		JM			nnnnn	nnnnn	ישבים
499879	SP	Numbers	35	34	CKN[	CKN	CKN				ptca	sg	m	unknown	verb					nnn	nnn	שכן
499885	SP	Numbers	35	34	CKN[	CKN	CKN				ptca	sg	m	unknown	verb					nnn	nnn	שכן
500025	SP	Numbers	36	5	DBR[	DBRJM	DBR				ptca	pl	m	unknown	verb		JM			nnnnn	nnnnn	דברים
500075	SP	Numbers	36	8	JRC[	JRCT	JRC				ptca	sg	f	unknown	verb		T			nnnn	nnnn	ירשת
500424	SP	Deuteronomy	1	13	BJN[	NBWNJM	BWN				ptca	pl	m	unknown	verb		JM		W	nnnnnn	nnnnnn	נבונים
500426	SP	Deuteronomy	1	13	JD<[	JD<JM	JD<				ptcp	pl	m	unknown	verb		JM		W	nnnnn	nnnnn	ידעים
500453	SP	Deuteronomy	1	15	JD<[	JD<JM	JD<				ptcp	pl	m	unknown	verb		JM		W	nnnnn	nnnnn	ידעים
500470	SP	Deuteronomy	1	15	CVR[	CVRJM	CVR				ptca	pl	m	unknown	verb		JM		W	nnnnn	nnnnn	שטרים
500476	SP	Deuteronomy	1	16	CPV[	CPVJKM	CPV				ptca	pl	m	unknown	verb	KM	J			nnnnnn	nnnnnn	שפטיכם
500555	SP	Deuteronomy	1	19	JR>[	NWR>	WR>				ptca	sg	m	unknown	verb				WH	nnnn	nnnn	נורא
500585	SP	Deuteronomy	1	20	NTN[	NTN	NTN				ptca	sg	m	unknown	verb					nnn	nnn	נתן
500696	SP	Deuteronomy	1	25	NTN[	NTN	NTN				ptca	sg	m	unknown	verb					nnn	nnn	נתן
500734	SP	Deuteronomy	1	28	<LH[	<LJM	<L				ptca	pl	m	unknown	verb		JM			nnnn	nnnn	עלים
500771	SP	Deuteronomy	1	30	HLK[	HLK	HLK				ptca	sg	m	unknown	verb				H	nnn	nnn	הלך
500820	SP	Deuteronomy	1	32	>MN[	M>MNJM	>MN				ptca	pl	m	unknown	verb		JM			nnnnnn	nnnnnn	מאמנים
500825	SP	Deuteronomy	1	33	HLK[	HLK	HLK				ptca	sg	m	unknown	verb				H	nnn	nnn	הלך
500924	SP	Deuteronomy	1	38	<MD[	<MD	<MD				ptca	sg	m	unknown	verb				H	nnn	nnn	עמד
501017	SP	Deuteronomy	1	42	>JB[	>JBJKM	>JB				ptca	pl	m	unknown	verb	KM	J			nnnnnn	nnnnnn	איביכם
501044	SP	Deuteronomy	1	44	JCB[	JCB	JCB				ptca	sg	m	unknown	verb				H	nnn	nnn	ישב
501139	SP	Deuteronomy	2	4	<BR[	<BRJM	<BR				ptca	pl	m	unknown	verb		JM			nnnnn	nnnnn	עברים
501146	SP	Deuteronomy	2	4	JCB[	JCBJM	JCB				ptca	pl	m	unknown	verb		JM		H	nnnnn	nnnnn	ישבים
501276	SP	Deuteronomy	2	8	JCB[	JCBJM	JCB				ptca	pl	m	unknown	verb		JM		H	nnnnn	nnnnn	ישבים
501333	SP	Deuteronomy	2	10	RWM[	RM	RM				ptca	sg	m	unknown	verb				W	nn	nn	רם
501460	SP	Deuteronomy	2	18	<BR[	<BR	<BR				ptca	sg	m	unknown	verb					nnn	nnn	עבר
501515	SP	Deuteronomy	2	21	RWM[	RM	RM				ptca	sg	m	unknown	verb				W	nn	nn	רם
501535	SP	Deuteronomy	2	22	JCB[	JCBJM	JCB				ptca	pl	m	unknown	verb		JM		H	nnnnn	nnnnn	ישבים
501559	SP	Deuteronomy	2	23	JCB[	JCBJM	JCB				ptca	pl	m	unknown	verb		JM		H	nnnnn	nnnnn	ישבים
501566	SP	Deuteronomy	2	23	JY>[	JWY>JM	JWY>				ptca	pl	m	unknown	verb		JM		H	nnnnnn	nnnnnn	יוצאים
501678	SP	Deuteronomy	2	29	JCB[	JCBJM	JCB				ptca	pl	m	unknown	verb		JM		H	nnnnn	nnnnn	ישבים
501685	SP	Deuteronomy	2	29	JCB[	JCBJM	JCB				ptca	pl	m	unknown	verb		JM		H	nnnnn	nnnnn	ישבים
501699	SP	Deuteronomy	2	29	NTN[	NTN	NTN				ptca	sg	m	unknown	verb					nnn	nnn	נתן
502278	SP	Deuteronomy	3	18	XLY[	XLWYJM	XLWY				ptcp	pl	m	unknown	verb		JM			nnnnnn	nnnnnn	חלוצים
502322	SP	Deuteronomy	3	20	NTN[	NTN	NTN				ptca	sg	m	unknown	verb					nnn	nnn	נתן
502348	SP	Deuteronomy	3	21	R>H[	R>WT	R>				ptca	pl	f	unknown	verb		WT		H	nnnn	nnnn	ראות
502368	SP	Deuteronomy	3	21	<BR[	<BR	<BR				ptca	sg	m	unknown	verb					nnn	nnn	עבר
502377	SP	Deuteronomy	3	22	LXM[	NLXM	LXM				ptca	sg	m	unknown	verb				H	nnnn	nnnn	נלחם
502538	SP	Deuteronomy	4	1	LMD[	MLMD	LMD				ptca	sg	m	unknown	verb					nnnn	nnnn	מלמד
502555	SP	Deuteronomy	4	1	NTN[	NTN	NTN				ptca	sg	m	unknown	verb					nnn	nnn	נתן
502564	SP	Deuteronomy	4	2	YWH[	MYWH	YWH				ptca	sg	m	unknown	verb					nnnn	nnnn	מצוה
502580	SP	Deuteronomy	4	2	YWH[	MYWH	YWH				ptca	sg	m	unknown	verb					nnnn	nnnn	מצוה
502584	SP	Deuteronomy	4	3	R>H[	R>WT	R>				ptca	pl	f	unknown	verb		WT		H	nnnn	nnnn	ראות
502635	SP	Deuteronomy	4	5	BW>[	B>JM	B>				ptca	pl	m	unknown	verb		JM			nnnn	nnnn	באים
502666	SP	Deuteronomy	4	6	BJN[	NBWN	BWN				ptca	sg	m	unknown	verb				W	nnnn	nnnn	נבון
502707	SP	Deuteronomy	4	8	NTN[	NTN	NTN				ptca	sg	m	unknown	verb					nnn	nnn	נתן
502793	SP	Deuteronomy	4	11	B<R[	B<R	B<R				ptca	sg	m	unknown	verb					nnn	nnn	בער
502815	SP	Deuteronomy	4	12	CM<[	CM<JM	CM<				ptca	pl	m	unknown	verb		JM			nnnnn	nnnnn	שמעים
502819	SP	Deuteronomy	4	12	R>H[	R>JM	R>				ptca	pl	m	unknown	verb		JM			nnnn	nnnn	ראים
502862	SP	Deuteronomy	4	14	<BR[	<BRJM	<BR				ptca	pl	m	unknown	verb		JM			nnnnn	nnnnn	עברים
502916	SP	Deuteronomy	4	18	RMF[	RMF	RMF				ptca	sg	m	unknown	verb					nnn	nnn	רמש
503019	SP	Deuteronomy	4	21	NTN[	NTN	NTN				ptca	sg	m	unknown	verb					nnn	nnn	נתן
503024	SP	Deuteronomy	4	22	MWT[	MT	MT				ptca	sg	m	unknown	verb					nn	nn	מת
503030	SP	Deuteronomy	4	22	<BR[	<BR	<BR				ptca	sg	m	unknown	verb					nnn	nnn	עבר
503036	SP	Deuteronomy	4	22	<BR[	<BRJM	<BR				ptca	pl	m	unknown	verb		JM			nnnnn	nnnnn	עברים
503071	SP	Deuteronomy	4	24	>KL[	>KLH	>KL				ptca	sg	f	unknown	verb		H			nnnn	nnnn	אכלה
503123	SP	Deuteronomy	4	26	<BR[	<BRJM	<BR				ptca	pl	m	unknown	verb		JM			nnnnn	nnnnn	עברים
503287	SP	Deuteronomy	4	33	DBR[	MDBR	DBR				ptca	sg	m	unknown	verb					nnnn	nnnn	מדבר
503328	SP	Deuteronomy	4	34	NVH[	NVWJH	NVWJ				ptcp	sg	f	unknown	verb		H			nnnnn	nnnnn	נטויה
503460	SP	Deuteronomy	4	40	YWH[	MYWK	YW				ptca	sg	m	unknown	verb	K				nnnn	nnnn	מצוך
503480	SP	Deuteronomy	4	40	NTN[	NTN	NTN				ptca	sg	m	unknown	verb					nnn	nnn	נתן
503501	SP	Deuteronomy	4	42	RYX[	RYX	RYX				ptca	sg	unknown	unknown	verb				H	nnn	nnn	רצח
503512	SP	Deuteronomy	4	42	FN>[	FN>	FN>				ptca	sg	m	unknown	verb					nnn	nnn	שנא
503685	SP	Deuteronomy	5	1	DBR[	DBR	DBR				ptca	sg	m	unknown	verb					nnn	nnn	דבר
503737	SP	Deuteronomy	5	5	<MD[	<MD	<MD				ptca	sg	m	unknown	verb					nnn	nnn	עמד
503821	SP	Deuteronomy	5	9	PQD[	PQD	PQD				ptca	sg	m	unknown	verb					nnn	nnn	פקד
503832	SP	Deuteronomy	5	9	FN>[	FN>J	FN>				ptca	pl	m	unknown	verb		J		L	nnnn	nnnn	שנאי
503834	SP	Deuteronomy	5	10	<FH[	<FH	<FH				ptca	sg	m	unknown	verb				W	nnn	nnn	עשה
503839	SP	Deuteronomy	5	10	>HB[	>HBJ	>HB				ptca	pl	m	unknown	verb		J		L	nnnn	nnnn	אהבי
503842	SP	Deuteronomy	5	10	CMR[	CMRJ	CMR				ptca	pl	m	unknown	verb		J		WL	nnnn	nnnn	שמרי
503940	SP	Deuteronomy	5	15	NVH[	NVWJH	NVWJ				ptcp	sg	f	unknown	verb		H			nnnnn	nnnnn	נטויה
503976	SP	Deuteronomy	5	16	NTN[	NTN	NTN				ptca	sg	m	unknown	verb					nnn	nnn	נתן
504023	SP	Deuteronomy	5	21	BW>[	B>	B>				ptca	sg	unknown	unknown	verb					nn	nn	בא
504064	SP	Deuteronomy	5	21	YWH[	MYWH	YWH				ptca	sg	m	unknown	verb					nnnn	nnnn	מצוה
504127	SP	Deuteronomy	5	21	JCB[	JCB	JCB				ptca	sg	unknown	unknown	verb				H	nnn	nnn	ישב
504186	SP	Deuteronomy	5	23	B<R[	B<R	B<R				ptca	sg	m	unknown	verb					nnn	nnn	בער
504241	SP	Deuteronomy	5	25	JSP[	JSPJM	JSP				ptca	pl	m	unknown	verb		JM			nnnnn	nnnnn	יספים
504261	SP	Deuteronomy	5	26	DBR[	MDBR	DBR				ptca	sg	m	unknown	verb					nnnn	nnnn	מדבר
504380	SP	Deuteronomy	5	31	NTN[	NTN	NTN				ptca	sg	m	unknown	verb					nnn	nnn	נתן
504443	SP	Deuteronomy	6	1	<BR[	<BRJM	<BR				ptca	pl	m	unknown	verb		JM			nnnnn	nnnnn	עברים
504461	SP	Deuteronomy	6	2	YWH[	MYWK	YW				ptca	sg	m	unknown	verb	K				nnnn	nnnn	מצוך
504499	SP	Deuteronomy	6	3	ZWB[	ZBT	ZB				ptca	sg	f	unknown	verb		T			nnn	nnn	זבת
504533	SP	Deuteronomy	6	6	YWH[	MYWK	YW				ptca	sg	m	unknown	verb	K				nnnn	nnnn	מצוך
504609	SP	Deuteronomy	6	11	ML>[	ML>JM	ML>				ptca	pl	m	unknown	verb		JM			nnnnn	nnnnn	מלאים
504616	SP	Deuteronomy	6	11	XYB[	XYWBJM	XYWB				ptcp	pl	m	unknown	verb		JM			nnnnnn	nnnnnn	חצובים
504741	SP	Deuteronomy	6	19	>JB[	>JBJK	>JB				ptca	pl	m	unknown	verb	K	J			nnnnn	nnnnn	איביך
504884	SP	Deuteronomy	7	1	BW>[	B>	B>				ptca	sg	m	unknown	verb					nn	nn	בא
505079	SP	Deuteronomy	7	9	>MN[	N>MN	>MN				ptca	sg	m	unknown	verb				H	nnnn	nnnn	נאמן
505080	SP	Deuteronomy	7	9	CMR[	CMR	CMR				ptca	sg	m	unknown	verb					nnn	nnn	שמר
505087	SP	Deuteronomy	7	9	>HB[	>HBJW	>HB				ptca	pl	m	unknown	verb	W	J		L	nnnnn	nnnnn	אהביו
505090	SP	Deuteronomy	7	9	CMR[	CMRJ	CMR				ptca	pl	m	unknown	verb		J		WL	nnnn	nnnn	שמרי
505096	SP	Deuteronomy	7	10	CLM[	MCLM	CLM				ptca	sg	m	unknown	verb				W	nnnn	nnnn	משלם
505098	SP	Deuteronomy	7	10	FN>[	FN>JW	FN>				ptca	pl	m	unknown	verb	W	J		L	nnnnn	nnnnn	שנאיו
505106	SP	Deuteronomy	7	10	FN>[	FN>JW	FN>				ptca	pl	m	unknown	verb	W	J		L	nnnnn	nnnnn	שנאיו
505125	SP	Deuteronomy	7	11	YWH[	MYWK	YW				ptca	sg	m	unknown	verb	K				nnnn	nnnn	מצוך
505193	SP	Deuteronomy	7	14	BRK[	BRWK	BRWK				ptcp	sg	m	unknown	verb					nnnn	nnnn	ברוך
505229	SP	Deuteronomy	7	15	FN>[	FN>JK	FN>				ptca	pl	m	unknown	verb	K	J			nnnnn	nnnnn	שנאיך
505239	SP	Deuteronomy	7	16	NTN[	NTN	NTN				ptca	sg	m	unknown	verb					nnn	nnn	נתן
505305	SP	Deuteronomy	7	19	NVH[	NVWJH	NVWJ				ptcp	sg	f	unknown	verb		H		H	nnnnn	nnnnn	נטויה
505335	SP	Deuteronomy	7	20	C>R[	NC>RJM	C>R				ptca	pl	m	unknown	verb		JM		H	nnnnnn	nnnnnn	נשארים
505338	SP	Deuteronomy	7	20	STR[	NSTRJM	STR				ptca	pl	m	unknown	verb		JM		WH	nnnnnn	nnnnnn	נסתרים
505353	SP	Deuteronomy	7	21	JR>[	NWR>	WR>				ptca	sg	m	unknown	verb				W	nnnn	nnnn	נורא
505456	SP	Deuteronomy	8	1	YWH[	MYWK	YW				ptca	sg	m	unknown	verb	K				nnnn	nnnn	מצוך
505569	SP	Deuteronomy	8	5	JSR[	MJSRK	JSR				ptca	sg	m	unknown	verb	K				nnnnn	nnnnn	מיסרך
505587	SP	Deuteronomy	8	7	BW>[	MBJ>K	BJ>				ptca	sg	m	unknown	verb	K				nnnnn	nnnnn	מביאך
505598	SP	Deuteronomy	8	7	JY>[	JY>JM	JY>				ptca	pl	m	unknown	verb		JM			nnnnn	nnnnn	יצאים
505672	SP	Deuteronomy	8	11	YWH[	MYWK	YW				ptca	sg	m	unknown	verb	K				nnnn	nnnn	מצוך
505710	SP	Deuteronomy	8	14	JY>[	MWYJ>K	WYJ>				ptca	sg	m	unknown	verb	K			H	nnnnnn	nnnnnn	מוציאך
505718	SP	Deuteronomy	8	15	HLK[	MWLJKK	WLJK				ptca	sg	m	unknown	verb	K			H	nnnnnn	nnnnnn	מוליכך
505725	SP	Deuteronomy	8	15	JR>[	NWR>	WR>				ptca	sg	m	unknown	verb				WH	nnnn	nnnn	נורא
505735	SP	Deuteronomy	8	15	JY>[	MWY>	WY>				ptca	sg	m	unknown	verb				H	nnnn	nnnn	מוצא
505743	SP	Deuteronomy	8	16	>KL[	M>KJLK	>KJL				ptca	sg	m	unknown	verb	K			H	nnnnnn	nnnnnn	מאכילך
505783	SP	Deuteronomy	8	18	NTN[	NTN	NTN				ptca	sg	m	unknown	verb				H	nnn	nnn	נתן
505838	SP	Deuteronomy	8	20	>BD[	M>BD	>BD				ptca	sg	m	unknown	verb					nnnn	nnnn	מאבד
505853	SP	Deuteronomy	9	1	<BR[	<BR	<BR				ptca	sg	m	unknown	verb					nnn	nnn	עבר
505877	SP	Deuteronomy	9	2	RWM[	RM	RM				ptca	sg	m	unknown	verb				W	nn	nn	רם
505901	SP	Deuteronomy	9	3	<BR[	<BR	<BR				ptca	sg	m	unknown	verb				H	nnn	nnn	עבר
505905	SP	Deuteronomy	9	3	>KL[	>KLH	>KL				ptca	sg	f	unknown	verb		H			nnnn	nnnn	אכלה
505955	SP	Deuteronomy	9	4	JRC[	MWRJCM	WRJC				ptca	sg	m	unknown	verb	M				nnnnnn	nnnnnn	מורישם
505966	SP	Deuteronomy	9	5	BW>[	B>	B>				ptca	sg	m	unknown	verb					nn	nn	בא
505979	SP	Deuteronomy	9	5	JRC[	MWRJCM	WRJC				ptca	sg	m	unknown	verb	M				nnnnnn	nnnnnn	מורישם
506007	SP	Deuteronomy	9	6	NTN[	NTN	NTN				ptca	sg	m	unknown	verb					nnn	nnn	נתן
506051	SP	Deuteronomy	9	7	MRH[	MMRJM	MR				ptca	pl	m	unknown	verb		JM			nnnnn	nnnnn	ממרים
506109	SP	Deuteronomy	9	10	KTB[	KTWBJM	KTWB				ptcp	pl	m	unknown	verb		JM			nnnnnn	nnnnnn	כתובים
506226	SP	Deuteronomy	9	15	B<R[	B<R	B<R				ptca	sg	m	unknown	verb					nnn	nnn	בער
506366	SP	Deuteronomy	9	21	VXN[	VXWN	VXWN				ptcp	sg	unknown	unknown	verb					nnnn	nnnn	טחון
506381	SP	Deuteronomy	9	21	JRD[	JWRD	JWRD				ptca	sg	unknown	unknown	verb				H	nnnn	nnnn	יורד
506394	SP	Deuteronomy	9	22	QYP[	MQYPJM	QYP				ptca	pl	m	unknown	verb		JM			nnnnnn	nnnnnn	מקצפים
506431	SP	Deuteronomy	9	24	MRH[	MMRJM	MR				ptca	pl	m	unknown	verb		JM			nnnnn	nnnnn	ממרים
506558	SP	Deuteronomy	9	29	NVH[	NVWJH	NVWJ				ptcp	sg	f	unknown	verb		H		H	nnnnn	nnnnn	נטויה
506867	SP	Deuteronomy	10	12	C>L[	C>L	C>L				ptca	sg	m	unknown	verb					nnn	nnn	שאל
506911	SP	Deuteronomy	10	13	YWH[	MYWK	YW				ptca	sg	m	unknown	verb	K				nnnn	nnnn	מצוך
506985	SP	Deuteronomy	10	17	JR>[	NWR>	WR>				ptca	sg	m	unknown	verb				WH	nnnn	nnnn	נורא
506994	SP	Deuteronomy	10	18	<FH[	<FH	<FH				ptca	sg	m	unknown	verb					nnn	nnn	עשה
507000	SP	Deuteronomy	10	18	>HB[	>HB	>HB				ptca	sg	m	unknown	verb				W	nnn	nnn	אהב
507047	SP	Deuteronomy	10	21	JR>[	NWR>WT	WR>				ptca	pl	f	unknown	verb		WT		H	nnnnnn	nnnnnn	נוראות
507116	SP	Deuteronomy	11	2	NVH[	NVWJH	NVWJ				ptcp	sg	f	unknown	verb		H		H	nnnnn	nnnnn	נטויה
507225	SP	Deuteronomy	11	7	R>H[	R>WT	R>				ptca	pl	f	unknown	verb		WT		H	nnnn	nnnn	ראות
507257	SP	Deuteronomy	11	8	BW>[	B>JM	B>				ptca	pl	m	unknown	verb		JM			nnnn	nnnn	באים
507278	SP	Deuteronomy	11	9	ZWB[	ZBT	ZB				ptca	sg	f	unknown	verb		T			nnn	nnn	זבת
507287	SP	Deuteronomy	11	10	BW>[	B>JM	B>				ptca	pl	m	unknown	verb		JM			nnnn	nnnn	באים
507317	SP	Deuteronomy	11	11	<BR[	<BRJM	<BR				ptca	pl	m	unknown	verb		JM			nnnnn	nnnnn	עברים
507335	SP	Deuteronomy	11	12	DRC[	DRC	DRC				ptca	sg	m	unknown	verb					nnn	nnn	דרש
507360	SP	Deuteronomy	11	13	YWH[	MYWH	YWH				ptca	sg	m	unknown	verb					nnnn	nnnn	מצוה
507450	SP	Deuteronomy	11	17	NTN[	NTN	NTN				ptca	sg	m	unknown	verb					nnn	nnn	נתן
507540	SP	Deuteronomy	11	22	YWH[	MYWH	YWH				ptca	sg	m	unknown	verb					nnnn	nnnn	מצוה
507634	SP	Deuteronomy	11	26	NTN[	NTN	NTN				ptca	sg	m	unknown	verb					nnn	nnn	נתן
507653	SP	Deuteronomy	11	27	YWH[	MYWH	YWH				ptca	sg	m	unknown	verb					nnnn	nnnn	מצוה
507674	SP	Deuteronomy	11	28	YWH[	MYWH	YWH				ptca	sg	m	unknown	verb					nnnn	nnnn	מצוה
507697	SP	Deuteronomy	11	29	BW>[	B>	B>				ptca	sg	m	unknown	verb					nn	nn	בא
507732	SP	Deuteronomy	11	30	JCB[	JCB	JCB				ptca	sg	m	unknown	verb				H	nnn	nnn	ישב
507745	SP	Deuteronomy	11	31	<BR[	<BRJM	<BR				ptca	pl	m	unknown	verb		JM			nnnnn	nnnnn	עברים
507759	SP	Deuteronomy	11	31	NTN[	NTN	NTN				ptca	sg	m	unknown	verb					nnn	nnn	נתן
507782	SP	Deuteronomy	11	32	NTN[	NTN	NTN				ptca	sg	m	unknown	verb					nnn	nnn	נתן
507829	SP	Deuteronomy	12	2	JRC[	JRCJM	JRC				ptca	pl	m	unknown	verb		JM			nnnnn	nnnnn	ירשים
507837	SP	Deuteronomy	12	2	RWM[	RMJM	RM				ptca	pl	m	unknown	verb		JM		H	nnnn	nnnn	רמים
507949	SP	Deuteronomy	12	8	<FH[	<FJM	<F				ptca	pl	m	unknown	verb		JM			nnnn	nnnn	עשים
507974	SP	Deuteronomy	12	9	NTN[	NTN	NTN				ptca	sg	m	unknown	verb					nnn	nnn	נתן
507988	SP	Deuteronomy	12	10	NXL[	MNXJL	NXJL				ptca	sg	m	unknown	verb					nnnnn	nnnnn	מנחיל
507995	SP	Deuteronomy	12	10	>JB[	>JBJKM	>JB				ptca	pl	m	unknown	verb	KM	J			nnnnnn	nnnnnn	איביכם
508021	SP	Deuteronomy	12	11	YWH[	MYWH	YWH				ptca	sg	m	unknown	verb					nnnn	nnnn	מצוה
508098	SP	Deuteronomy	12	14	YWH[	MYWK	YW				ptca	sg	m	unknown	verb	K				nnnn	nnnn	מצוך
508396	SP	Deuteronomy	12	28	YWH[	MYWK	YW				ptca	sg	m	unknown	verb	K				nnnn	nnnn	מצוך
508428	SP	Deuteronomy	12	29	BW>[	B>	B>				ptca	sg	m	unknown	verb					nn	nn	בא
508505	SP	Deuteronomy	13	1	YWH[	MYWK	YW				ptca	sg	m	unknown	verb	K				nnnn	nnnn	מצוך
508525	SP	Deuteronomy	13	2	XLM[	XLM	XLM				ptca	sg	m	unknown	verb					nnn	nnn	חלם
508571	SP	Deuteronomy	13	4	NSH[	MNSH	NSH				ptca	sg	m	unknown	verb					nnnn	nnnn	מנסה
508579	SP	Deuteronomy	13	4	>HB[	>HBJM	>HB				ptca	pl	m	unknown	verb		JM			nnnnn	nnnnn	אהבים
508618	SP	Deuteronomy	13	6	XLM[	XLM	XLM				ptca	sg	m	unknown	verb				H	nnn	nnn	חלם
508631	SP	Deuteronomy	13	6	JY>[	MWYJ>K	WYJ>				ptca	sg	m	unknown	verb	K			H	nnnnnn	nnnnnn	מוציאך
508637	SP	Deuteronomy	13	6	PDH[	PDK	PD				ptca	sg	m	unknown	verb	K			WH	nnn	nnn	פדך
508767	SP	Deuteronomy	13	11	JY>[	MWYJ>K	WYJ>				ptca	sg	m	unknown	verb	K			H	nnnnnn	nnnnnn	מוציאך
508802	SP	Deuteronomy	13	13	NTN[	NTN	NTN				ptca	sg	m	unknown	verb					nnn	nnn	נתן
508818	SP	Deuteronomy	13	14	JCB[	JCBJ	JCB				ptca	pl	m	unknown	verb		J			nnnn	nnnn	ישבי
508840	SP	Deuteronomy	13	15	KWN[	NKWN	KWN				ptca	sg	m	unknown	verb					nnnn	nnnn	נכון
508853	SP	Deuteronomy	13	16	JCB[	JCBJ	JCB				ptca	pl	m	unknown	verb		J			nnnn	nnnn	ישבי
508945	SP	Deuteronomy	13	19	YWH[	MYWK	YW				ptca	sg	m	unknown	verb	K				nnnn	nnnn	מצוך
508973	SP	Deuteronomy	14	1	MWT[	MT	MT				ptca	sg	m	unknown	verb				L	nn	nn	מת
509033	SP	Deuteronomy	14	6	PRS[	MPRJST	PRJS				ptca	sg	f	unknown	verb		T			nnnnnn	nnnnnn	מפריסת
509036	SP	Deuteronomy	14	6	CS<[	CS<T	CS<				ptca	sg	f	unknown	verb		T		W	nnnn	nnnn	שסעת
509040	SP	Deuteronomy	14	6	<LH[	M<LWT	<L				ptca	pl	f	unknown	verb		WT			nnnnn	nnnnn	מעלות
509052	SP	Deuteronomy	14	7	<LH[	M<LJ	<L				ptca	pl	m	unknown	verb		J		M	nnnn	nnnn	מעלי
509057	SP	Deuteronomy	14	7	PRS[	MPRSJ	PRS				ptca	pl	m	unknown	verb		J		WM	nnnnn	nnnnn	מפרסי
509072	SP	Deuteronomy	14	7	<LH[	M<LH	<LH				ptca	sg	m	unknown	verb					nnnn	nnnn	מעלה
509087	SP	Deuteronomy	14	8	PRS[	MPRJS	PRJS				ptca	sg	m	unknown	verb					nnnnn	nnnnn	מפריס
509286	SP	Deuteronomy	14	22	JY>[	JWY>	JWY>				ptca	sg	unknown	unknown	verb					nnnn	nnnn	יוצא
509542	SP	Deuteronomy	15	4	NTN[	NTN	NTN				ptca	sg	m	unknown	verb					nnn	nnn	נתן
509567	SP	Deuteronomy	15	5	YWH[	MYWK	YW				ptca	sg	m	unknown	verb	K				nnnn	nnnn	מצוך
509610	SP	Deuteronomy	15	7	NTN[	NTN	NTN				ptca	sg	m	unknown	verb					nnn	nnn	נתן
509715	SP	Deuteronomy	15	11	YWH[	MYWK	YW				ptca	sg	m	unknown	verb	K				nnnn	nnnn	מצוך
509794	SP	Deuteronomy	15	15	YWH[	MYWK	YW				ptca	sg	m	unknown	verb	K				nnnn	nnnn	מצוך
510066	SP	Deuteronomy	16	5	NTN[	NTN	NTN				ptca	sg	m	unknown	verb					nnn	nnn	נתן
510341	SP	Deuteronomy	16	18	CPV[	CPVJM	CPV				ptca	pl	m	unknown	verb		JM			nnnnn	nnnnn	שפטים
510343	SP	Deuteronomy	16	18	CVR[	CVRJM	CVR				ptca	pl	m	unknown	verb		JM		W	nnnnn	nnnnn	שטרים
510352	SP	Deuteronomy	16	18	NTN[	NTN	NTN				ptca	sg	m	unknown	verb					nnn	nnn	נתן
510397	SP	Deuteronomy	16	20	NTN[	NTN	NTN				ptca	sg	m	unknown	verb					nnn	nnn	נתן
510451	SP	Deuteronomy	17	2	NTN[	NTN	NTN				ptca	sg	m	unknown	verb					nnn	nnn	נתן
510503	SP	Deuteronomy	17	4	KWN[	NKWN	KWN				ptca	sg	m	unknown	verb					nnnn	nnnn	נכון
510561	SP	Deuteronomy	17	6	MWT[	MT	MT				ptca	sg	m	unknown	verb				H	nn	nn	מת
510635	SP	Deuteronomy	17	9	CPV[	CWPV	CWPV				ptca	sg	unknown	unknown	verb				H	nnnn	nnnn	שופט
510718	SP	Deuteronomy	17	12	<MD[	<MD	<MD				ptca	sg	m	unknown	verb				H	nnn	nnn	עמד
510728	SP	Deuteronomy	17	12	CPV[	CWPV	CWPV				ptca	sg	unknown	unknown	verb				H	nnnn	nnnn	שופט
510760	SP	Deuteronomy	17	14	NTN[	NTN	NTN				ptca	sg	m	unknown	verb					nnn	nnn	נתן
510982	SP	Deuteronomy	18	3	ZBX[	ZBXJ	ZBX				ptca	pl	m	unknown	verb		J			nnnn	nnnn	זבחי
511052	SP	Deuteronomy	18	6	GWR[	GR	GR				ptca	sg	m	unknown	verb					nn	nn	גר
511078	SP	Deuteronomy	18	7	<MD[	<MDJM	<MD				ptca	pl	m	unknown	verb		JM		H	nnnnn	nnnnn	עמדים
511096	SP	Deuteronomy	18	9	BW>[	B>	B>				ptca	sg	m	unknown	verb					nn	nn	בא
511103	SP	Deuteronomy	18	9	NTN[	NTN	NTN				ptca	sg	m	unknown	verb					nnn	nnn	נתן
511118	SP	Deuteronomy	18	10	<BR[	M<BJR	<BJR				ptca	sg	m	unknown	verb					nnnnn	nnnnn	מעביר
511124	SP	Deuteronomy	18	10	QSM[	QSM	QSM				ptca	sg	m	unknown	verb					nnn	nnn	קסם
511128	SP	Deuteronomy	18	10	NXC[	MNXC	NXC				ptca	sg	m	unknown	verb					nnnn	nnnn	מנחש
511129	SP	Deuteronomy	18	10	KCP[	MKCP	KCP				ptca	sg	m	unknown	verb					nnnn	nnnn	מכשף
511130	SP	Deuteronomy	18	11	XBR[	XBR	XBR				ptca	sg	m	unknown	verb					nnn	nnn	חבר
511132	SP	Deuteronomy	18	11	C>L[	C>L	C>L				ptca	sg	m	unknown	verb					nnn	nnn	שאל
511137	SP	Deuteronomy	18	11	DRC[	DRC	DRC				ptca	sg	m	unknown	verb				W	nnn	nnn	דרש
511140	SP	Deuteronomy	18	11	MWT[	MTJM	MT				ptca	pl	m	unknown	verb		JM		H	nnnn	nnnn	מתים
511146	SP	Deuteronomy	18	12	<FH[	<FH	<FH				ptca	sg	m	unknown	verb					nnn	nnn	עשה
511157	SP	Deuteronomy	18	12	JRC[	MWRJCM	WRJC				ptca	sg	m	unknown	verb	M				nnnnnn	nnnnnn	מורישם
511172	SP	Deuteronomy	18	14	JRC[	JRCJM	JRC				ptca	pl	m	unknown	verb		JM			nnnnn	nnnnn	ירשים
511176	SP	Deuteronomy	18	14	<NN[	M<NNJM	<NN				ptca	pl	m	unknown	verb		JM		H	nnnnnn	nnnnnn	מעננים
511180	SP	Deuteronomy	18	14	QSM[	QSMJM	QSM				ptca	pl	m	unknown	verb		JM		H	nnnnn	nnnnn	קסמים
511363	SP	Deuteronomy	19	1	NTN[	NTN	NTN				ptca	sg	m	unknown	verb					nnn	nnn	נתן
511386	SP	Deuteronomy	19	2	NTN[	NTN	NTN				ptca	sg	m	unknown	verb					nnn	nnn	נתן
511409	SP	Deuteronomy	19	3	RYX[	RYX	RYX				ptca	sg	m	unknown	verb					nnn	nnn	רצח
511414	SP	Deuteronomy	19	4	RYX[	RYX	RYX				ptca	sg	m	unknown	verb				H	nnn	nnn	רצח
511430	SP	Deuteronomy	19	4	FN>[	FN>	FN>				ptca	sg	m	unknown	verb					nnn	nnn	שנא
511480	SP	Deuteronomy	19	6	G>L[	G>L	G>L				ptca	sg	m	unknown	verb					nnn	nnn	גאל
511485	SP	Deuteronomy	19	6	RYX[	RYX	RYX				ptca	sg	m	unknown	verb				H	nnn	nnn	רצח
511505	SP	Deuteronomy	19	6	FN>[	FN>	FN>				ptca	sg	m	unknown	verb					nnn	nnn	שנא
511514	SP	Deuteronomy	19	7	YWH[	MYWK	YW				ptca	sg	m	unknown	verb	K				nnnn	nnnn	מצוך
511558	SP	Deuteronomy	19	9	YWH[	MYWK	YW				ptca	sg	m	unknown	verb	K				nnnn	nnnn	מצוך
511595	SP	Deuteronomy	19	10	NTN[	NTN	NTN				ptca	sg	m	unknown	verb					nnn	nnn	נתן
511605	SP	Deuteronomy	19	11	FN>[	FN>	FN>				ptca	sg	m	unknown	verb					nnn	nnn	שנא
511642	SP	Deuteronomy	19	12	G>L[	G>L	G>L				ptca	sg	m	unknown	verb					nnn	nnn	גאל
511678	SP	Deuteronomy	19	14	NTN[	NTN	NTN				ptca	sg	m	unknown	verb					nnn	nnn	נתן
511740	SP	Deuteronomy	19	17	CPV[	CPVJM	CPV				ptca	pl	m	unknown	verb		JM		WH	nnnnn	nnnnn	שפטים
511750	SP	Deuteronomy	19	18	CPV[	CPVJM	CPV				ptca	pl	m	unknown	verb		JM		H	nnnnn	nnnnn	שפטים
511781	SP	Deuteronomy	19	20	C>R[	NC>RJM	C>R				ptca	pl	m	unknown	verb		JM		WH	nnnnnn	nnnnnn	נשארים
511822	SP	Deuteronomy	20	1	>JB[	>JBJK	>JB				ptca	pl	m	unknown	verb	K	J			nnnnn	nnnnn	איביך
511840	SP	Deuteronomy	20	1	<LH[	M<LK	<L				ptca	sg	m	unknown	verb	K			H	nnnn	nnnn	מעלך
511872	SP	Deuteronomy	20	3	>JB[	>JBJKM	>JB				ptca	pl	m	unknown	verb	KM	J			nnnnnn	nnnnnn	איביכם
511890	SP	Deuteronomy	20	4	HLK[	HLK	HLK				ptca	sg	m	unknown	verb				H	nnn	nnn	הלך
511896	SP	Deuteronomy	20	4	>JB[	>JBJKM	>JB				ptca	pl	m	unknown	verb	KM	J			nnnnnn	nnnnnn	איביכם
511904	SP	Deuteronomy	20	5	CVR[	CVRJM	CVR				ptca	pl	m	unknown	verb		JM		H	nnnnn	nnnnn	שטרים
511982	SP	Deuteronomy	20	8	CVR[	CVRJM	CVR				ptca	pl	m	unknown	verb		JM		H	nnnnn	nnnnn	שטרים
512017	SP	Deuteronomy	20	9	CVR[	CVRJM	CVR				ptca	pl	m	unknown	verb		JM		H	nnnnn	nnnnn	שטרים
512057	SP	Deuteronomy	20	11	MY>[	NMY>	MY>				ptca	sg	m	unknown	verb				H	nnnn	nnnn	נמצא
512114	SP	Deuteronomy	20	14	>JB[	>JBJK	>JB				ptca	pl	m	unknown	verb	K	J			nnnnn	nnnnn	איביך
512149	SP	Deuteronomy	20	16	NTN[	NTN	NTN				ptca	sg	m	unknown	verb					nnn	nnn	נתן
512275	SP	Deuteronomy	21	1	NTN[	NTN	NTN				ptca	sg	m	unknown	verb					nnn	nnn	נתן
512279	SP	Deuteronomy	21	1	NPL[	NPL	NPL				ptca	sg	m	unknown	verb					nnn	nnn	נפל
512290	SP	Deuteronomy	21	2	CVR[	CVRJK	CVR				ptca	pl	m	unknown	verb	K	J		W	nnnnn	nnnnn	שטריך
512401	SP	Deuteronomy	21	6	<RP=[	<RWPH	<RWP				ptcp	sg	f	unknown	verb		H		H	nnnnn	nnnnn	ערופה
512462	SP	Deuteronomy	21	10	>JB[	>JBJK	>JB				ptca	pl	m	unknown	verb	K	J			nnnnn	nnnnn	איביך
512561	SP	Deuteronomy	21	15	>HB[	>HWBH	>HWB				ptcp	sg	f	unknown	verb		H			nnnnn	nnnnn	אהובה
512564	SP	Deuteronomy	21	15	FN>[	FNW>H	FNW>				ptcp	sg	f	unknown	verb		H			nnnnn	nnnnn	שנואה
512570	SP	Deuteronomy	21	15	>HB[	>HWBH	>HWB				ptcp	sg	f	unknown	verb		H		H	nnnnn	nnnnn	אהובה
512573	SP	Deuteronomy	21	15	FN>[	FNW>H	FNW>				ptcp	sg	f	unknown	verb		H		WH	nnnnn	nnnnn	שנואה
512581	SP	Deuteronomy	21	15	FN>[	FNW>H	FNW>				ptcp	sg	f	unknown	verb		H		L	nnnnn	nnnnn	שנואה
512600	SP	Deuteronomy	21	16	>HB[	>HWBH	>HWB				ptcp	sg	f	unknown	verb		H		H	nnnnn	nnnnn	אהובה
512605	SP	Deuteronomy	21	16	FN>[	FNW>H	FNW>				ptcp	sg	f	unknown	verb		H		H	nnnnn	nnnnn	שנואה
512614	SP	Deuteronomy	21	17	FN>[	FNW>H	FNW>				ptcp	sg	f	unknown	verb		H		H	nnnnn	nnnnn	שנואה
512640	SP	Deuteronomy	21	18	SRR[	SWRR	SWRR				ptca	sg	m	unknown	verb					nnnn	nnnn	סורר
512642	SP	Deuteronomy	21	18	MRH[	MWRH	MWRH				ptca	sg	m	unknown	verb				W	nnnn	nnnn	מורה
512644	SP	Deuteronomy	21	18	CM<[	CM<	CM<				ptca	sg	m	unknown	verb					nnn	nnn	שמע
512681	SP	Deuteronomy	21	20	SRR[	SWRR	SWRR				ptca	sg	m	unknown	verb					nnnn	nnnn	סורר
512683	SP	Deuteronomy	21	20	MRH[	MWRH	MWRH				ptca	sg	unknown	unknown	verb				W	nnnn	nnnn	מורה
512685	SP	Deuteronomy	21	20	CM<[	CM<	CM<				ptca	sg	m	unknown	verb					nnn	nnn	שמע
512688	SP	Deuteronomy	21	20	ZLL[	ZWLL	ZWLL				ptca	sg	m	unknown	verb					nnnn	nnnn	זולל
512690	SP	Deuteronomy	21	20	SBH[	SWBH	SWBH				ptca	sg	unknown	unknown	verb				W	nnnn	nnnn	סובה
512743	SP	Deuteronomy	21	23	TLH[	TL>WJ	TL>WJ				ptcp	sg	m	unknown	verb					nnnnn	nnnnn	תלאוי
512752	SP	Deuteronomy	21	23	NTN[	NTN	NTN				ptca	sg	m	unknown	verb					nnn	nnn	נתן
512767	SP	Deuteronomy	22	1	NDX[	NDXJM	DX				ptca	pl	m	unknown	verb		JM			nnnnn	nnnnn	נדחים
512838	SP	Deuteronomy	22	4	NPL[	NPLJM	NPL				ptca	pl	m	unknown	verb		JM			nnnnn	nnnnn	נפלים
512864	SP	Deuteronomy	22	5	<FH[	<FH	<FH				ptca	sg	m	unknown	verb					nnn	nnn	עשה
512887	SP	Deuteronomy	22	6	RBY[	RBYT	RBY				ptca	sg	f	unknown	verb		T			nnnn	nnnn	רבצת
512937	SP	Deuteronomy	22	8	NPL[	NPL	NPL				ptca	sg	m	unknown	verb				H	nnn	nnn	נפל
513170	SP	Deuteronomy	22	22	CKB[	CKB	CKB				ptca	sg	m	unknown	verb					nnn	nnn	שכב
513173	SP	Deuteronomy	22	22	B<L[	B<JLT	B<JL				ptcp	sg	f	unknown	verb		T			nnnnn	nnnnn	בעילת
513182	SP	Deuteronomy	22	22	CKB[	CKB	CKB				ptca	sg	m	unknown	verb				H	nnn	nnn	שכב
513199	SP	Deuteronomy	22	23	>RF[	M>RFH	>RF				ptcp	sg	f	unknown	verb		H			nnnnn	nnnnn	מארשה
513265	SP	Deuteronomy	22	25	>RF[	M>RFH	>RF				ptcp	sg	f	unknown	verb		H		H	nnnnn	nnnnn	מארשה
513317	SP	Deuteronomy	22	27	>RF[	M>RFH	>RF				ptcp	sg	f	unknown	verb		H		H	nnnnn	nnnnn	מארשה
513320	SP	Deuteronomy	22	27	JC<[	MWCJ<	WCJ<				ptca	sg	m	unknown	verb					nnnnn	nnnnn	מושיע
513342	SP	Deuteronomy	22	29	CKB[	CKB	CKB				ptca	sg	m	unknown	verb				H	nnn	nnn	שכב
513379	SP	Deuteronomy	23	2	KRT[	KRWT	KRWT				ptcp	sg	m	unknown	verb				W	nnnn	nnnn	כרות
513510	SP	Deuteronomy	23	10	>JB[	>JBJK	>JB				ptca	pl	m	unknown	verb	K	J			nnnnn	nnnnn	איביך
513594	SP	Deuteronomy	23	15	HLK[	MTHLK	HLK				ptca	sg	m	unknown	verb					nnnnn	nnnnn	מתהלך
513603	SP	Deuteronomy	23	15	>JB[	>JBJK	>JB				ptca	pl	m	unknown	verb	K	J			nnnnn	nnnnn	איביך
513663	SP	Deuteronomy	23	19	ZNH[	ZWNH	ZWN				ptca	sg	f	unknown	verb		H			nnnn	nnnn	זונה
513713	SP	Deuteronomy	23	21	BW>[	B>	B>				ptca	sg	m	unknown	verb					nn	nn	בא
513905	SP	Deuteronomy	24	4	NTN[	NTN	NTN				ptca	sg	m	unknown	verb					nnn	nnn	נתן
513944	SP	Deuteronomy	24	6	XBL[	XBL	XBL				ptca	sg	m	unknown	verb					nnn	nnn	חבל
513948	SP	Deuteronomy	24	7	GNB[	GNB	GNB				ptca	sg	m	unknown	verb					nnn	nnn	גנב
514034	SP	Deuteronomy	24	11	NC>[	NC>	NC>				ptca	sg	unknown	unknown	verb					nnn	nnn	נשא
514109	SP	Deuteronomy	24	15	NF>[	NF>	NF>				ptca	sg	m	unknown	verb					nnn	nnn	נשא
514162	SP	Deuteronomy	24	18	YWH[	MYWK	YW				ptca	sg	m	unknown	verb	K				nnnn	nnnn	מצוך
514239	SP	Deuteronomy	24	22	YWH[	MYWK	YW				ptca	sg	m	unknown	verb	K				nnnn	nnnn	מצוך
514277	SP	Deuteronomy	25	2	CPV[	CWPV	CWPV				ptca	sg	unknown	unknown	verb				H	nnnn	nnnn	שופט
514325	SP	Deuteronomy	25	5	MWT[	MT	MT				ptca	sg	m	unknown	verb				H	nn	nn	מת
514354	SP	Deuteronomy	25	6	MWT[	MT	MT				ptca	sg	m	unknown	verb				H	nn	nn	מת
514447	SP	Deuteronomy	25	10	XLY[	XLWY	XLWY				ptcp	sg	m	unknown	verb					nnnn	nnnn	חלוץ
514467	SP	Deuteronomy	25	11	NKH[	MKHW	K				ptca	sg	m	unknown	verb	HW				nnnn	nnnn	מכהו
514526	SP	Deuteronomy	25	15	NTN[	NTN	NTN				ptca	sg	m	unknown	verb					nnn	nnn	נתן
514533	SP	Deuteronomy	25	16	<FH[	<FH	<FH				ptca	sg	m	unknown	verb					nnn	nnn	עשה
514536	SP	Deuteronomy	25	16	<FH[	<FH	<FH				ptca	sg	m	unknown	verb					nnn	nnn	עשה
514559	SP	Deuteronomy	25	18	XCL[	NCLJM	CL				ptca	pl	m	unknown	verb		JM		H	nnnnn	nnnnn	נשלים
514579	SP	Deuteronomy	25	19	>JB[	>JBJK	>JB				ptca	pl	m	unknown	verb	K	J			nnnnn	nnnnn	איביך
514587	SP	Deuteronomy	25	19	NTN[	NTN	NTN				ptca	sg	m	unknown	verb					nnn	nnn	נתן
514612	SP	Deuteronomy	26	1	NTN[	NTN	NTN				ptca	sg	m	unknown	verb					nnn	nnn	נתן
514634	SP	Deuteronomy	26	2	NTN[	NTN	NTN				ptca	sg	m	unknown	verb					nnn	nnn	נתן
514711	SP	Deuteronomy	26	5	>BD[	>BD	>BD				ptca	sg	m	unknown	verb					nnn	nnn	אבד
514776	SP	Deuteronomy	26	8	NVH[	NVWJH	NVWJ				ptcp	sg	f	unknown	verb		H			nnnnn	nnnnn	נטויה
514803	SP	Deuteronomy	26	9	ZWB[	ZBT	ZB				ptca	sg	f	unknown	verb		T			nnn	nnn	זבת
514940	SP	Deuteronomy	26	14	MWT[	MT	MT				ptca	sg	m	unknown	verb				L	nn	nn	מת
514977	SP	Deuteronomy	26	15	ZWB[	ZBT	ZB				ptca	sg	f	unknown	verb		T			nnn	nnn	זבת
514987	SP	Deuteronomy	26	16	YWH[	MYWK	YW				ptca	sg	m	unknown	verb	K				nnnn	nnnn	מצוך
515104	SP	Deuteronomy	27	1	YWH[	MYWH	YWH				ptca	sg	m	unknown	verb					nnnn	nnnn	מצוה
515123	SP	Deuteronomy	27	2	NTN[	NTN	NTN				ptca	sg	m	unknown	verb					nnn	nnn	נתן
515156	SP	Deuteronomy	27	3	NTN[	NTN	NTN				ptca	sg	m	unknown	verb					nnn	nnn	נתן
515159	SP	Deuteronomy	27	3	ZWB[	ZBT	ZB				ptca	sg	f	unknown	verb		T			nnn	nnn	זבת
515185	SP	Deuteronomy	27	4	YWH[	MYWH	YWH				ptca	sg	m	unknown	verb					nnnn	nnnn	מצוה
515292	SP	Deuteronomy	27	10	YWH[	MYWK	YW				ptca	sg	m	unknown	verb	K				nnnn	nnnn	מצוך
515358	SP	Deuteronomy	27	14	RWM[	RM	RM				ptca	sg	m	unknown	verb					nn	nn	רם
515359	SP	Deuteronomy	27	15	>RR[	>RWR	>RWR				ptcp	sg	m	unknown	verb					nnnn	nnnn	ארור
515384	SP	Deuteronomy	27	16	>RR[	>RWR	>RWR				ptcp	sg	m	unknown	verb					nnnn	nnnn	ארור
515385	SP	Deuteronomy	27	16	QLH=[	MQLH	QLH				ptca	sg	m	unknown	verb					nnnn	nnnn	מקלה
515395	SP	Deuteronomy	27	17	>RR[	>RWR	>RWR				ptcp	sg	m	unknown	verb					nnnn	nnnn	ארור
515396	SP	Deuteronomy	27	17	SWG[	MSJG	SJG				ptca	sg	m	unknown	verb					nnnn	nnnn	מסיג
515405	SP	Deuteronomy	27	18	>RR[	>RWR	>RWR				ptcp	sg	m	unknown	verb					nnnn	nnnn	ארור
515406	SP	Deuteronomy	27	18	CGH[	MCGH	CGH				ptca	sg	m	unknown	verb					nnnn	nnnn	משגה
515416	SP	Deuteronomy	27	19	>RR[	>RWR	>RWR				ptcp	sg	m	unknown	verb					nnnn	nnnn	ארור
515417	SP	Deuteronomy	27	19	NVH[	MVH	VH				ptca	sg	m	unknown	verb					nnn	nnn	מטה
515429	SP	Deuteronomy	27	20	>RR[	>RWR	>RWR				ptcp	sg	m	unknown	verb					nnnn	nnnn	ארור
515430	SP	Deuteronomy	27	20	CKB[	CKB	CKB				ptca	sg	m	unknown	verb					nnn	nnn	שכב
515444	SP	Deuteronomy	27	21	>RR[	>RWR	>RWR				ptcp	sg	m	unknown	verb					nnnn	nnnn	ארור
515445	SP	Deuteronomy	27	21	CKB[	CKB	CKB				ptca	sg	m	unknown	verb					nnn	nnn	שכב
515455	SP	Deuteronomy	27	22	>RR[	>RWR	>RWR				ptcp	sg	m	unknown	verb					nnnn	nnnn	ארור
515456	SP	Deuteronomy	27	22	CKB[	CKB	CKB				ptca	sg	m	unknown	verb					nnn	nnn	שכב
515470	SP	Deuteronomy	27	23	>RR[	>RWR	>RWR				ptcp	sg	m	unknown	verb					nnnn	nnnn	ארור
515471	SP	Deuteronomy	27	23	CKB[	CKB	CKB				ptca	sg	m	unknown	verb					nnn	nnn	שכב
515473	SP	Deuteronomy	27	23	XTN[	XTNTW	XTN				ptca	sg	f	unknown	verb	W	T			nnnnn	nnnnn	חתנתו
515480	SP	Deuteronomy	27	24	>RR[	>RWR	>RWR				ptcp	sg	m	unknown	verb					nnnn	nnnn	ארור
515481	SP	Deuteronomy	27	24	NKH[	MKH	KH				ptca	sg	m	unknown	verb					nnn	nnn	מכה
515491	SP	Deuteronomy	27	25	>RR[	>RWR	>RWR				ptcp	sg	m	unknown	verb					nnnn	nnnn	ארור
515492	SP	Deuteronomy	27	25	LQX[	LQX	LQX				ptca	sg	m	unknown	verb					nnn	nnn	לקח
515505	SP	Deuteronomy	27	26	>RR[	>RWR	>RWR				ptcp	sg	m	unknown	verb					nnnn	nnnn	ארור
515542	SP	Deuteronomy	28	1	YWH[	MYWK	YW				ptca	sg	m	unknown	verb	K				nnnn	nnnn	מצוך
515571	SP	Deuteronomy	28	3	BRK[	BRWK	BRWK				ptcp	sg	m	unknown	verb					nnnn	nnnn	ברוך
515576	SP	Deuteronomy	28	3	BRK[	BRWK	BRWK				ptcp	sg	m	unknown	verb				W	nnnn	nnnn	ברוך
515580	SP	Deuteronomy	28	4	BRK[	BRWK	BRWK				ptcp	sg	m	unknown	verb					nnnn	nnnn	ברוך
515594	SP	Deuteronomy	28	5	BRK[	BRWK	BRWK				ptcp	sg	m	unknown	verb					nnnn	nnnn	ברוך
515598	SP	Deuteronomy	28	6	BRK[	BRWK	BRWK				ptcp	sg	m	unknown	verb					nnnn	nnnn	ברוך
515603	SP	Deuteronomy	28	6	BRK[	BRWK	BRWK				ptcp	sg	m	unknown	verb				W	nnnn	nnnn	ברוך
515610	SP	Deuteronomy	28	7	>JB[	>JBJK	>JB				ptca	pl	m	unknown	verb	K	J			nnnnn	nnnnn	איביך
515612	SP	Deuteronomy	28	7	QWM[	QMJM	QM				ptca	pl	m	unknown	verb		JM		H	nnnn	nnnn	קמים
515614	SP	Deuteronomy	28	7	NGP[	NGPJM	GP				ptca	pl	m	unknown	verb		JM			nnnnn	nnnnn	נגפים
515649	SP	Deuteronomy	28	8	NTN[	NTN	NTN				ptca	sg	m	unknown	verb					nnn	nnn	נתן
515770	SP	Deuteronomy	28	13	YWH[	MYWK	YW				ptca	sg	m	unknown	verb	K				nnnn	nnnn	מצוך
515787	SP	Deuteronomy	28	14	YWH[	MYWK	YW				ptca	sg	m	unknown	verb	K				nnnn	nnnn	מצוך
515816	SP	Deuteronomy	28	15	YWH[	MYWK	YW				ptca	sg	m	unknown	verb	K				nnnn	nnnn	מצוך
515829	SP	Deuteronomy	28	16	>RR[	>RWR	>RWR				ptcp	sg	m	unknown	verb					nnnn	nnnn	ארור
515834	SP	Deuteronomy	28	16	>RR[	>RWR	>RWR				ptcp	sg	m	unknown	verb				W	nnnn	nnnn	ארור
515838	SP	Deuteronomy	28	17	>RR[	>RWR	>RWR				ptcp	sg	m	unknown	verb					nnnn	nnnn	ארור
515842	SP	Deuteronomy	28	18	>RR[	>RWR	>RWR				ptcp	sg	m	unknown	verb					nnnn	nnnn	ארור
515856	SP	Deuteronomy	28	19	>RR[	>RWR	>RWR				ptcp	sg	m	unknown	verb					nnnn	nnnn	ארור
515861	SP	Deuteronomy	28	19	>RR[	>RWR	>RWR				ptcp	sg	m	unknown	verb				W	nnnn	nnnn	ארור
515912	SP	Deuteronomy	28	21	BW>[	B>	B>				ptca	sg	m	unknown	verb					nn	nn	בא
515971	SP	Deuteronomy	28	25	NGP[	NGP	GP				ptca	sg	m	unknown	verb					nnn	nnn	נגף
515974	SP	Deuteronomy	28	25	>JB[	>JBJK	>JB				ptca	pl	m	unknown	verb	K	J			nnnnn	nnnnn	איביך
516012	SP	Deuteronomy	28	26	XRD[	MXRJD	XRJD				ptca	sg	m	unknown	verb					nnnnn	nnnnn	מחריד
516045	SP	Deuteronomy	28	29	MCC[	MMCC	MCC				ptca	sg	m	unknown	verb					nnnn	nnnn	ממשש
516062	SP	Deuteronomy	28	29	<CQ[	<CWQ	<CWQ				ptcp	sg	m	unknown	verb					nnnn	nnnn	עשוק
516064	SP	Deuteronomy	28	29	GZL[	GZWL	GZWL				ptcp	sg	m	unknown	verb				W	nnnn	nnnn	גזול
516070	SP	Deuteronomy	28	29	JC<[	MWCJ<	WCJ<				ptca	sg	m	unknown	verb					nnnnn	nnnnn	מושיע
516090	SP	Deuteronomy	28	31	VBX[	VBWX	VBWX				ptcp	sg	m	unknown	verb					nnnn	nnnn	טבוח
516098	SP	Deuteronomy	28	31	GZL[	GZWL	GZWL				ptcp	sg	m	unknown	verb					nnnn	nnnn	גזול
516107	SP	Deuteronomy	28	31	NTN[	NTNWT	NTN				ptcp	pl	f	unknown	verb		WT			nnnnn	nnnnn	נתנות
516109	SP	Deuteronomy	28	31	>JB[	>JBJK	>JB				ptca	pl	m	unknown	verb	K	J		L	nnnnn	nnnnn	איביך
516113	SP	Deuteronomy	28	31	JC<[	MWCJ<	WCJ<				ptca	sg	m	unknown	verb					nnnnn	nnnnn	מושיע
516117	SP	Deuteronomy	28	32	NTN[	NTNJM	NTN				ptcp	pl	m	unknown	verb		JM			nnnnn	nnnnn	נתנים
516123	SP	Deuteronomy	28	32	R>H[	R>WT	R>				ptca	pl	f	unknown	verb		WT			nnnn	nnnn	ראות
516148	SP	Deuteronomy	28	33	<CQ[	<CWQ	<CWQ				ptcp	sg	m	unknown	verb					nnnn	nnnn	עשוק
516150	SP	Deuteronomy	28	33	RYY[	RYWY	RYWY				ptcp	sg	m	unknown	verb				W	nnnn	nnnn	רצוץ
516156	SP	Deuteronomy	28	34	CG<[	MCG<	CG<				ptcp	sg	m	unknown	verb					nnnn	nnnn	משגע
516377	SP	Deuteronomy	28	48	>JB[	>JBJK	>JB				ptca	pl	m	unknown	verb	K	J			nnnnn	nnnnn	איביך
516478	SP	Deuteronomy	28	52	BVX[	BVX	BVX				ptca	sg	m	unknown	verb					nnn	nnn	בטח
516516	SP	Deuteronomy	28	53	>JB[	>JBJK	>JB				ptca	pl	m	unknown	verb	K	J			nnnnn	nnnnn	איביך
516563	SP	Deuteronomy	28	55	>JB[	>JBJK	>JB				ptca	pl	m	unknown	verb	K	J			nnnnn	nnnnn	איביך
516601	SP	Deuteronomy	28	57	JY>[	JY>T	JY>				ptca	sg	f	unknown	verb		T		H	nnnn	nnnn	יצאת
516625	SP	Deuteronomy	28	57	>JB[	>JBJK	>JB				ptca	pl	m	unknown	verb	K	J			nnnnn	nnnnn	איביך
516641	SP	Deuteronomy	28	58	KTB[	KTWBJM	KTWB				ptcp	pl	m	unknown	verb		JM		H	nnnnnn	nnnnnn	כתובים
516652	SP	Deuteronomy	28	58	KBD[	NKBD	KBD				ptca	sg	m	unknown	verb				H	nnnn	nnnn	נכבד
516655	SP	Deuteronomy	28	58	JR>[	NWR>	WR>				ptca	sg	m	unknown	verb				WH	nnnn	nnnn	נורא
516674	SP	Deuteronomy	28	59	>MN[	N>MNWT	>MN				ptca	pl	f	unknown	verb		WT		W	nnnnnn	nnnnnn	נאמנות
516679	SP	Deuteronomy	28	59	>MN[	N>MNJM	>MN				ptca	pl	m	unknown	verb		JM		W	nnnnnn	nnnnnn	נאמנים
516702	SP	Deuteronomy	28	61	KTB[	KTWB	KTWB				ptcp	sg	m	unknown	verb					nnnn	nnnn	כתוב
516768	SP	Deuteronomy	28	63	BW>[	B>	B>				ptca	sg	m	unknown	verb					nn	nn	בא
516831	SP	Deuteronomy	28	66	TL>[	TL>JM	TL>				ptcp	pl	m	unknown	verb		JM			nnnnn	nnnnn	תלאים
516889	SP	Deuteronomy	28	68	>JB[	>JBJKM	>JB				ptca	pl	m	unknown	verb	KM	J		L	nnnnnn	nnnnnn	איביכם
516897	SP	Deuteronomy	28	68	QNH[	QNH	QNH				ptca	sg	m	unknown	verb					nnn	nnn	קנה
517086	SP	Deuteronomy	29	9	NYB[	NYBJM	YB				ptca	pl	m	unknown	verb		JM			nnnnn	nnnnn	נצבים
517098	SP	Deuteronomy	29	9	CVR[	CVRJKM	CVR				ptca	pl	m	unknown	verb	KM	J		W	nnnnnn	nnnnnn	שטריכם
517112	SP	Deuteronomy	29	10	XVB[	XVB	XVB				ptca	sg	m	unknown	verb				M	nnn	nnn	חטב
517116	SP	Deuteronomy	29	10	C>B[	C>B	C>B				ptca	sg	m	unknown	verb					nnn	nnn	שאב
517130	SP	Deuteronomy	29	11	KRT[	KRT	KRT				ptca	sg	m	unknown	verb					nnn	nnn	כרת
517172	SP	Deuteronomy	29	13	KRT[	KRT	KRT				ptca	sg	m	unknown	verb					nnn	nnn	כרת
517190	SP	Deuteronomy	29	14	<MD[	<MD	<MD				ptca	sg	m	unknown	verb					nnn	nnn	עמד
517251	SP	Deuteronomy	29	17	PNH[	PNH	PNH				ptca	sg	m	unknown	verb					nnn	nnn	פנה
517272	SP	Deuteronomy	29	17	PRH[	PRH	PRH				ptca	sg	m	unknown	verb					nnn	nnn	פרה
517303	SP	Deuteronomy	29	18	RWH[	RW>H	RW>				ptca	sg	f	unknown	verb		H		H	nnnn	nnnn	רואה
517331	SP	Deuteronomy	29	19	KTB[	KTWBH	KTWB				ptcp	sg	f	unknown	verb		H		H	nnnnn	nnnnn	כתובה
517361	SP	Deuteronomy	29	20	KTB[	KTWBH	KTWB				ptcp	sg	f	unknown	verb		H		H	nnnnn	nnnnn	כתובה
517510	SP	Deuteronomy	29	26	KTB[	KTWBH	KTWB				ptcp	sg	f	unknown	verb		H		H	nnnnn	nnnnn	כתובה
517540	SP	Deuteronomy	29	28	STR[	NSTRWT	STR				ptca	pl	f	unknown	verb		WT		H	nnnnnn	nnnnnn	נסתרות
517546	SP	Deuteronomy	29	28	GLH[	NGL>WT	GL>				ptca	pl	f	unknown	verb		WT		WH	nnnnnn	nnnnnn	נגלאות
517607	SP	Deuteronomy	30	2	YWH[	MYWK	YW				ptca	sg	m	unknown	verb	K				nnnn	nnnn	מצוך
517625	SP	Deuteronomy	30	3	CWB[	CWBTK	CWB				ptca	sg	f	unknown	verb	K	T			nnnnn	nnnnn	שובתך
517643	SP	Deuteronomy	30	4	NDX[	NDXK	DX				ptca	sg	m	unknown	verb	K				nnnn	nnnn	נדחך
517708	SP	Deuteronomy	30	7	>JB[	>JBJK	>JB				ptca	pl	m	unknown	verb	K	J			nnnnn	nnnnn	איביך
517711	SP	Deuteronomy	30	7	FN>[	FN>JK	FN>				ptca	pl	m	unknown	verb	K	J			nnnnn	nnnnn	שנאיך
517730	SP	Deuteronomy	30	8	YWH[	MYWK	YW				ptca	sg	m	unknown	verb	K				nnnn	nnnn	מצוך
517779	SP	Deuteronomy	30	10	KTB[	KTWBH	KTWB				ptcp	sg	f	unknown	verb		H		H	nnnnn	nnnnn	כתובה
517805	SP	Deuteronomy	30	11	YWH[	MYWK	YW				ptca	sg	m	unknown	verb	K				nnnn	nnnn	מצוך
517893	SP	Deuteronomy	30	16	YWH[	MYWK	YW				ptca	sg	m	unknown	verb	K				nnnn	nnnn	מצוך
517926	SP	Deuteronomy	30	16	BW>[	B>	B>				ptca	sg	m	unknown	verb					nn	nn	בא
517961	SP	Deuteronomy	30	18	<BR[	<BRJM	<BR				ptca	pl	m	unknown	verb		JM			nnnnn	nnnnn	עברים
518091	SP	Deuteronomy	31	3	<BR[	<BR	<BR				ptca	sg	m	unknown	verb				H	nnn	nnn	עבר
518110	SP	Deuteronomy	31	3	<BR[	<BR	<BR				ptca	sg	m	unknown	verb				H	nnn	nnn	עבר
518168	SP	Deuteronomy	31	6	HLK[	HLK	HLK				ptca	sg	m	unknown	verb				H	nnn	nnn	הלך
518217	SP	Deuteronomy	31	8	HLK[	HLK	HLK				ptca	sg	m	unknown	verb				H	nnn	nnn	הלך
518249	SP	Deuteronomy	31	9	NF>[	NF>JM	NF>				ptca	pl	m	unknown	verb		JM		H	nnnnn	nnnnn	נשאים
518366	SP	Deuteronomy	31	13	<BR[	<BRJM	<BR				ptca	pl	m	unknown	verb		JM			nnnnn	nnnnn	עברים
518426	SP	Deuteronomy	31	16	CKB[	CKB	CKB				ptca	sg	m	unknown	verb					nnn	nnn	שכב
518444	SP	Deuteronomy	31	16	BW>[	B>	B>				ptca	sg	m	unknown	verb					nn	nn	בא
518563	SP	Deuteronomy	31	20	ZWB[	ZBT	ZB				ptca	sg	f	unknown	verb		T			nnn	nnn	זבת
518617	SP	Deuteronomy	31	21	<FH[	<FH	<FH				ptca	sg	m	unknown	verb					nnn	nnn	עשה
518697	SP	Deuteronomy	31	25	NF>[	NF>J	NF>				ptca	pl	m	unknown	verb		J			nnnn	nnnn	נשאי
518742	SP	Deuteronomy	31	27	MRH[	MMRJM	MR				ptca	pl	m	unknown	verb		JM			nnnnn	nnnnn	ממרים
518758	SP	Deuteronomy	31	28	CVR[	CVRJKM	CVR				ptca	pl	m	unknown	verb	KM	J		W	nnnnnn	nnnnnn	שטריכם
519082	SP	Deuteronomy	32	18	HLL[	MHLLK	HLL				ptca	sg	m	unknown	verb	K				nnnnn	nnnnn	מהללך
519166	SP	Deuteronomy	32	24	ZXL[	ZXLJ	ZXL				ptca	pl	m	unknown	verb		J			nnnn	nnnn	זחלי
519194	SP	Deuteronomy	32	27	>JB[	>JBJ	>JB				ptca	pl	m	unknown	verb		J			nnnn	nnnn	איבי
519211	SP	Deuteronomy	32	28	>BD[	>BD	>BD				ptca	sg	m	unknown	verb					nnn	nnn	אבד
519248	SP	Deuteronomy	32	31	>JB[	>JBJNW	>JB				ptca	pl	m	unknown	verb	NW	J		W	nnnnnn	nnnnnn	איבינו
519277	SP	Deuteronomy	32	34	KNS[	KNWS	KNWS				ptcp	sg	unknown	unknown	verb					nnnn	nnnn	כנוס
519279	SP	Deuteronomy	32	34	XTM[	XTWM	XTWM				ptcp	sg	unknown	unknown	verb					nnnn	nnnn	חתום
519314	SP	Deuteronomy	32	36	<YR[	<YWR	<YWR				ptcp	sg	m	unknown	verb					nnnn	nnnn	עצור
519316	SP	Deuteronomy	32	36	<ZB[	<ZWB	<ZWB				ptcp	sg	m	unknown	verb				W	nnnn	nnnn	עזוב
519360	SP	Deuteronomy	32	39	NYL[	MYJL	YJL				ptca	sg	m	unknown	verb					nnnn	nnnn	מציל
519388	SP	Deuteronomy	32	41	FN>[	MFN>J	FN>				ptca	pl	m	unknown	verb		J		WL	nnnnn	nnnnn	משנאי
519406	SP	Deuteronomy	32	42	>JB[	>WJB	>WJB				ptca	sg	m	unknown	verb					nnnn	nnnn	אויב
519468	SP	Deuteronomy	32	46	<WD[	M<JD	<JD				ptca	sg	m	unknown	verb					nnnn	nnnn	מעיד
519509	SP	Deuteronomy	32	47	<BR[	<BRJM	<BR				ptca	pl	m	unknown	verb		JM			nnnnn	nnnnn	עברים
519553	SP	Deuteronomy	32	49	NTN[	NTN	NTN				ptca	sg	m	unknown	verb					nnn	nnn	נתן
519565	SP	Deuteronomy	32	50	<LH[	<LH	<LH				ptca	sg	m	unknown	verb					nnn	nnn	עלה
519623	SP	Deuteronomy	32	52	NTN[	NTN	NTN				ptca	sg	m	unknown	verb					nnn	nnn	נתן
519668	SP	Deuteronomy	33	3	XBB[	XWBB	XWBB				ptca	sg	unknown	unknown	verb					nnnn	nnnn	חובב
519755	SP	Deuteronomy	33	9	>MR[	>MR	>MR				ptca	sg	m	unknown	verb				H	nnn	nnn	אמר
519804	SP	Deuteronomy	33	11	QWM[	QMJW	QM				ptca	pl	m	unknown	verb	W	J			nnnn	nnnn	קמיו
519806	SP	Deuteronomy	33	11	FN>[	MFN>JW	FN>				ptca	pl	m	unknown	verb	W	J		W	nnnnnn	nnnnnn	משנאיו
519820	SP	Deuteronomy	33	12	XPP[	XWPP	XWPP				ptca	sg	unknown	unknown	verb				W	nnnn	nnnn	חופף
519833	SP	Deuteronomy	33	13	BRK[	MBRKT	BRK				ptcp	sg	f	unknown	verb		T			nnnnn	nnnnn	מברכת
519844	SP	Deuteronomy	33	13	RBY[	RBYT	RBY				ptca	sg	f	unknown	verb		T			nnnn	nnnn	רבצת
519874	SP	Deuteronomy	33	16	CKN[	CKN	CKN				ptca	sg	unknown	unknown	verb					nnn	nnn	שכן
519932	SP	Deuteronomy	33	19	FPN[	FPWNJ	FPWN				ptcp	pl	m	unknown	verb		J		W	nnnnn	nnnnn	שפוני
519933	SP	Deuteronomy	33	19	VMN[	VMWNJ	VMWN				ptcp	pl	m	unknown	verb		J			nnnnn	nnnnn	טמוני
519939	SP	Deuteronomy	33	20	BRK[	BRWK	BRWK				ptcp	sg	m	unknown	verb					nnnn	nnnn	ברוך
519940	SP	Deuteronomy	33	20	RXB[	MRXJB	RXJB				ptca	sg	m	unknown	verb					nnnnn	nnnnn	מרחיב
519945	SP	Deuteronomy	33	20	VRP[	VRWP	VRWP				ptcp	sg	unknown	unknown	verb					nnnn	nnnn	טרוף
519956	SP	Deuteronomy	33	21	XQQ[	MXWQQ	XWQQ				ptca	sg	m	unknown	verb					nnnnn	nnnnn	מחוקק
519957	SP	Deuteronomy	33	21	SPN[	SPWN	SPWN				ptcp	sg	m	unknown	verb					nnnn	nnnn	ספון
519991	SP	Deuteronomy	33	23	ML>[	ML>	ML>				ptca	sg	m	unknown	verb				W	nnn	nnn	מלא
520002	SP	Deuteronomy	33	24	BRK[	BRWK	BRWK				ptcp	sg	m	unknown	verb					nnnn	nnnn	ברוך
520008	SP	Deuteronomy	33	24	RYH[	RYWJ	RYWJ				ptcp	sg	m	unknown	verb					nnnn	nnnn	רצוי
520011	SP	Deuteronomy	33	24	VBL[	VBL	VBL				ptca	sg	m	unknown	verb				W	nnn	nnn	טבל
520027	SP	Deuteronomy	33	26	RKB[	RKB	RKB				ptca	sg	m	unknown	verb					nnn	nnn	רכב
520047	SP	Deuteronomy	33	27	>JB[	>WJB	>WJB				ptca	sg	m	unknown	verb					nnnn	nnnn	אויב
520086	SP	Deuteronomy	33	29	>JB[	>JBJK	>JB				ptca	pl	m	unknown	verb	K	J			nnnnn	nnnnn	איביך
