tf_id	scroll	book	chapter	verse	lex	g_cons	stem	pattern	pattern_g_cons	vs	vt	nu	gn	ps	sp	prs	nme	hloc	prefix	rec_signs	cor_signs	heb_g_cons
508419	SP	Deuteronomy	12	29	KJ	KJ	KJ				NA			NA	conj					nn	nn	כי
437939	SP	Exodus	7	21	L>	L>	L>				NA			NA	nega				W	nn	nn	לא
489385	SP	Numbers	19	20	L>	L>	L>				NA			NA	nega				W	nn	nn	לא
489397	SP	Numbers	19	20	KJ	KJ	KJ				NA			NA	conj					nn	nn	כי
489404	SP	Numbers	19	20	L>	L>	L>				NA			NA	nega					nn	nn	לא
519275	SP	Deuteronomy	32	34	L>	LW>	LW>				NA			NA	nega				H	nnn	nnn	לוא
447647	SP	Exodus	22	8	KJ	KJ	KJ				NA			NA	conj					nn	nn	כי
480090	SP	Numbers	6	2	KJ	KJ	KJ				NA			NA	conj					nn	nn	כי
517935	SP	Deuteronomy	30	17	L>	L>	L>				NA			NA	nega				W	nn	nn	לא
504989	SP	Deuteronomy	7	6	KJ	KJ	KJ				NA			NA	conj					nn	nn	כי
511712	SP	Deuteronomy	19	16	KJ	KJ	KJ				NA			NA	conj				W	nn	nn	כי
422762	SP	Genesis	31	42	L>	L>	L>				NA			NA	nega					nn	nn	לא
422772	SP	Genesis	31	42	KJ	KJ	KJ				NA			NA	conj					nn	nn	כי
453951	SP	Exodus	32	25	KJ	KJ	KJ				NA			NA	conj					nn	nn	כי
453954	SP	Exodus	32	25	KJ	KJ	KJ				NA			NA	conj					nn	nn	כי
490592	SP	Numbers	21	13	KJ	KJ	KJ				NA			NA	conj					nn	nn	כי
502591	SP	Deuteronomy	4	3	KJ	KJ	KJ				NA			NA	conj					nn	nn	כי
427279	SP	Genesis	39	13	KJ	KJ	KJ				NA			NA	conj					nn	nn	כי
443845	SP	Exodus	16	6	KJ	KJ	KJ				NA			NA	conj					nn	nn	כי
473919	SP	Leviticus	25	5	L>	L>	L>				NA			NA	nega					nn	nn	לא
473925	SP	Leviticus	25	5	L>	L>	L>				NA			NA	nega					nn	nn	לא
434599	SP	Exodus	1	17	L>	L>	L>				NA			NA	nega				W	nn	nn	לא
453348	SP	Exodus	31	17	KJ	KJ	KJ				NA			NA	conj					nn	nn	כי
408226	SP	Genesis	6	12	KJ	KJ	KJ				NA			NA	conj					nn	nn	כי
518067	SP	Deuteronomy	31	2	L>	L>	L>				NA			NA	nega					nn	nn	לא
518080	SP	Deuteronomy	31	2	L>	L>	L>				NA			NA	nega					nn	nn	לא
505780	SP	Deuteronomy	8	18	KJ	KJ	KJ				NA			NA	conj					nn	nn	כי
440625	SP	Exodus	10	26	L>	L>	L>				NA			NA	nega					nn	nn	לא
440628	SP	Exodus	10	26	KJ	KJ	KJ				NA			NA	conj					nn	nn	כי
440638	SP	Exodus	10	26	L>	L>	L>				NA			NA	nega					nn	nn	לא
466817	SP	Leviticus	13	52	KJ	KJ	KJ				NA			NA	conj					nn	nn	כי
442036	SP	Exodus	12	48	KJ	KJ	KJ				NA			NA	conj				W	nn	nn	כי
442063	SP	Exodus	12	48	L>	L>	L>				NA			NA	nega					nn	nn	לא
442157	SP	Exodus	13	3	KJ	KJ	KJ				NA			NA	conj					nn	nn	כי
442167	SP	Exodus	13	3	L>	L>	L>				NA			NA	nega				W	nn	nn	לא
446483	SP	Exodus	20	19	KJ	KJ	KJ				NA			NA	conj					nn	nn	כי
446495	SP	Exodus	20	19	KJ	KJ	KJ				NA			NA	conj					nn	nn	כי
446515	SP	Exodus	20	19	KJ	KJ	KJ				NA			NA	conj					nn	nn	כי
446516	SP	Exodus	20	19	MJ	MJ	MJ				NA			NA	prin					nn	nn	מי
406795	SP	Genesis	3	11	MJ	MJ	MJ				NA			NA	prin					nn	nn	מי
406798	SP	Genesis	3	11	KJ	KJ	KJ				NA			NA	conj					nn	nn	כי
423866	SP	Genesis	33	11	KJ	KJ	KJ				NA			NA	conj					nn	nn	כי
423870	SP	Genesis	33	11	KJ	KJ	KJ				NA			NA	conj				W	nn	nn	כי
491149	SP	Numbers	22	3	KJ	KJ	KJ				NA			NA	conj					nn	nn	כי
503978	SP	Deuteronomy	5	17	L>	L>	L>				NA			NA	nega					nn	nn	לא
484437	SP	Numbers	12	8	L>	L>	L>				NA			NA	nega				W	nn	nn	לא
484446	SP	Numbers	12	8	L>	L>	L>				NA			NA	nega					nn	nn	לא
485952	SP	Numbers	14	30	KJ	KJ	KJ				NA			NA	conj					nn	nn	כי
470404	SP	Leviticus	18	22	L>	L>	L>				NA			NA	nega					nn	nn	לא
420324	SP	Genesis	28	15	KJ	KJ	KJ				NA			NA	conj					nn	nn	כי
420325	SP	Genesis	28	15	L>	L>	L>				NA			NA	nega					nn	nn	לא
447723	SP	Exodus	22	12	L>	L>	L>				NA			NA	nega				W	nn	nn	לא
513421	SP	Deuteronomy	23	5	L>	L>	L>				NA			NA	nega					nn	nn	לא
413077	SP	Genesis	17	14	L>	L>	L>				NA			NA	nega					nn	nn	לא
452207	SP	Exodus	29	28	KJ	KJ	KJ				NA			NA	conj					nn	nn	כי
480174	SP	Numbers	6	6	L>	L>	L>				NA			NA	nega					nn	nn	לא
505103	SP	Deuteronomy	7	10	L>	L>	L>				NA			NA	nega					nn	nn	לא
454045	SP	Exodus	32	29	KJ	KJ	KJ				NA			NA	conj					nn	nn	כי
484169	SP	Numbers	11	29	MJ	MJ	MJ				NA			NA	prin				W	nn	nn	מי
484175	SP	Numbers	11	29	KJ	KJ	KJ				NA			NA	conj					nn	nn	כי
510490	SP	Deuteronomy	17	3	L>	L>	L>				NA			NA	nega					nn	nn	לא
517167	SP	Deuteronomy	29	13	L>	L>	L>				NA			NA	nega				W	nn	nn	לא
434671	SP	Exodus	1	21	KJ	KJ	KJ				NA			NA	conj					nn	nn	כי
445745	SP	Exodus	19	11	KJ	KJ	KJ				NA			NA	conj					nn	nn	כי
461201	SP	Leviticus	5	2	KJ	KJ	KJ				NA			NA	conj					nn	nn	כי
468626	SP	Leviticus	15	19	KJ	KJ	KJ				NA			NA	conj					nn	nn	כי
444847	SP	Exodus	18	3	KJ	KJ	KJ				NA			NA	conj					nn	nn	כי
476177	SP	Leviticus	27	29	L>	L>	L>				NA			NA	nega					nn	nn	לא
518163	SP	Deuteronomy	31	6	KJ	KJ	KJ				NA			NA	conj					nn	nn	כי
518170	SP	Deuteronomy	31	6	L>	L>	L>				NA			NA	nega					nn	nn	לא
518173	SP	Deuteronomy	31	6	L>	L>	L>				NA			NA	nega				W	nn	nn	לא
422367	SP	Genesis	31	22	KJ	KJ	KJ				NA			NA	conj					nn	nn	כי
514856	SP	Deuteronomy	26	12	KJ	KJ	KJ				NA			NA	conj					nn	nn	כי
516629	SP	Deuteronomy	28	58	L>	L>	L>				NA			NA	nega					nn	nn	לא
432114	SP	Genesis	46	33	KJ	KJ	KJ				NA			NA	conj					nn	nn	כי
442247	SP	Exodus	13	7	L>	L>	L>				NA			NA	nega					nn	nn	לא
442252	SP	Exodus	13	7	L>	L>	L>				NA			NA	nega				W	nn	nn	לא
409109	SP	Genesis	8	9	L>	L>	L>				NA			NA	nega				W	nn	nn	לא
409123	SP	Genesis	8	9	KJ	KJ	KJ				NA			NA	conj					nn	nn	כי
433493	SP	Genesis	49	10	L>	L>	L>				NA			NA	nega					nn	nn	לא
433504	SP	Genesis	49	10	KJ	KJ	KJ				NA			NA	conj					nn	nn	כי
446819	SP	Exodus	20	23	L>	L>	L>				NA			NA	nega					nn	nn	לא
446827	SP	Exodus	20	23	L>	L>	L>				NA			NA	nega					nn	nn	לא
426538	SP	Genesis	38	9	KJ	KJ	KJ				NA			NA	conj					nn	nn	כי
426539	SP	Genesis	38	9	L>	L>	L>				NA			NA	nega					nn	nn	לא
503990	SP	Deuteronomy	5	21	L>	L>	L>				NA			NA	nega					nn	nn	לא
503995	SP	Deuteronomy	5	21	L>	L>	L>				NA			NA	nega				W	nn	nn	לא
504013	SP	Deuteronomy	5	21	KJ	KJ	KJ				NA			NA	conj					nn	nn	כי
504079	SP	Deuteronomy	5	21	L>	L>	L>				NA			NA	nega					nn	nn	לא
430384	SP	Genesis	43	32	KJ	KJ	KJ				NA			NA	conj					nn	nn	כי
430385	SP	Genesis	43	32	L>	L>	L>				NA			NA	nega					nn	nn	לא
430395	SP	Genesis	43	32	KJ	KJ	KJ				NA			NA	conj					nn	nn	כי
470470	SP	Leviticus	18	26	L>	L>	L>				NA			NA	nega				W	nn	nn	לא
440157	SP	Exodus	10	6	L>	L>	L>				NA			NA	nega					nn	nn	לא
505199	SP	Deuteronomy	7	14	L>	L>	L>				NA			NA	nega					nn	nn	לא
454120	SP	Exodus	32	33	MJ	MJ	MJ				NA			NA	prin					nn	nn	מי
431057	SP	Genesis	45	1	L>	L>	L>				NA			NA	nega				W	nn	nn	לא
431076	SP	Genesis	45	1	L>	L>	L>				NA			NA	nega				W	nn	nn	לא
512755	SP	Deuteronomy	22	1	L>	L>	L>				NA			NA	nega					nn	nn	לא
471508	SP	Leviticus	20	19	L>	L>	L>				NA			NA	nega					nn	nn	לא
471510	SP	Leviticus	20	19	KJ	KJ	KJ				NA			NA	conj					nn	nn	כי
511990	SP	Deuteronomy	20	8	MJ	MJ	MJ				NA			NA	prin					nn	nn	מי
512005	SP	Deuteronomy	20	8	L>	L>	L>				NA			NA	nega				W	nn	nn	לא
447457	SP	Exodus	21	37	KJ	KJ	KJ				NA			NA	conj				W	nn	nn	כי
516728	SP	Deuteronomy	28	62	KJ	KJ	KJ				NA			NA	conj					nn	nn	כי
516729	SP	Deuteronomy	28	62	L>	L>	L>				NA			NA	nega					nn	nn	לא
512712	SP	Deuteronomy	21	22	KJ	KJ	KJ				NA			NA	conj					nn	nn	כי
487054	SP	Numbers	16	3	KJ	KJ	KJ				NA			NA	conj					nn	nn	כי
492311	SP	Numbers	23	19	L>	L>	L>				NA			NA	nega					nn	nn	לא
492325	SP	Numbers	23	19	L>	L>	L>				NA			NA	nega				W	nn	nn	לא
492329	SP	Numbers	23	19	L>	L>	L>				NA			NA	nega				W	nn	nn	לא
438553	SP	Exodus	8	17	KJ	KJ	KJ				NA			NA	conj					nn	nn	כי
418567	SP	Genesis	26	3	KJ	KJ	KJ				NA			NA	conj					nn	nn	כי
406975	SP	Genesis	3	19	KJ	KJ	KJ				NA			NA	conj					nn	nn	כי
406978	SP	Genesis	3	19	KJ	KJ	KJ				NA			NA	conj					nn	nn	כי
515661	SP	Deuteronomy	28	9	KJ	KJ	KJ				NA			NA	conj					nn	nn	כי
504232	SP	Deuteronomy	5	25	KJ	KJ	KJ				NA			NA	conj					nn	nn	כי
505506	SP	Deuteronomy	8	2	L>	L>	L>				NA			NA	nega					nn	nn	לא
470558	SP	Leviticus	18	30	L>	L>	L>				NA			NA	nega				W	nn	nn	לא
470561	SP	Leviticus	18	30	KJ	KJ	KJ				NA			NA	conj					nn	nn	כי
412803	SP	Genesis	16	13	KJ	KJ	KJ				NA			NA	conj					nn	nn	כי
440269	SP	Exodus	10	10	KJ	KJ	KJ				NA			NA	conj					nn	nn	כי
466498	SP	Leviticus	13	36	L>	L>	L>				NA			NA	nega					nn	nn	לא
511269	SP	Deuteronomy	18	19	L>	L>	L>				NA			NA	nega					nn	nn	לא
505268	SP	Deuteronomy	7	18	L>	L>	L>				NA			NA	nega					nn	nn	לא
474817	SP	Leviticus	26	1	L>	L>	L>				NA			NA	nega					nn	nn	לא
474825	SP	Leviticus	26	1	L>	L>	L>				NA			NA	nega					nn	nn	לא
474831	SP	Leviticus	26	1	L>	L>	L>				NA			NA	nega					nn	nn	לא
474838	SP	Leviticus	26	1	KJ	KJ	KJ				NA			NA	conj					nn	nn	כי
446082	SP	Exodus	20	3	L>	L>	L>				NA			NA	nega					nn	nn	לא
438938	SP	Exodus	9	2	KJ	KJ	KJ				NA			NA	conj					nn	nn	כי
431148	SP	Genesis	45	5	KJ	KJ	KJ				NA			NA	conj					nn	nn	כי
431152	SP	Genesis	45	5	KJ	KJ	KJ				NA			NA	conj					nn	nn	כי
435908	SP	Exodus	4	8	L>	L>	L>				NA			NA	nega					nn	nn	לא
435912	SP	Exodus	4	8	L>	L>	L>				NA			NA	nega				W	nn	nn	לא
510693	SP	Deuteronomy	17	11	L>	L>	L>				NA			NA	nega				W	nn	nn	לא
508140	SP	Deuteronomy	12	17	L>	L>	L>				NA			NA	nega					nn	nn	לא
471572	SP	Leviticus	20	23	L>	L>	L>				NA			NA	nega				W	nn	nn	לא
471583	SP	Leviticus	20	23	KJ	KJ	KJ				NA			NA	conj					nn	nn	כי
421376	SP	Genesis	30	16	KJ	KJ	KJ				NA			NA	conj					nn	nn	כי
437545	SP	Exodus	7	9	KJ	KJ	KJ				NA			NA	conj					nn	nn	כי
512067	SP	Deuteronomy	20	12	L>	L>	L>				NA			NA	nega					nn	nn	לא
485627	SP	Numbers	14	14	KJ	KJ	KJ				NA			NA	conj					nn	nn	כי
443113	SP	Exodus	14	25	KJ	KJ	KJ				NA			NA	conj					nn	nn	כי
450325	SP	Exodus	26	35	L>	L>	L>				NA			NA	nega					nn	nn	לא
450336	SP	Exodus	26	35	L>	L>	L>				NA			NA	nega					nn	nn	לא
474660	SP	Leviticus	25	46	L>	L>	L>				NA			NA	nega					nn	nn	לא
485129	SP	Numbers	13	30	KJ	KJ	KJ				NA			NA	conj					nn	nn	כי
460375	SP	Leviticus	3	17	L>	L>	L>				NA			NA	nega					nn	nn	לא
416943	SP	Genesis	24	14	KJ	KJ	KJ				NA			NA	conj					nn	nn	כי
511429	SP	Deuteronomy	19	4	L>	L>	L>				NA			NA	nega					nn	nn	לא
414407	SP	Genesis	19	20	L>	LW>	LW>				NA			NA	nega				H	nnn	nnn	לוא
422516	SP	Genesis	31	30	KJ	KJ	KJ				NA			NA	conj					nn	nn	כי
509135	SP	Deuteronomy	14	10	L>	L>	L>				NA			NA	nega					nn	nn	לא
516841	SP	Deuteronomy	28	66	L>	L>	L>				NA			NA	nega				W	nn	nn	לא
490254	SP	Numbers	21	1	KJ	KJ	KJ				NA			NA	conj					nn	nn	כי
492365	SP	Numbers	23	23	KJ	KJ	KJ				NA			NA	conj					nn	nn	כי
492366	SP	Numbers	23	23	L>	L>	L>				NA			NA	nega					nn	nn	לא
492371	SP	Numbers	23	23	L>	L>	L>				NA			NA	nega				W	nn	nn	לא
501022	SP	Deuteronomy	1	43	L>	L>	L>				NA			NA	nega				W	nn	nn	לא
429034	SP	Genesis	42	2	KJ	KJ	KJ				NA			NA	conj					nn	nn	כי
429049	SP	Genesis	42	2	L>	L>	L>				NA			NA	nega				W	nn	nn	לא
418645	SP	Genesis	26	7	KJ	KJ	KJ				NA			NA	conj					nn	nn	כי
418658	SP	Genesis	26	7	KJ	KJ	KJ				NA			NA	conj					nn	nn	כי
430866	SP	Genesis	44	24	KJ	KJ	KJ				NA			NA	conj					nn	nn	כי
415358	SP	Genesis	21	13	KJ	KJ	KJ				NA			NA	conj					nn	nn	כי
468078	SP	Leviticus	14	48	L>	L>	L>				NA			NA	nega					nn	nn	לא
468096	SP	Leviticus	14	48	KJ	KJ	KJ				NA			NA	conj					nn	nn	כי
460391	SP	Leviticus	4	2	KJ	KJ	KJ				NA			NA	conj					nn	nn	כי
460400	SP	Leviticus	4	2	L>	L>	L>				NA			NA	nega					nn	nn	לא
422063	SP	Genesis	31	6	KJ	KJ	KJ				NA			NA	conj					nn	nn	כי
440381	SP	Exodus	10	14	L>	L>	L>				NA			NA	nega					nn	nn	לא
440388	SP	Exodus	10	14	L>	L>	L>				NA			NA	nega					nn	nn	לא
466562	SP	Leviticus	13	40	KJ	KJ	KJ				NA			NA	conj					nn	nn	כי
507222	SP	Deuteronomy	11	7	KJ	KJ	KJ				NA			NA	conj					nn	nn	כי
446150	SP	Exodus	20	7	L>	L>	L>				NA			NA	nega					nn	nn	לא
446158	SP	Exodus	20	7	KJ	KJ	KJ				NA			NA	conj					nn	nn	כי
446159	SP	Exodus	20	7	L>	L>	L>				NA			NA	nega					nn	nn	לא
503752	SP	Deuteronomy	5	5	KJ	KJ	KJ				NA			NA	conj					nn	nn	כי
503759	SP	Deuteronomy	5	5	L>	L>	L>				NA			NA	nega				W	nn	nn	לא
477052	SP	Numbers	1	53	L>	L>	L>				NA			NA	nega				W	nn	nn	לא
427762	SP	Genesis	40	15	KJ	KJ	KJ				NA			NA	conj					nn	nn	כי
427772	SP	Genesis	40	15	L>	L>	L>				NA			NA	nega					nn	nn	לא
427775	SP	Genesis	40	15	KJ	KJ	KJ				NA			NA	conj					nn	nn	כי
510793	SP	Deuteronomy	17	15	L>	L>	L>				NA			NA	nega					nn	nn	לא
510801	SP	Deuteronomy	17	15	L>	L>	L>				NA			NA	nega					nn	nn	לא
508241	SP	Deuteronomy	12	21	KJ	KJ	KJ				NA			NA	conj					nn	nn	כי
437640	SP	Exodus	7	13	L>	L>	L>				NA			NA	nega				W	nn	nn	לא
512152	SP	Deuteronomy	20	16	L>	L>	L>				NA			NA	nega					nn	nn	לא
439887	SP	Exodus	9	35	L>	L>	L>				NA			NA	nega				W	nn	nn	לא
470262	SP	Leviticus	18	10	L>	L>	L>				NA			NA	nega					nn	nn	לא
470265	SP	Leviticus	18	10	KJ	KJ	KJ				NA			NA	conj					nn	nn	כי
517754	SP	Deuteronomy	30	9	KJ	KJ	KJ				NA			NA	conj					nn	nn	כי
487207	SP	Numbers	16	11	KJ	KJ	KJ				NA			NA	conj					nn	nn	כי
483889	SP	Numbers	11	17	L>	L>	L>				NA			NA	nega				W	nn	nn	לא
459958	SP	Leviticus	2	13	L>	L>	L>				NA			NA	nega				W	nn	nn	לא
471186	SP	Leviticus	20	3	KJ	KJ	KJ				NA			NA	conj					nn	nn	כי
491072	SP	Numbers	21	34	KJ	KJ	KJ				NA			NA	conj					nn	nn	כי
430939	SP	Genesis	44	28	L>	L>	L>				NA			NA	nega				W	nn	nn	לא
503067	SP	Deuteronomy	4	24	KJ	KJ	KJ				NA			NA	conj					nn	nn	כי
415461	SP	Genesis	21	17	KJ	KJ	KJ				NA			NA	conj					nn	nn	כי
483023	SP	Numbers	10	9	KJ	KJ	KJ				NA			NA	conj				W	nn	nn	כי
472511	SP	Leviticus	22	23	L>	L>	L>				NA			NA	nega					nn	nn	לא
479632	SP	Numbers	5	13	L>	L>	L>				NA			NA	nega					nn	nn	לא
446210	SP	Exodus	20	11	KJ	KJ	KJ				NA			NA	conj					nn	nn	כי
406650	SP	Genesis	3	3	L>	L>	L>				NA			NA	nega					nn	nn	לא
406654	SP	Genesis	3	3	L>	L>	L>				NA			NA	nega				W	nn	nn	לא
488199	SP	Numbers	17	25	L>	L>	L>				NA			NA	nega				W	nn	nn	לא
495777	SP	Numbers	29	35	L>	L>	L>				NA			NA	nega					nn	nn	לא
503809	SP	Deuteronomy	5	9	L>	L>	L>				NA			NA	nega					nn	nn	לא
503813	SP	Deuteronomy	5	9	L>	L>	L>				NA			NA	nega				W	nn	nn	לא
503815	SP	Deuteronomy	5	9	KJ	KJ	KJ				NA			NA	conj					nn	nn	כי
508327	SP	Deuteronomy	12	25	L>	L>	L>				NA			NA	nega					nn	nn	לא
508336	SP	Deuteronomy	12	25	KJ	KJ	KJ				NA			NA	conj					nn	nn	כי
437719	SP	Exodus	7	17	KJ	KJ	KJ				NA			NA	conj					nn	nn	כי
418447	SP	Genesis	25	30	KJ	KJ	KJ				NA			NA	conj					nn	nn	כי
512245	SP	Deuteronomy	20	20	KJ	KJ	KJ				NA			NA	conj					nn	nn	כי
512246	SP	Deuteronomy	20	20	L>	L>	L>				NA			NA	nega					nn	nn	לא
485783	SP	Numbers	14	22	KJ	KJ	KJ				NA			NA	conj					nn	nn	כי
485808	SP	Numbers	14	22	L>	L>	L>				NA			NA	nega				W	nn	nn	לא
497515	SP	Numbers	32	12	KJ	KJ	KJ				NA			NA	conj					nn	nn	כי
472777	SP	Leviticus	23	8	L>	L>	L>				NA			NA	nega					nn	nn	לא
474787	SP	Leviticus	25	54	L>	L>	L>				NA			NA	nega					nn	nn	לא
470298	SP	Leviticus	18	14	L>	L>	L>				NA			NA	nega					nn	nn	לא
470303	SP	Leviticus	18	14	L>	L>	L>				NA			NA	nega					nn	nn	לא
411232	SP	Genesis	12	12	KJ	KJ	KJ				NA			NA	conj					nn	nn	כי
517836	SP	Deuteronomy	30	13	L>	L>	L>				NA			NA	nega				W	nn	nn	לא
517844	SP	Deuteronomy	30	13	MJ	MJ	MJ				NA			NA	prin					nn	nn	מי
504931	SP	Deuteronomy	7	2	L>	L>	L>				NA			NA	nega					nn	nn	לא
504936	SP	Deuteronomy	7	2	L>	L>	L>				NA			NA	nega				W	nn	nn	לא
471928	SP	Leviticus	21	15	L>	L>	L>				NA			NA	nega				W	nn	nn	לא
471933	SP	Leviticus	21	15	KJ	KJ	KJ				NA			NA	conj					nn	nn	כי
514600	SP	Deuteronomy	25	19	L>	L>	L>				NA			NA	nega					nn	nn	לא
453880	SP	Exodus	32	21	KJ	KJ	KJ				NA			NA	conj					nn	nn	כי
471286	SP	Leviticus	20	7	KJ	KJ	KJ				NA			NA	conj					nn	nn	כי
518904	SP	Deuteronomy	32	6	L>	L>	L>				NA			NA	nega				W	nn	nn	לא
518907	SP	Deuteronomy	32	6	L>	LW>	LW>				NA			NA	nega				H	nnn	nnn	לוא
430999	SP	Genesis	44	32	KJ	KJ	KJ				NA			NA	conj					nn	nn	כי
431011	SP	Genesis	44	32	L>	L>	L>				NA			NA	nega					nn	nn	לא
503165	SP	Deuteronomy	4	28	L>	L>	L>				NA			NA	nega					nn	nn	לא
503168	SP	Deuteronomy	4	28	L>	L>	L>				NA			NA	nega				W	nn	nn	לא
503171	SP	Deuteronomy	4	28	L>	L>	L>				NA			NA	nega				W	nn	nn	לא
503174	SP	Deuteronomy	4	28	L>	L>	L>				NA			NA	nega				W	nn	nn	לא
468464	SP	Leviticus	15	11	L>	L>	L>				NA			NA	nega					nn	nn	לא
464607	SP	Leviticus	10	17	L>	L>	L>				NA			NA	nega					nn	nn	לא
464616	SP	Leviticus	10	17	KJ	KJ	KJ				NA			NA	conj					nn	nn	כי
472563	SP	Leviticus	22	27	KJ	KJ	KJ				NA			NA	conj					nn	nn	כי
516427	SP	Deuteronomy	28	50	L>	L>	L>				NA			NA	nega					nn	nn	לא
516434	SP	Deuteronomy	28	50	L>	L>	L>				NA			NA	nega					nn	nn	לא
512457	SP	Deuteronomy	21	10	KJ	KJ	KJ				NA			NA	conj					nn	nn	כי
448204	SP	Exodus	23	18	L>	L>	L>				NA			NA	nega					nn	nn	לא
448211	SP	Exodus	23	18	L>	L>	L>				NA			NA	nega				W	nn	nn	לא
428485	SP	Genesis	41	31	L>	L>	L>				NA			NA	nega				W	nn	nn	לא
428500	SP	Genesis	41	31	KJ	KJ	KJ				NA			NA	conj					nn	nn	כי
406730	SP	Genesis	3	7	KJ	KJ	KJ				NA			NA	conj					nn	nn	כי
454439	SP	Exodus	33	11	L>	L>	L>				NA			NA	nega					nn	nn	לא
470959	SP	Leviticus	19	26	L>	L>	L>				NA			NA	nega					nn	nn	לא
470965	SP	Leviticus	19	26	L>	L>	L>				NA			NA	nega				W	nn	nn	לא
470968	SP	Leviticus	19	26	L>	L>	L>				NA			NA	nega				W	nn	nn	לא
427923	SP	Genesis	40	23	L>	L>	L>				NA			NA	nega				W	nn	nn	לא
470351	SP	Leviticus	18	18	L>	L>	L>				NA			NA	nega					nn	nn	לא
412568	SP	Genesis	16	1	L>	L>	L>				NA			NA	nega					nn	nn	לא
466193	SP	Leviticus	13	24	KJ	KJ	KJ				NA			NA	conj					nn	nn	כי
420216	SP	Genesis	28	11	KJ	KJ	KJ				NA			NA	conj					nn	nn	כי
513363	SP	Deuteronomy	23	1	L>	L>	L>				NA			NA	nega					nn	nn	לא
513370	SP	Deuteronomy	23	1	L>	L>	L>				NA			NA	nega				W	nn	nn	לא
444768	SP	Exodus	17	14	KJ	KJ	KJ				NA			NA	conj					nn	nn	כי
441482	SP	Exodus	12	20	L>	L>	L>				NA			NA	nega					nn	nn	לא
494174	SP	Numbers	26	65	KJ	KJ	KJ				NA			NA	conj					nn	nn	כי
494183	SP	Numbers	26	65	L>	L>	L>				NA			NA	nega				W	nn	nn	לא
494187	SP	Numbers	26	65	KJ	KJ	KJ				NA			NA	conj					nn	nn	כי
484095	SP	Numbers	11	25	L>	L>	L>				NA			NA	nega				W	nn	nn	לא
507879	SP	Deuteronomy	12	5	KJ	KJ	KJ				NA			NA	conj					nn	nn	כי
442850	SP	Exodus	14	13	KJ	KJ	KJ				NA			NA	conj					nn	nn	כי
442858	SP	Exodus	14	13	L>	L>	L>				NA			NA	nega					nn	nn	לא
423531	SP	Genesis	32	26	KJ	KJ	KJ				NA			NA	conj					nn	nn	כי
423532	SP	Genesis	32	26	L>	L>	L>				NA			NA	nega					nn	nn	לא
419714	SP	Genesis	27	32	MJ	MJ	MJ				NA			NA	prin					nn	nn	מי
503236	SP	Deuteronomy	4	32	KJ	KJ	KJ				NA			NA	conj					nn	nn	כי
447311	SP	Exodus	21	29	L>	L>	L>				NA			NA	nega				W	nn	nn	לא
513167	SP	Deuteronomy	22	22	KJ	KJ	KJ				NA			NA	conj					nn	nn	כי
474460	SP	Leviticus	25	34	L>	L>	L>				NA			NA	nega					nn	nn	לא
474462	SP	Leviticus	25	34	KJ	KJ	KJ				NA			NA	conj					nn	nn	כי
496929	SP	Numbers	31	35	L>	L>	L>				NA			NA	nega					nn	nn	לא
414091	SP	Genesis	19	8	L>	L>	L>				NA			NA	nega					nn	nn	לא
414113	SP	Genesis	19	8	KJ	KJ	KJ				NA			NA	conj					nn	nn	כי
512535	SP	Deuteronomy	21	14	L>	L>	L>				NA			NA	nega					nn	nn	לא
512544	SP	Deuteronomy	21	14	L>	L>	L>				NA			NA	nega					nn	nn	לא
512548	SP	Deuteronomy	21	14	L>	L>	L>				NA			NA	nega					nn	nn	לא
453395	SP	Exodus	32	1	KJ	KJ	KJ				NA			NA	conj					nn	nn	כי
453420	SP	Exodus	32	1	KJ	KJ	KJ				NA			NA	conj					nn	nn	כי
453430	SP	Exodus	32	1	L>	L>	L>				NA			NA	nega					nn	nn	לא
424352	SP	Genesis	34	19	L>	L>	L>				NA			NA	nega				W	nn	nn	לא
424360	SP	Genesis	34	19	KJ	KJ	KJ				NA			NA	conj					nn	nn	כי
420923	SP	Genesis	29	25	L>	LW>	LW>				NA			NA	nega				H	nnn	nnn	לוא
504858	SP	Deuteronomy	6	25	KJ	KJ	KJ				NA			NA	conj					nn	nn	כי
448279	SP	Exodus	23	22	KJ	KJ	KJ				NA			NA	conj					nn	nn	כי
514098	SP	Deuteronomy	24	15	L>	L>	L>				NA			NA	nega				W	nn	nn	לא
514103	SP	Deuteronomy	24	15	KJ	KJ	KJ				NA			NA	conj					nn	nn	כי
514113	SP	Deuteronomy	24	15	L>	L>	L>				NA			NA	nega				W	nn	nn	לא
488605	SP	Numbers	18	17	L>	L>	L>				NA			NA	nega					nn	nn	לא
433440	SP	Genesis	49	6	KJ	KJ	KJ				NA			NA	conj					nn	nn	כי
467827	SP	Leviticus	14	36	L>	L>	L>				NA			NA	nega				W	nn	nn	לא
432407	SP	Genesis	47	13	KJ	KJ	KJ				NA			NA	conj					nn	nn	כי
405774	SP	Genesis	1	18	KJ	KJ	KJ				NA			NA	conj					nn	nn	כי
502405	SP	Deuteronomy	3	24	MJ	MJ	MJ				NA			NA	prin					nn	nn	מי
472224	SP	Leviticus	22	7	KJ	KJ	KJ				NA			NA	conj					nn	nn	כי
464783	SP	Leviticus	11	6	KJ	KJ	KJ				NA			NA	conj					nn	nn	כי
464789	SP	Leviticus	11	6	L>	L>	L>				NA			NA	nega					nn	nn	לא
412660	SP	Genesis	16	5	KJ	KJ	KJ				NA			NA	conj					nn	nn	כי
439944	SP	Exodus	10	2	KJ	KJ	KJ				NA			NA	conj					nn	nn	כי
439970	SP	Exodus	10	2	KJ	KJ	KJ				NA			NA	conj					nn	nn	כי
439991	SP	Exodus	10	2	L>	L>	L>				NA			NA	nega				W	nn	nn	לא
440041	SP	Exodus	10	2	L>	L>	L>				NA			NA	nega					nn	nn	לא
466294	SP	Leviticus	13	28	L>	L>	L>				NA			NA	nega					nn	nn	לא
466309	SP	Leviticus	13	28	KJ	KJ	KJ				NA			NA	conj					nn	nn	כי
436561	SP	Exodus	5	8	L>	L>	L>				NA			NA	nega					nn	nn	לא
436564	SP	Exodus	5	8	KJ	KJ	KJ				NA			NA	conj					nn	nn	כי
508901	SP	Deuteronomy	13	17	L>	L>	L>				NA			NA	nega					nn	nn	לא
472042	SP	Leviticus	21	23	L>	L>	L>				NA			NA	nega					nn	nn	לא
472048	SP	Leviticus	21	23	L>	L>	L>				NA			NA	nega					nn	nn	לא
472050	SP	Leviticus	21	23	KJ	KJ	KJ				NA			NA	conj					nn	nn	כי
472054	SP	Leviticus	21	23	L>	L>	L>				NA			NA	nega				W	nn	nn	לא
472058	SP	Leviticus	21	23	KJ	KJ	KJ				NA			NA	conj					nn	nn	כי
469624	SP	Leviticus	16	29	L>	L>	L>				NA			NA	nega					nn	nn	לא
507959	SP	Deuteronomy	12	9	KJ	KJ	KJ				NA			NA	conj					nn	nn	כי
507960	SP	Deuteronomy	12	9	L>	L>	L>				NA			NA	nega					nn	nn	לא
511886	SP	Deuteronomy	20	4	KJ	KJ	KJ				NA			NA	conj					nn	nn	כי
509678	SP	Deuteronomy	15	10	L>	L>	L>				NA			NA	nega				W	nn	nn	לא
509685	SP	Deuteronomy	15	10	KJ	KJ	KJ				NA			NA	conj					nn	nn	כי
482629	SP	Numbers	9	12	L>	L>	L>				NA			NA	nega					nn	nn	לא
482636	SP	Numbers	9	12	L>	L>	L>				NA			NA	nega					nn	nn	לא
515434	SP	Deuteronomy	27	20	KJ	KJ	KJ				NA			NA	conj					nn	nn	כי
419808	SP	Genesis	27	36	L>	L>	L>				NA			NA	nega				H	nn	nn	לא
447367	SP	Exodus	21	33	KJ	KJ	KJ				NA			NA	conj				W	nn	nn	כי
447372	SP	Exodus	21	33	KJ	KJ	KJ				NA			NA	conj					nn	nn	כי
447377	SP	Exodus	21	33	L>	L>	L>				NA			NA	nega				W	nn	nn	לא
513286	SP	Deuteronomy	22	26	L>	L>	L>				NA			NA	nega					nn	nn	לא
513294	SP	Deuteronomy	22	26	KJ	KJ	KJ				NA			NA	conj					nn	nn	כי
492888	SP	Numbers	24	23	MJ	MJ	MJ				NA			NA	prin					nn	nn	מי
424772	SP	Genesis	35	7	KJ	KJ	KJ				NA			NA	conj					nn	nn	כי
519410	SP	Deuteronomy	32	43	KJ	KJ	KJ				NA			NA	conj					nn	nn	כי
414198	SP	Genesis	19	12	MJ	MJ	MJ				NA			NA	prin					nn	nn	מי
508974	SP	Deuteronomy	14	2	KJ	KJ	KJ				NA			NA	conj					nn	nn	כי
512635	SP	Deuteronomy	21	18	KJ	KJ	KJ				NA			NA	conj					nn	nn	כי
512656	SP	Deuteronomy	21	18	L>	L>	L>				NA			NA	nega				W	nn	nn	לא
407481	SP	Genesis	4	23	KJ	KJ	KJ				NA			NA	conj					nn	nn	כי
458281	SP	Exodus	39	21	L>	L>	L>				NA			NA	nega				W	nn	nn	לא
424451	SP	Genesis	34	23	L>	LW>	LW>				NA			NA	nega				H	nnn	nnn	לוא
455198	SP	Exodus	34	27	KJ	KJ	KJ				NA			NA	conj					nn	nn	כי
448366	SP	Exodus	23	26	L>	L>	L>				NA			NA	nega				W	nn	nn	לא
514170	SP	Deuteronomy	24	19	KJ	KJ	KJ				NA			NA	conj					nn	nn	כי
514180	SP	Deuteronomy	24	19	L>	L>	L>				NA			NA	nega					nn	nn	לא
459741	SP	Leviticus	2	1	KJ	KJ	KJ				NA			NA	conj					nn	nn	כי
490784	SP	Numbers	21	22	L>	L>	L>				NA			NA	nega					nn	nn	לא
490789	SP	Numbers	21	22	L>	L>	L>				NA			NA	nega					nn	nn	לא
462633	SP	Leviticus	7	24	L>	L>	L>				NA			NA	nega					nn	nn	לא
471077	SP	Leviticus	19	34	KJ	KJ	KJ				NA			NA	conj					nn	nn	כי
502501	SP	Deuteronomy	3	28	KJ	KJ	KJ				NA			NA	conj					nn	nn	כי
472269	SP	Leviticus	22	11	KJ	KJ	KJ				NA			NA	conj					nn	nn	כי
491881	SP	Numbers	22	36	KJ	KJ	KJ				NA			NA	conj					nn	nn	כי
462080	SP	Leviticus	6	16	L>	L>	L>				NA			NA	nega					nn	nn	לא
466405	SP	Leviticus	13	32	L>	L>	L>				NA			NA	nega					nn	nn	לא
466410	SP	Leviticus	13	32	L>	L>	L>				NA			NA	nega				W	nn	nn	לא
447960	SP	Exodus	23	2	L>	L>	L>				NA			NA	nega					nn	nn	לא
447967	SP	Exodus	23	2	L>	L>	L>				NA			NA	nega				W	nn	nn	לא
413909	SP	Genesis	18	31	L>	L>	L>				NA			NA	nega					nn	nn	לא
459302	SP	Exodus	40	35	L>	L>	L>				NA			NA	nega				W	nn	nn	לא
459310	SP	Exodus	40	35	KJ	KJ	KJ				NA			NA	conj					nn	nn	כי
470689	SP	Leviticus	19	10	L>	L>	L>				NA			NA	nega					nn	nn	לא
470694	SP	Leviticus	19	10	L>	L>	L>				NA			NA	nega					nn	nn	לא
475258	SP	Leviticus	26	26	L>	L>	L>				NA			NA	nega				W	nn	nn	לא
411529	SP	Genesis	13	8	KJ	KJ	KJ				NA			NA	conj					nn	nn	כי
437490	SP	Exodus	7	5	KJ	KJ	KJ				NA			NA	conj					nn	nn	כי
429887	SP	Genesis	43	8	L>	L>	L>				NA			NA	nega				W	nn	nn	לא
474575	SP	Leviticus	25	42	KJ	KJ	KJ				NA			NA	conj					nn	nn	כי
474583	SP	Leviticus	25	42	L>	L>	L>				NA			NA	nega					nn	nn	לא
517564	SP	Deuteronomy	30	1	KJ	KJ	KJ				NA			NA	conj					nn	nn	כי
519488	SP	Deuteronomy	32	47	KJ	KJ	KJ				NA			NA	conj					nn	nn	כי
519489	SP	Deuteronomy	32	47	L>	L>	L>				NA			NA	nega					nn	nn	לא
519494	SP	Deuteronomy	32	47	KJ	KJ	KJ				NA			NA	conj					nn	nn	כי
471739	SP	Leviticus	21	3	L>	L>	L>				NA			NA	nega					nn	nn	לא
514363	SP	Deuteronomy	25	7	L>	L>	L>				NA			NA	nega					nn	nn	לא
514390	SP	Deuteronomy	25	7	L>	L>	L>				NA			NA	nega					nn	nn	לא
506159	SP	Deuteronomy	9	12	KJ	KJ	KJ				NA			NA	conj					nn	nn	כי
416126	SP	Genesis	22	17	KJ	KJ	KJ				NA			NA	conj					nn	nn	כי
421056	SP	Genesis	29	33	KJ	KJ	KJ				NA			NA	conj					nn	nn	כי
421059	SP	Genesis	29	33	KJ	KJ	KJ				NA			NA	conj					nn	nn	כי
417399	SP	Genesis	24	39	L>	L>	L>				NA			NA	nega					nn	nn	לא
490933	SP	Numbers	21	26	KJ	KJ	KJ				NA			NA	conj					nn	nn	כי
425812	SP	Genesis	37	4	KJ	KJ	KJ				NA			NA	conj					nn	nn	כי
425823	SP	Genesis	37	4	L>	L>	L>				NA			NA	nega				W	nn	nn	לא
447065	SP	Exodus	21	13	L>	L>	L>				NA			NA	nega					nn	nn	לא
454662	SP	Exodus	33	23	L>	L>	L>				NA			NA	nega					nn	nn	לא
490032	SP	Numbers	20	18	L>	L>	L>				NA			NA	nega					nn	nn	לא
472347	SP	Leviticus	22	15	L>	L>	L>				NA			NA	nega				W	nn	nn	לא
516236	SP	Deuteronomy	28	38	KJ	KJ	KJ				NA			NA	conj					nn	nn	כי
448011	SP	Exodus	23	6	L>	L>	L>				NA			NA	nega					nn	nn	לא
428278	SP	Genesis	41	19	L>	L>	L>				NA			NA	nega					nn	nn	לא
460983	SP	Leviticus	4	27	L>	L>	L>				NA			NA	nega					nn	nn	לא
465458	SP	Leviticus	11	43	L>	L>	L>				NA			NA	nega				W	nn	nn	לא
470745	SP	Leviticus	19	14	L>	L>	L>				NA			NA	nega					nn	nn	לא
470752	SP	Leviticus	19	14	L>	L>	L>				NA			NA	nega					nn	nn	לא
476958	SP	Numbers	1	49	L>	L>	L>				NA			NA	nega					nn	nn	לא
476963	SP	Numbers	1	49	L>	L>	L>				NA			NA	nega					nn	nn	לא
509844	SP	Deuteronomy	15	18	L>	L>	L>				NA			NA	nega				W	nn	nn	לא
509854	SP	Deuteronomy	15	18	KJ	KJ	KJ				NA			NA	conj					nn	nn	כי
439813	SP	Exodus	9	31	KJ	KJ	KJ				NA			NA	conj					nn	nn	כי
470214	SP	Leviticus	18	6	L>	L>	L>				NA			NA	nega					nn	nn	לא
416343	SP	Genesis	23	5	L>	L>	L>				NA			NA	nega					nn	nn	לא
486206	SP	Numbers	14	43	KJ	KJ	KJ				NA			NA	conj					nn	nn	כי
486219	SP	Numbers	14	43	KJ	KJ	KJ				NA			NA	conj					nn	nn	כי
486227	SP	Numbers	14	43	L>	L>	L>				NA			NA	nega				W	nn	nn	לא
519600	SP	Deuteronomy	32	51	L>	L>	L>				NA			NA	nega					nn	nn	לא
471794	SP	Leviticus	21	7	L>	L>	L>				NA			NA	nega					nn	nn	לא
471801	SP	Leviticus	21	7	L>	L>	L>				NA			NA	nega					nn	nn	לא
471803	SP	Leviticus	21	7	KJ	KJ	KJ				NA			NA	conj					nn	nn	כי
514450	SP	Deuteronomy	25	11	KJ	KJ	KJ				NA			NA	conj					nn	nn	כי
473158	SP	Leviticus	23	29	KJ	KJ	KJ				NA			NA	conj					nn	nn	כי
473163	SP	Leviticus	23	29	L>	L>	L>				NA			NA	nega					nn	nn	לא
455373	SP	Exodus	34	35	KJ	KJ	KJ				NA			NA	conj					nn	nn	כי
483788	SP	Numbers	11	13	KJ	KJ	KJ				NA			NA	conj					nn	nn	כי
419496	SP	Genesis	27	20	KJ	KJ	KJ				NA			NA	conj					nn	nn	כי
512955	SP	Deuteronomy	22	10	L>	L>	L>				NA			NA	nega					nn	nn	לא
429575	SP	Genesis	42	31	L>	L>	L>				NA			NA	nega					nn	nn	לא
496717	SP	Numbers	31	23	L>	L>	L>				NA			NA	nega					nn	nn	לא
464425	SP	Leviticus	10	9	L>	L>	L>				NA			NA	nega				W	nn	nn	לא
407190	SP	Genesis	4	7	L>	LW>	LW>				NA			NA	nega				H	nnn	nnn	לוא
407196	SP	Genesis	4	7	L>	L>	L>				NA			NA	nega					nn	nn	לא
424158	SP	Genesis	34	7	KJ	KJ	KJ				NA			NA	conj					nn	nn	כי
424170	SP	Genesis	34	7	L>	L>	L>				NA			NA	nega					nn	nn	לא
513861	SP	Deuteronomy	24	3	KJ	KJ	KJ				NA			NA	conj					nn	nn	כי
488346	SP	Numbers	18	5	L>	L>	L>				NA			NA	nega				W	nn	nn	לא
445120	SP	Exodus	18	16	KJ	KJ	KJ				NA			NA	conj					nn	nn	כי
496143	SP	Numbers	30	15	KJ	KJ	KJ				NA			NA	conj					nn	nn	כי
465557	SP	Leviticus	11	47	L>	L>	L>				NA			NA	nega					nn	nn	לא
465573	SP	Leviticus	12	2	KJ	KJ	KJ				NA			NA	conj					nn	nn	כי
454237	SP	Exodus	33	3	KJ	KJ	KJ				NA			NA	conj					nn	nn	כי
454238	SP	Exodus	33	3	L>	L>	L>				NA			NA	nega					nn	nn	לא
454242	SP	Exodus	33	3	KJ	KJ	KJ				NA			NA	conj					nn	nn	כי
470808	SP	Leviticus	19	18	L>	L>	L>				NA			NA	nega					nn	nn	לא
470811	SP	Leviticus	19	18	L>	L>	L>				NA			NA	nega				W	nn	nn	לא
409430	SP	Genesis	8	22	L>	L>	L>				NA			NA	nega					nn	nn	לא
430066	SP	Genesis	43	16	KJ	KJ	KJ				NA			NA	conj					nn	nn	כי
426820	SP	Genesis	38	22	L>	L>	L>				NA			NA	nega					nn	nn	לא
426828	SP	Genesis	38	22	L>	L>	L>				NA			NA	nega					nn	nn	לא
466052	SP	Leviticus	13	16	KJ	KJ	KJ				NA			NA	conj					nn	nn	כי
413597	SP	Genesis	18	15	L>	L>	L>				NA			NA	nega					nn	nn	לא
413599	SP	Genesis	18	15	KJ	KJ	KJ				NA			NA	conj					nn	nn	כי
413604	SP	Genesis	18	15	KJ	KJ	KJ				NA			NA	conj					nn	nn	כי
471874	SP	Leviticus	21	11	L>	L>	L>				NA			NA	nega					nn	nn	לא
471881	SP	Leviticus	21	11	L>	L>	L>				NA			NA	nega					nn	nn	לא
469312	SP	Leviticus	16	17	L>	L>	L>				NA			NA	nega					nn	nn	לא
495308	SP	Numbers	29	7	L>	L>	L>				NA			NA	nega					nn	nn	לא
417569	SP	Genesis	24	47	MJ	MJ	MJ				NA			NA	prin					nn	nn	מי
406422	SP	Genesis	2	18	L>	L>	L>				NA			NA	nega					nn	nn	לא
442662	SP	Exodus	14	5	KJ	KJ	KJ				NA			NA	conj					nn	nn	כי
442680	SP	Exodus	14	5	KJ	KJ	KJ				NA			NA	conj					nn	nn	כי
423366	SP	Genesis	32	18	KJ	KJ	KJ				NA			NA	conj					nn	nn	כי
423375	SP	Genesis	32	18	MJ	MJ	MJ				NA			NA	prin				L	nn	nn	מי
423382	SP	Genesis	32	18	MJ	MJ	MJ				NA			NA	prin				WL	nn	nn	מי
439216	SP	Exodus	9	11	L>	L>	L>				NA			NA	nega				W	nn	nn	לא
439229	SP	Exodus	9	11	KJ	KJ	KJ				NA			NA	conj					nn	nn	כי
447176	SP	Exodus	21	21	L>	L>	L>				NA			NA	nega					nn	nn	לא
447178	SP	Exodus	21	21	KJ	KJ	KJ				NA			NA	conj					nn	nn	כי
513011	SP	Deuteronomy	22	14	L>	L>	L>				NA			NA	nega				W	nn	nn	לא
444270	SP	Exodus	16	27	L>	L>	L>				NA			NA	nega				W	nn	nn	לא
474287	SP	Leviticus	25	26	KJ	KJ	KJ				NA			NA	conj					nn	nn	כי
474288	SP	Leviticus	25	26	L>	L>	L>				NA			NA	nega					nn	nn	לא
482174	SP	Numbers	8	16	KJ	KJ	KJ				NA			NA	conj					nn	nn	כי
519242	SP	Deuteronomy	32	31	KJ	KJ	KJ				NA			NA	conj					nn	nn	כי
519243	SP	Deuteronomy	32	31	L>	L>	L>				NA			NA	nega					nn	nn	לא
493690	SP	Numbers	26	33	L>	L>	L>				NA			NA	nega					nn	nn	לא
493694	SP	Numbers	26	33	KJ	KJ	KJ				NA			NA	conj					nn	nn	כי
464505	SP	Leviticus	10	13	KJ	KJ	KJ				NA			NA	conj					nn	nn	כי
464514	SP	Leviticus	10	13	KJ	KJ	KJ				NA			NA	conj					nn	nn	כי
510209	SP	Deuteronomy	16	12	KJ	KJ	KJ				NA			NA	conj					nn	nn	כי
513945	SP	Deuteronomy	24	7	KJ	KJ	KJ				NA			NA	conj					nn	nn	כי
518658	SP	Deuteronomy	31	23	KJ	KJ	KJ				NA			NA	conj					nn	nn	כי
422711	SP	Genesis	31	39	L>	L>	L>				NA			NA	nega					nn	nn	לא
495111	SP	Numbers	28	26	L>	L>	L>				NA			NA	nega					nn	nn	לא
430504	SP	Genesis	44	4	L>	L>	L>				NA			NA	nega					nn	nn	לא
427221	SP	Genesis	39	10	L>	L>	L>				NA			NA	nega				W	nn	nn	לא
405596	SP	Genesis	1	10	KJ	KJ	KJ				NA			NA	conj					nn	nn	כי
489478	SP	Numbers	20	2	L>	L>	L>				NA			NA	nega				W	nn	nn	לא
418822	SP	Genesis	26	16	KJ	KJ	KJ				NA			NA	conj					nn	nn	כי
426919	SP	Genesis	38	26	KJ	KJ	KJ				NA			NA	conj					nn	nn	כי
426922	SP	Genesis	38	26	L>	L>	L>				NA			NA	nega					nn	nn	לא
426928	SP	Genesis	38	26	L>	L>	L>				NA			NA	nega				W	nn	nn	לא
486399	SP	Numbers	15	8	KJ	KJ	KJ				NA			NA	conj				W	nn	nn	כי
413651	SP	Genesis	18	19	KJ	KJ	KJ				NA			NA	conj					nn	nn	כי
441387	SP	Exodus	12	16	L>	L>	L>				NA			NA	nega					nn	nn	לא
508716	SP	Deuteronomy	13	9	L>	L>	L>				NA			NA	nega					nn	nn	לא
508720	SP	Deuteronomy	13	9	L>	L>	L>				NA			NA	nega				W	nn	nn	לא
508724	SP	Deuteronomy	13	9	L>	L>	L>				NA			NA	nega				W	nn	nn	לא
508729	SP	Deuteronomy	13	9	L>	L>	L>				NA			NA	nega				W	nn	nn	לא
508732	SP	Deuteronomy	13	9	L>	L>	L>				NA			NA	nega				W	nn	nn	לא
440559	SP	Exodus	10	23	L>	L>	L>				NA			NA	nega					nn	nn	לא
440565	SP	Exodus	10	23	L>	L>	L>				NA			NA	nega				W	nn	nn	לא
513778	SP	Deuteronomy	23	26	KJ	KJ	KJ				NA			NA	conj					nn	nn	כי
513790	SP	Deuteronomy	23	26	L>	L>	L>				NA			NA	nega					nn	nn	לא
475022	SP	Leviticus	26	14	L>	L>	L>				NA			NA	nega					nn	nn	לא
475026	SP	Leviticus	26	14	L>	L>	L>				NA			NA	nega				W	nn	nn	לא
415017	SP	Genesis	20	12	L>	L>	L>				NA			NA	nega					nn	nn	לא
509503	SP	Deuteronomy	15	2	L>	L>	L>				NA			NA	nega					nn	nn	לא
509509	SP	Deuteronomy	15	2	KJ	KJ	KJ				NA			NA	conj					nn	nn	כי
439310	SP	Exodus	9	15	KJ	KJ	KJ				NA			NA	conj					nn	nn	כי
474368	SP	Leviticus	25	30	L>	L>	L>				NA			NA	nega					nn	nn	לא
474392	SP	Leviticus	25	30	L>	L>	L>				NA			NA	nega					nn	nn	לא
519291	SP	Deuteronomy	32	35	KJ	KJ	KJ				NA			NA	conj					nn	nn	כי
461688	SP	Leviticus	5	23	KJ	KJ	KJ				NA			NA	conj					nn	nn	כי
510324	SP	Deuteronomy	16	16	L>	L>	L>				NA			NA	nega				W	nn	nn	לא
420861	SP	Genesis	29	21	KJ	KJ	KJ				NA			NA	conj					nn	nn	כי
480110	SP	Numbers	6	3	L>	L>	L>				NA			NA	nega					nn	nn	לא
480116	SP	Numbers	6	3	L>	L>	L>				NA			NA	nega					nn	nn	לא
480123	SP	Numbers	6	3	L>	L>	L>				NA			NA	nega					nn	nn	לא
417162	SP	Genesis	24	27	L>	L>	L>				NA			NA	nega					nn	nn	לא
445328	SP	Exodus	18	24	L>	L>	L>				NA			NA	nega					nn	nn	לא
518725	SP	Deuteronomy	31	27	KJ	KJ	KJ				NA			NA	conj					nn	nn	כי
518748	SP	Deuteronomy	31	27	KJ	KJ	KJ				NA			NA	conj					nn	nn	כי
520160	SP	Deuteronomy	34	4	L>	L>	L>				NA			NA	nega					nn	nn	לא
467755	SP	Leviticus	14	32	L>	L>	L>				NA			NA	nega					nn	nn	לא
432335	SP	Genesis	47	9	L>	L>	L>				NA			NA	nega				W	nn	nn	לא
437087	SP	Exodus	6	12	L>	L>	L>				NA			NA	nega					nn	nn	לא
448555	SP	Exodus	24	2	L>	L>	L>				NA			NA	nega					nn	nn	לא
448560	SP	Exodus	24	2	L>	L>	L>				NA			NA	nega					nn	nn	לא
429256	SP	Genesis	42	15	KJ	KJ	KJ				NA			NA	conj					nn	nn	כי
418899	SP	Genesis	26	20	KJ	KJ	KJ				NA			NA	conj					nn	nn	כי
469944	SP	Leviticus	17	9	L>	L>	L>				NA			NA	nega					nn	nn	לא
491703	SP	Numbers	22	28	KJ	KJ	KJ				NA			NA	conj					nn	nn	כי
410477	SP	Genesis	11	7	L>	L>	L>				NA			NA	nega					nn	nn	לא
408246	SP	Genesis	6	13	KJ	KJ	KJ				NA			NA	conj					nn	nn	כי
508794	SP	Deuteronomy	13	13	KJ	KJ	KJ				NA			NA	conj					nn	nn	כי
476105	SP	Leviticus	27	26	L>	L>	L>				NA			NA	nega					nn	nn	לא
505831	SP	Deuteronomy	8	19	KJ	KJ	KJ				NA			NA	conj					nn	nn	כי
435462	SP	Exodus	3	11	MJ	MJ	MJ				NA			NA	prin					nn	nn	מי
435464	SP	Exodus	3	11	KJ	KJ	KJ				NA			NA	conj					nn	nn	כי
435469	SP	Exodus	3	11	KJ	KJ	KJ				NA			NA	conj				W	nn	nn	כי
443551	SP	Exodus	15	21	KJ	KJ	KJ				NA			NA	conj					nn	nn	כי
440654	SP	Exodus	10	27	L>	L>	L>				NA			NA	nega				W	nn	nn	לא
487770	SP	Numbers	17	5	L>	L>	L>				NA			NA	nega					nn	nn	לא
487775	SP	Numbers	17	5	L>	L>	L>				NA			NA	nega					nn	nn	לא
487787	SP	Numbers	17	5	L>	L>	L>				NA			NA	nega				W	nn	nn	לא
470583	SP	Leviticus	19	2	KJ	KJ	KJ				NA			NA	conj					nn	nn	כי
475106	SP	Leviticus	26	18	L>	L>	L>				NA			NA	nega					nn	nn	לא
434734	SP	Exodus	2	3	L>	L>	L>				NA			NA	nega				W	nn	nn	לא
446573	SP	Exodus	20	20	KJ	KJ	KJ				NA			NA	conj					nn	nn	כי
509570	SP	Deuteronomy	15	6	KJ	KJ	KJ				NA			NA	conj					nn	nn	כי
509584	SP	Deuteronomy	15	6	L>	L>	L>				NA			NA	nega					nn	nn	לא
509593	SP	Deuteronomy	15	6	L>	L>	L>				NA			NA	nega					nn	nn	לא
439399	SP	Exodus	9	19	L>	L>	L>				NA			NA	nega				W	nn	nn	לא
439431	SP	Exodus	9	19	KJ	KJ	KJ				NA			NA	conj					nn	nn	כי
439452	SP	Exodus	9	19	KJ	KJ	KJ				NA			NA	conj					nn	nn	כי
439459	SP	Exodus	9	19	KJ	KJ	KJ				NA			NA	conj					nn	nn	כי
439512	SP	Exodus	9	19	L>	L>	L>				NA			NA	nega					nn	nn	לא
439549	SP	Exodus	9	19	L>	L>	L>				NA			NA	nega				W	nn	nn	לא
506870	SP	Deuteronomy	10	12	KJ	KJ	KJ				NA			NA	conj					nn	nn	כי
436302	SP	Exodus	4	25	KJ	KJ	KJ				NA			NA	conj					nn	nn	כי
499029	SP	Numbers	34	14	KJ	KJ	KJ				NA			NA	conj					nn	nn	כי
421657	SP	Genesis	30	33	KJ	KJ	KJ				NA			NA	conj					nn	nn	כי
519340	SP	Deuteronomy	32	39	KJ	KJ	KJ				NA			NA	conj					nn	nn	כי
411995	SP	Genesis	14	14	KJ	KJ	KJ				NA			NA	conj					nn	nn	כי
447726	SP	Exodus	22	13	KJ	KJ	KJ				NA			NA	conj				W	nn	nn	כי
413104	SP	Genesis	17	15	L>	L>	L>				NA			NA	nega					nn	nn	לא
413109	SP	Genesis	17	15	KJ	KJ	KJ				NA			NA	conj					nn	nn	כי
480186	SP	Numbers	6	7	L>	L>	L>				NA			NA	nega					nn	nn	לא
480191	SP	Numbers	6	7	KJ	KJ	KJ				NA			NA	conj					nn	nn	כי
500053	SP	Numbers	36	7	L>	L>	L>				NA			NA	nega				W	nn	nn	לא
500063	SP	Numbers	36	7	KJ	KJ	KJ				NA			NA	conj					nn	nn	כי
511799	SP	Deuteronomy	19	21	L>	L>	L>				NA			NA	nega					nn	nn	לא
509420	SP	Deuteronomy	14	27	L>	L>	L>				NA			NA	nega					nn	nn	לא
509422	SP	Deuteronomy	14	27	KJ	KJ	KJ				NA			NA	conj					nn	nn	כי
502690	SP	Deuteronomy	4	8	MJ	MJ	MJ				NA			NA	prin				W	nn	nn	מי
446959	SP	Exodus	21	5	L>	L>	L>				NA			NA	nega					nn	nn	לא
517184	SP	Deuteronomy	29	14	KJ	KJ	KJ				NA			NA	conj					nn	nn	כי
418963	SP	Genesis	26	24	KJ	KJ	KJ				NA			NA	conj					nn	nn	כי
415681	SP	Genesis	21	30	KJ	KJ	KJ				NA			NA	conj					nn	nn	כי
415695	SP	Genesis	21	30	KJ	KJ	KJ				NA			NA	conj					nn	nn	כי
516081	SP	Deuteronomy	28	30	L>	L>	L>				NA			NA	nega				W	nn	nn	לא
516087	SP	Deuteronomy	28	30	L>	L>	L>				NA			NA	nega				W	nn	nn	לא
491796	SP	Numbers	22	32	KJ	KJ	KJ				NA			NA	conj					nn	nn	כי
444859	SP	Exodus	18	4	KJ	KJ	KJ				NA			NA	conj					nn	nn	כי
495882	SP	Numbers	30	3	KJ	KJ	KJ				NA			NA	conj					nn	nn	כי
495896	SP	Numbers	30	3	L>	L>	L>				NA			NA	nega					nn	nn	לא
518190	SP	Deuteronomy	31	7	KJ	KJ	KJ				NA			NA	conj					nn	nn	כי
520070	SP	Deuteronomy	33	29	MJ	MJ	MJ				NA			NA	prin					nn	nn	מי
432143	SP	Genesis	46	34	KJ	KJ	KJ				NA			NA	conj					nn	nn	כי
506962	SP	Deuteronomy	10	16	L>	L>	L>				NA			NA	nega					nn	nn	לא
431539	SP	Genesis	45	26	KJ	KJ	KJ				NA			NA	conj				W	nn	nn	כי
431549	SP	Genesis	45	26	KJ	KJ	KJ				NA			NA	conj					nn	nn	כי
431550	SP	Genesis	45	26	L>	L>	L>				NA			NA	nega					nn	nn	לא
504161	SP	Deuteronomy	5	22	L>	L>	L>				NA			NA	nega				W	nn	nn	לא
465817	SP	Leviticus	13	4	L>	L>	L>				NA			NA	nega					nn	nn	לא
486034	SP	Numbers	14	35	L>	L>	L>				NA			NA	nega					nn	nn	לא
408492	SP	Genesis	7	2	L>	L>	L>				NA			NA	nega					nn	nn	לא
514289	SP	Deuteronomy	25	3	L>	L>	L>				NA			NA	nega					nn	nn	לא
473030	SP	Leviticus	23	21	L>	L>	L>				NA			NA	nega					nn	nn	לא
443289	SP	Exodus	15	1	KJ	KJ	KJ				NA			NA	conj					nn	nn	כי
447784	SP	Exodus	22	17	L>	L>	L>				NA			NA	nega					nn	nn	לא
513506	SP	Deuteronomy	23	10	KJ	KJ	KJ				NA			NA	conj					nn	nn	כי
452349	SP	Exodus	29	33	L>	L>	L>				NA			NA	nega					nn	nn	לא
452351	SP	Exodus	29	33	KJ	KJ	KJ				NA			NA	conj					nn	nn	כי
505222	SP	Deuteronomy	7	15	L>	L>	L>				NA			NA	nega					nn	nn	לא
487523	SP	Numbers	16	28	KJ	KJ	KJ				NA			NA	conj					nn	nn	כי
487534	SP	Numbers	16	28	KJ	KJ	KJ				NA			NA	conj					nn	nn	כי
487535	SP	Numbers	16	28	L>	L>	L>				NA			NA	nega					nn	nn	לא
484292	SP	Numbers	11	34	KJ	KJ	KJ				NA			NA	conj					nn	nn	כי
419363	SP	Genesis	27	12	L>	L>	L>				NA			NA	nega				W	nn	nn	לא
512777	SP	Deuteronomy	22	2	L>	L>	L>				NA			NA	nega					nn	nn	לא
512782	SP	Deuteronomy	22	2	L>	L>	L>				NA			NA	nega				W	nn	nn	לא
444033	SP	Exodus	16	15	KJ	KJ	KJ				NA			NA	conj					nn	nn	כי
444034	SP	Exodus	16	15	L>	L>	L>				NA			NA	nega					nn	nn	לא
474085	SP	Leviticus	25	14	KJ	KJ	KJ				NA			NA	conj				W	nn	nn	כי
517295	SP	Deuteronomy	29	18	KJ	KJ	KJ				NA			NA	conj					nn	nn	כי
421295	SP	Genesis	30	13	KJ	KJ	KJ				NA			NA	conj					nn	nn	כי
429419	SP	Genesis	42	23	L>	L>	L>				NA			NA	nega					nn	nn	לא
429421	SP	Genesis	42	23	KJ	KJ	KJ				NA			NA	conj					nn	nn	כי
429424	SP	Genesis	42	23	KJ	KJ	KJ				NA			NA	conj					nn	nn	כי
419027	SP	Genesis	26	28	KJ	KJ	KJ				NA			NA	conj					nn	nn	כי
464257	SP	Leviticus	10	1	L>	L>	L>				NA			NA	nega					nn	nn	לא
461331	SP	Leviticus	5	7	L>	L>	L>				NA			NA	nega					nn	nn	לא
454715	SP	Exodus	34	3	L>	L>	L>				NA			NA	nega					nn	nn	לא
511353	SP	Deuteronomy	19	1	KJ	KJ	KJ				NA			NA	conj					nn	nn	כי
422459	SP	Genesis	31	27	L>	L>	L>				NA			NA	nega				W	nn	nn	לא
465363	SP	Leviticus	11	39	KJ	KJ	KJ				NA			NA	conj				W	nn	nn	כי
435689	SP	Exodus	3	19	KJ	KJ	KJ				NA			NA	conj					nn	nn	כי
435690	SP	Exodus	3	19	L>	L>	L>				NA			NA	nega					nn	nn	לא
435698	SP	Exodus	3	19	L>	LW>	LW>				NA			NA	nega				H	nnn	nnn	לוא
507661	SP	Deuteronomy	11	28	L>	L>	L>				NA			NA	nega					nn	nn	לא
507684	SP	Deuteronomy	11	28	L>	L>	L>				NA			NA	nega					nn	nn	לא
499792	SP	Numbers	35	30	L>	L>	L>				NA			NA	nega					nn	nn	לא
428736	SP	Genesis	41	44	L>	L>	L>				NA			NA	nega					nn	nn	לא
433563	SP	Genesis	49	15	KJ	KJ	KJ				NA			NA	conj					nn	nn	כי
433569	SP	Genesis	49	15	KJ	KJ	KJ				NA			NA	conj					nn	nn	כי
438608	SP	Exodus	8	18	KJ	KJ	KJ				NA			NA	conj					nn	nn	כי
501955	SP	Deuteronomy	3	4	L>	L>	L>				NA			NA	nega					nn	nn	לא
501959	SP	Deuteronomy	3	4	L>	L>	L>				NA			NA	nega					nn	nn	לא
406992	SP	Genesis	3	20	KJ	KJ	KJ				NA			NA	conj					nn	nn	כי
426661	SP	Genesis	38	14	KJ	KJ	KJ				NA			NA	conj					nn	nn	כי
426663	SP	Genesis	38	14	KJ	KJ	KJ				NA			NA	conj					nn	nn	כי
426668	SP	Genesis	38	14	L>	L>	L>				NA			NA	nega					nn	nn	לא
515677	SP	Deuteronomy	28	10	KJ	KJ	KJ				NA			NA	conj					nn	nn	כי
491363	SP	Numbers	22	12	L>	L>	L>				NA			NA	nega					nn	nn	לא
491367	SP	Numbers	22	12	L>	L>	L>				NA			NA	nega				W	nn	nn	לא
491372	SP	Numbers	22	12	KJ	KJ	KJ				NA			NA	conj					nn	nn	כי
504252	SP	Deuteronomy	5	26	KJ	KJ	KJ				NA			NA	conj					nn	nn	כי
504253	SP	Deuteronomy	5	26	MJ	MJ	MJ				NA			NA	prin					nn	nn	מי
473097	SP	Leviticus	23	25	L>	L>	L>				NA			NA	nega					nn	nn	לא
440282	SP	Exodus	10	11	KJ	KJ	KJ				NA			NA	conj					nn	nn	כי
447814	SP	Exodus	22	21	L>	L>	L>				NA			NA	nega					nn	nn	לא
431159	SP	Genesis	45	6	KJ	KJ	KJ				NA			NA	conj					nn	nn	כי
512866	SP	Deuteronomy	22	6	KJ	KJ	KJ				NA			NA	conj					nn	nn	כי
512895	SP	Deuteronomy	22	6	L>	L>	L>				NA			NA	nega					nn	nn	לא
435931	SP	Exodus	4	9	L>	L>	L>				NA			NA	nega					nn	nn	לא
435941	SP	Exodus	4	9	L>	L>	L>				NA			NA	nega				W	nn	nn	לא
517408	SP	Deuteronomy	29	22	L>	L>	L>				NA			NA	nega					nn	nn	לא
517411	SP	Deuteronomy	29	22	L>	L>	L>				NA			NA	nega				W	nn	nn	לא
517414	SP	Deuteronomy	29	22	L>	L>	L>				NA			NA	nega				W	nn	nn	לא
448816	SP	Exodus	24	14	MJ	MJ	MJ				NA			NA	prin					nn	nn	מי
461426	SP	Leviticus	5	11	L>	L>	L>				NA			NA	nega					nn	nn	לא
461449	SP	Leviticus	5	11	L>	L>	L>				NA			NA	nega					nn	nn	לא
461454	SP	Leviticus	5	11	L>	L>	L>				NA			NA	nega				W	nn	nn	לא
461458	SP	Leviticus	5	11	KJ	KJ	KJ				NA			NA	conj					nn	nn	כי
483419	SP	Numbers	10	30	L>	L>	L>				NA			NA	nega					nn	nn	לא
483421	SP	Numbers	10	30	KJ	KJ	KJ				NA			NA	conj					nn	nn	כי
510026	SP	Deuteronomy	16	4	L>	L>	L>				NA			NA	nega				W	nn	nn	לא
510036	SP	Deuteronomy	16	4	L>	L>	L>				NA			NA	nega				W	nn	nn	לא
485140	SP	Numbers	13	31	L>	L>	L>				NA			NA	nega					nn	nn	לא
485147	SP	Numbers	13	31	KJ	KJ	KJ				NA			NA	conj					nn	nn	כי
420644	SP	Genesis	29	9	KJ	KJ	KJ				NA			NA	conj					nn	nn	כי
422533	SP	Genesis	31	31	KJ	KJ	KJ				NA			NA	conj					nn	nn	כי
422535	SP	Genesis	31	31	KJ	KJ	KJ				NA			NA	conj					nn	nn	כי
516848	SP	Deuteronomy	28	67	MJ	MJ	MJ				NA			NA	prin					nn	nn	מי
516855	SP	Deuteronomy	28	67	MJ	MJ	MJ				NA			NA	prin					nn	nn	מי
494983	SP	Numbers	28	18	L>	L>	L>				NA			NA	nega					nn	nn	לא
492395	SP	Numbers	23	24	L>	L>	L>				NA			NA	nega					nn	nn	לא
499868	SP	Numbers	35	34	L>	L>	L>				NA			NA	nega				W	nn	nn	לא
499882	SP	Numbers	35	34	KJ	KJ	KJ				NA			NA	conj					nn	nn	כי
442450	SP	Exodus	13	16	KJ	KJ	KJ				NA			NA	conj					nn	nn	כי
438770	SP	Exodus	8	22	L>	L>	L>				NA			NA	nega					nn	nn	לא
438775	SP	Exodus	8	22	KJ	KJ	KJ				NA			NA	conj					nn	nn	כי
438790	SP	Exodus	8	22	L>	L>	L>				NA			NA	nega				W	nn	nn	לא
515779	SP	Deuteronomy	28	14	L>	L>	L>				NA			NA	nega				W	nn	nn	לא
459389	SP	Leviticus	1	2	KJ	KJ	KJ				NA			NA	conj					nn	nn	כי
408015	SP	Genesis	6	1	KJ	KJ	KJ				NA			NA	conj					nn	nn	כי
477533	SP	Numbers	2	33	L>	L>	L>				NA			NA	nega					nn	nn	לא
508512	SP	Deuteronomy	13	1	L>	L>	L>				NA			NA	nega					nn	nn	לא
508516	SP	Deuteronomy	13	1	L>	L>	L>				NA			NA	nega				W	nn	nn	לא
475868	SP	Leviticus	27	14	KJ	KJ	KJ				NA			NA	conj					nn	nn	כי
433095	SP	Genesis	48	11	L>	L>	L>				NA			NA	nega					nn	nn	לא
505584	SP	Deuteronomy	8	7	KJ	KJ	KJ				NA			NA	conj					nn	nn	כי
469212	SP	Leviticus	16	13	L>	L>	L>				NA			NA	nega				W	nn	nn	לא
440420	SP	Exodus	10	15	L>	L>	L>				NA			NA	nega				W	nn	nn	לא
513647	SP	Deuteronomy	23	18	L>	L>	L>				NA			NA	nega					nn	nn	לא
513654	SP	Deuteronomy	23	18	L>	L>	L>				NA			NA	nega				W	nn	nn	לא
474919	SP	Leviticus	26	6	L>	L>	L>				NA			NA	nega					nn	nn	לא
414827	SP	Genesis	20	4	L>	L>	L>				NA			NA	nega					nn	nn	לא
412376	SP	Genesis	15	10	L>	L>	L>				NA			NA	nega					nn	nn	לא
439123	SP	Exodus	9	7	L>	L>	L>				NA			NA	nega					nn	nn	לא
439136	SP	Exodus	9	7	L>	L>	L>				NA			NA	nega				W	nn	nn	לא
498810	SP	Numbers	34	2	KJ	KJ	KJ				NA			NA	conj					nn	nn	כי
510805	SP	Deuteronomy	17	16	L>	L>	L>				NA			NA	nega					nn	nn	לא
510810	SP	Deuteronomy	17	16	L>	L>	L>				NA			NA	nega				W	nn	nn	לא
510824	SP	Deuteronomy	17	16	L>	L>	L>				NA			NA	nega					nn	nn	לא
489206	SP	Numbers	19	13	L>	L>	L>				NA			NA	nega				W	nn	nn	לא
489220	SP	Numbers	19	13	KJ	KJ	KJ				NA			NA	conj					nn	nn	כי
489223	SP	Numbers	19	13	L>	L>	L>				NA			NA	nega					nn	nn	לא
512156	SP	Deuteronomy	20	17	KJ	KJ	KJ				NA			NA	conj					nn	nn	כי
519204	SP	Deuteronomy	32	27	L>	L>	L>				NA			NA	nega				W	nn	nn	לא
461512	SP	Leviticus	5	15	KJ	KJ	KJ				NA			NA	conj					nn	nn	כי
510128	SP	Deuteronomy	16	8	L>	L>	L>				NA			NA	nega					nn	nn	לא
511546	SP	Deuteronomy	19	9	KJ	KJ	KJ				NA			NA	conj					nn	nn	כי
422631	SP	Genesis	31	35	KJ	KJ	KJ				NA			NA	conj					nn	nn	כי
422632	SP	Genesis	31	35	L>	L>	L>				NA			NA	nega					nn	nn	לא
422638	SP	Genesis	31	35	KJ	KJ	KJ				NA			NA	conj					nn	nn	כי
422646	SP	Genesis	31	35	L>	L>	L>				NA			NA	nega				W	nn	nn	לא
487224	SP	Numbers	16	12	L>	L>	L>				NA			NA	nega					nn	nn	לא
427118	SP	Genesis	39	6	L>	L>	L>				NA			NA	nega				W	nn	nn	לא
427122	SP	Genesis	39	6	KJ	KJ	KJ				NA			NA	conj					nn	nn	כי
428898	SP	Genesis	41	52	KJ	KJ	KJ				NA			NA	conj					nn	nn	כי
434462	SP	Exodus	1	10	KJ	KJ	KJ				NA			NA	conj					nn	nn	כי
425986	SP	Genesis	37	13	L>	LW>	LW>				NA			NA	nega				H	nnn	nnn	לוא
518860	SP	Deuteronomy	32	3	KJ	KJ	KJ				NA			NA	conj					nn	nn	כי
415482	SP	Genesis	21	18	KJ	KJ	KJ				NA			NA	conj					nn	nn	כי
408109	SP	Genesis	6	5	KJ	KJ	KJ				NA			NA	conj					nn	nn	כי
472521	SP	Leviticus	22	24	L>	L>	L>				NA			NA	nega					nn	nn	לא
472528	SP	Leviticus	22	24	L>	L>	L>				NA			NA	nega					nn	nn	לא
409540	SP	Genesis	9	6	KJ	KJ	KJ				NA			NA	conj					nn	nn	כי
435284	SP	Exodus	3	3	L>	L>	L>				NA			NA	nega					nn	nn	לא
440500	SP	Exodus	10	19	L>	L>	L>				NA			NA	nega					nn	nn	לא
479657	SP	Numbers	5	14	L>	L>	L>				NA			NA	nega					nn	nn	לא
513717	SP	Deuteronomy	23	22	KJ	KJ	KJ				NA			NA	conj					nn	nn	כי
513723	SP	Deuteronomy	23	22	L>	L>	L>				NA			NA	nega					nn	nn	לא
513727	SP	Deuteronomy	23	22	KJ	KJ	KJ				NA			NA	conj					nn	nn	כי
406666	SP	Genesis	3	4	L>	L>	L>				NA			NA	nega					nn	nn	לא
473752	SP	Leviticus	24	17	KJ	KJ	KJ				NA			NA	conj					nn	nn	כי
484326	SP	Numbers	12	1	KJ	KJ	KJ				NA			NA	conj					nn	nn	כי
437788	SP	Exodus	7	18	L>	L>	L>				NA			NA	nega					nn	nn	לא
437798	SP	Exodus	7	18	KJ	KJ	KJ				NA			NA	conj					nn	nn	כי
485827	SP	Numbers	14	23	L>	L>	L>				NA			NA	nega					nn	nn	לא
474801	SP	Leviticus	25	55	KJ	KJ	KJ				NA			NA	conj					nn	nn	כי
470309	SP	Leviticus	18	15	L>	L>	L>				NA			NA	nega					nn	nn	לא
470314	SP	Leviticus	18	15	L>	L>	L>				NA			NA	nega					nn	nn	לא
420174	SP	Genesis	28	8	KJ	KJ	KJ				NA			NA	conj					nn	nn	כי
447562	SP	Exodus	22	5	KJ	KJ	KJ				NA			NA	conj					nn	nn	כי
517859	SP	Deuteronomy	30	14	KJ	KJ	KJ				NA			NA	conj					nn	nn	כי
417106	SP	Genesis	24	23	MJ	MJ	MJ				NA			NA	prin					nn	nn	מי
504939	SP	Deuteronomy	7	3	L>	L>	L>				NA			NA	nega				W	nn	nn	לא
504943	SP	Deuteronomy	7	3	L>	L>	L>				NA			NA	nega					nn	nn	לא
504949	SP	Deuteronomy	7	3	L>	L>	L>				NA			NA	nega					nn	nn	לא
511647	SP	Deuteronomy	19	13	L>	L>	L>				NA			NA	nega					nn	nn	לא
509244	SP	Deuteronomy	14	19	L>	L>	L>				NA			NA	nega					nn	nn	לא
453897	SP	Exodus	32	22	KJ	KJ	KJ				NA			NA	conj					nn	nn	כי
443745	SP	Exodus	16	3	MJ	MJ	MJ				NA			NA	prin					nn	nn	מי
443765	SP	Exodus	16	3	KJ	KJ	KJ				NA			NA	conj					nn	nn	כי
473866	SP	Leviticus	25	2	KJ	KJ	KJ				NA			NA	conj					nn	nn	כי
421122	SP	Genesis	30	1	KJ	KJ	KJ				NA			NA	conj					nn	nn	כי
421123	SP	Genesis	30	1	L>	L>	L>				NA			NA	nega					nn	nn	לא
429195	SP	Genesis	42	11	L>	L>	L>				NA			NA	nega					nn	nn	לא
426061	SP	Genesis	37	17	KJ	KJ	KJ				NA			NA	conj					nn	nn	כי
453277	SP	Exodus	31	14	KJ	KJ	KJ				NA			NA	conj					nn	nn	כי
453284	SP	Exodus	31	14	KJ	KJ	KJ				NA			NA	conj					nn	nn	כי
476033	SP	Leviticus	27	22	L>	L>	L>				NA			NA	nega					nn	nn	לא
422234	SP	Genesis	31	15	L>	LW>	LW>				NA			NA	nega				H	nnn	nnn	לוא
422239	SP	Genesis	31	15	KJ	KJ	KJ				NA			NA	conj					nn	nn	כי
472592	SP	Leviticus	22	28	L>	L>	L>				NA			NA	nega					nn	nn	לא
519953	SP	Deuteronomy	33	21	KJ	KJ	KJ				NA			NA	conj					nn	nn	כי
435372	SP	Exodus	3	7	KJ	KJ	KJ				NA			NA	conj					nn	nn	כי
428512	SP	Genesis	41	32	KJ	KJ	KJ				NA			NA	conj					nn	nn	כי
442008	SP	Exodus	12	45	L>	L>	L>				NA			NA	nega					nn	nn	לא
501850	SP	Deuteronomy	2	37	L>	L>	L>				NA			NA	nega					nn	nn	לא
438324	SP	Exodus	8	6	KJ	KJ	KJ				NA			NA	conj					nn	nn	כי
446269	SP	Exodus	20	16	L>	L>	L>				NA			NA	nega					nn	nn	לא
423803	SP	Genesis	33	8	MJ	MJ	MJ				NA			NA	prin					nn	nn	מי
436242	SP	Exodus	4	21	L>	L>	L>				NA			NA	nega				W	nn	nn	לא
503890	SP	Deuteronomy	5	14	L>	L>	L>				NA			NA	nega					nn	nn	לא
437968	SP	Exodus	7	22	L>	L>	L>				NA			NA	nega				W	nn	nn	לא
430248	SP	Genesis	43	25	KJ	KJ	KJ				NA			NA	conj					nn	nn	כי
430250	SP	Genesis	43	25	KJ	KJ	KJ				NA			NA	conj					nn	nn	כי
470367	SP	Leviticus	18	19	L>	L>	L>				NA			NA	nega					nn	nn	לא
447665	SP	Exodus	22	9	KJ	KJ	KJ				NA			NA	conj				W	nn	nn	כי
513374	SP	Deuteronomy	23	2	L>	L>	L>				NA			NA	nega					nn	nn	לא
517950	SP	Deuteronomy	30	18	KJ	KJ	KJ				NA			NA	conj					nn	nn	כי
517953	SP	Deuteronomy	30	18	L>	L>	L>				NA			NA	nega					nn	nn	לא
505016	SP	Deuteronomy	7	7	L>	L>	L>				NA			NA	nega					nn	nn	לא
505029	SP	Deuteronomy	7	7	KJ	KJ	KJ				NA			NA	conj					nn	nn	כי
414661	SP	Genesis	19	33	L>	L>	L>				NA			NA	nega				W	nn	nn	לא
453970	SP	Exodus	32	26	MJ	MJ	MJ				NA			NA	prin					nn	nn	מי
484122	SP	Numbers	11	26	L>	L>	L>				NA			NA	nega				W	nn	nn	לא
443868	SP	Exodus	16	7	KJ	KJ	KJ				NA			NA	conj					nn	nn	כי
426130	SP	Genesis	37	21	L>	L>	L>				NA			NA	nega					nn	nn	לא
511817	SP	Deuteronomy	20	1	KJ	KJ	KJ				NA			NA	conj					nn	nn	כי
511832	SP	Deuteronomy	20	1	L>	L>	L>				NA			NA	nega					nn	nn	לא
511835	SP	Deuteronomy	20	1	KJ	KJ	KJ				NA			NA	conj					nn	nn	כי
498709	SP	Numbers	33	53	KJ	KJ	KJ				NA			NA	conj					nn	nn	כי
423551	SP	Genesis	32	27	KJ	KJ	KJ				NA			NA	conj					nn	nn	כי
423557	SP	Genesis	32	27	L>	L>	L>				NA			NA	nega					nn	nn	לא
423559	SP	Genesis	32	27	KJ	KJ	KJ				NA			NA	conj					nn	nn	כי
415617	SP	Genesis	21	26	L>	L>	L>				NA			NA	nega					nn	nn	לא
415619	SP	Genesis	21	26	MJ	MJ	MJ				NA			NA	prin					nn	nn	מי
415629	SP	Genesis	21	26	L>	L>	L>				NA			NA	nega					nn	nn	לא
415635	SP	Genesis	21	26	L>	L>	L>				NA			NA	nega					nn	nn	לא
416684	SP	Genesis	24	3	L>	L>	L>				NA			NA	nega					nn	nn	לא
468570	SP	Leviticus	15	16	KJ	KJ	KJ				NA			NA	conj					nn	nn	כי
472627	SP	Leviticus	22	32	L>	L>	L>				NA			NA	nega				W	nn	nn	לא
512554	SP	Deuteronomy	21	15	KJ	KJ	KJ				NA			NA	conj					nn	nn	כי
466831	SP	Leviticus	13	53	L>	L>	L>				NA			NA	nega					nn	nn	לא
432064	SP	Genesis	46	30	KJ	KJ	KJ				NA			NA	conj					nn	nn	כי
492194	SP	Numbers	23	12	L>	LW>	LW>				NA			NA	nega				H	nnn	nnn	לוא
448299	SP	Exodus	23	23	KJ	KJ	KJ				NA			NA	conj					nn	nn	כי
499616	SP	Numbers	35	22	L>	L>	L>				NA			NA	nega				B	nn	nn	לא
499625	SP	Numbers	35	22	L>	L>	L>				NA			NA	nega				B	nn	nn	לא
428605	SP	Genesis	41	36	L>	L>	L>				NA			NA	nega				W	nn	nn	לא
433452	SP	Genesis	49	7	KJ	KJ	KJ				NA			NA	conj					nn	nn	כי
433456	SP	Genesis	49	7	KJ	KJ	KJ				NA			NA	conj					nn	nn	כי
515565	SP	Deuteronomy	28	2	KJ	KJ	KJ				NA			NA	conj					nn	nn	כי
503980	SP	Deuteronomy	5	18	L>	L>	L>				NA			NA	nega					nn	nn	לא
475639	SP	Leviticus	27	2	KJ	KJ	KJ				NA			NA	conj					nn	nn	כי
464798	SP	Leviticus	11	7	KJ	KJ	KJ				NA			NA	conj					nn	nn	כי
464809	SP	Leviticus	11	7	L>	L>	L>				NA			NA	nega					nn	nn	לא
470414	SP	Leviticus	18	23	L>	L>	L>				NA			NA	nega					nn	nn	לא
470422	SP	Leviticus	18	23	L>	L>	L>				NA			NA	nega					nn	nn	לא
466318	SP	Leviticus	13	29	KJ	KJ	KJ				NA			NA	conj					nn	nn	כי
420351	SP	Genesis	28	16	L>	L>	L>				NA			NA	nega					nn	nn	לא
513449	SP	Deuteronomy	23	6	L>	L>	L>				NA			NA	nega				W	nn	nn	לא
513467	SP	Deuteronomy	23	6	KJ	KJ	KJ				NA			NA	conj					nn	nn	כי
511141	SP	Deuteronomy	18	12	KJ	KJ	KJ				NA			NA	conj					nn	nn	כי
441600	SP	Exodus	12	25	KJ	KJ	KJ				NA			NA	conj					nn	nn	כי
435780	SP	Exodus	4	1	L>	L>	L>				NA			NA	nega					nn	nn	לא
435784	SP	Exodus	4	1	L>	L>	L>				NA			NA	nega				W	nn	nn	לא
435788	SP	Exodus	4	1	KJ	KJ	KJ				NA			NA	conj					nn	nn	כי
435790	SP	Exodus	4	1	L>	L>	L>				NA			NA	nega					nn	nn	לא
421248	SP	Genesis	30	9	KJ	KJ	KJ				NA			NA	conj					nn	nn	כי
511910	SP	Deuteronomy	20	5	MJ	MJ	MJ				NA			NA	prin					nn	nn	מי
511918	SP	Deuteronomy	20	5	L>	L>	L>				NA			NA	nega				W	nn	nn	לא
442936	SP	Exodus	14	18	KJ	KJ	KJ				NA			NA	conj					nn	nn	כי
423615	SP	Genesis	32	31	KJ	KJ	KJ				NA			NA	conj					nn	nn	כי
503384	SP	Deuteronomy	4	37	KJ	KJ	KJ				NA			NA	conj					nn	nn	כי
461231	SP	Leviticus	5	3	KJ	KJ	KJ				NA			NA	conj					nn	nn	כי
474534	SP	Leviticus	25	39	KJ	KJ	KJ				NA			NA	conj				W	nn	nn	כי
474541	SP	Leviticus	25	39	L>	L>	L>				NA			NA	nega					nn	nn	לא
414217	SP	Genesis	19	13	KJ	KJ	KJ				NA			NA	conj					nn	nn	כי
414225	SP	Genesis	19	13	KJ	KJ	KJ				NA			NA	conj					nn	nn	כי
509001	SP	Deuteronomy	14	3	L>	L>	L>				NA			NA	nega					nn	nn	לא
514917	SP	Deuteronomy	26	13	L>	L>	L>				NA			NA	nega					nn	nn	לא
514922	SP	Deuteronomy	26	13	L>	L>	L>				NA			NA	nega				W	nn	nn	לא
407490	SP	Genesis	4	24	KJ	KJ	KJ				NA			NA	conj					nn	nn	כי
514200	SP	Deuteronomy	24	20	KJ	KJ	KJ				NA			NA	conj					nn	nn	כי
514203	SP	Deuteronomy	24	20	L>	L>	L>				NA			NA	nega					nn	nn	לא
488719	SP	Numbers	18	22	L>	L>	L>				NA			NA	nega				W	nn	nn	לא
500903	SP	Deuteronomy	1	36	KJ	KJ	KJ				NA			NA	conj					nn	nn	כי
438492	SP	Exodus	8	14	L>	L>	L>				NA			NA	nega				W	nn	nn	לא
454613	SP	Exodus	33	20	L>	L>	L>				NA			NA	nega					nn	nn	לא
454618	SP	Exodus	33	20	KJ	KJ	KJ				NA			NA	conj					nn	nn	כי
454619	SP	Exodus	33	20	L>	L>	L>				NA			NA	nega					nn	nn	לא
471086	SP	Leviticus	19	35	L>	L>	L>				NA			NA	nega					nn	nn	לא
472287	SP	Leviticus	22	12	KJ	KJ	KJ				NA			NA	conj					nn	nn	כי
472297	SP	Leviticus	22	12	L>	L>	L>				NA			NA	nega					nn	nn	לא
464888	SP	Leviticus	11	11	L>	L>	L>				NA			NA	nega					nn	nn	לא
470487	SP	Leviticus	18	27	KJ	KJ	KJ				NA			NA	conj					nn	nn	כי
412751	SP	Genesis	16	10	L>	L>	L>				NA			NA	nega				W	nn	nn	לא
440205	SP	Exodus	10	7	KJ	KJ	KJ				NA			NA	conj					nn	nn	כי
466430	SP	Leviticus	13	33	L>	L>	L>				NA			NA	nega					nn	nn	לא
511217	SP	Deuteronomy	18	16	L>	L>	L>				NA			NA	nega					nn	nn	לא
511232	SP	Deuteronomy	18	16	L>	L>	L>				NA			NA	nega					nn	nn	לא
511236	SP	Deuteronomy	18	16	L>	L>	L>				NA			NA	nega				W	nn	nn	לא
435846	SP	Exodus	4	5	KJ	KJ	KJ				NA			NA	conj					nn	nn	כי
427637	SP	Genesis	40	8	L>	LW>	LW>				NA			NA	nega				H	nnn	nnn	לוא
510590	SP	Deuteronomy	17	8	KJ	KJ	KJ				NA			NA	conj					nn	nn	כי
508078	SP	Deuteronomy	12	14	KJ	KJ	KJ				NA			NA	conj					nn	nn	כי
485570	SP	Numbers	14	11	L>	L>	L>				NA			NA	nega					nn	nn	לא
509781	SP	Deuteronomy	15	15	KJ	KJ	KJ				NA			NA	conj					nn	nn	כי
439760	SP	Exodus	9	28	L>	L>	L>				NA			NA	nega				W	nn	nn	לא
474587	SP	Leviticus	25	43	L>	L>	L>				NA			NA	nega					nn	nn	לא
470159	SP	Leviticus	18	3	L>	L>	L>				NA			NA	nega					nn	nn	לא
470171	SP	Leviticus	18	3	L>	L>	L>				NA			NA	nega					nn	nn	לא
470176	SP	Leviticus	18	3	L>	L>	L>				NA			NA	nega					nn	nn	לא
509049	SP	Deuteronomy	14	7	L>	L>	L>				NA			NA	nega					nn	nn	לא
509071	SP	Deuteronomy	14	7	KJ	KJ	KJ				NA			NA	conj					nn	nn	כי
509077	SP	Deuteronomy	14	7	L>	L>	L>				NA			NA	nega					nn	nn	לא
512727	SP	Deuteronomy	21	23	L>	L>	L>				NA			NA	nega					nn	nn	לא
512733	SP	Deuteronomy	21	23	KJ	KJ	KJ				NA			NA	conj					nn	nn	כי
512740	SP	Deuteronomy	21	23	KJ	KJ	KJ				NA			NA	conj					nn	nn	כי
512745	SP	Deuteronomy	21	23	L>	L>	L>				NA			NA	nega				W	nn	nn	לא
492337	SP	Numbers	23	20	L>	L>	L>				NA			NA	nega				W	nn	nn	לא
421087	SP	Genesis	29	34	KJ	KJ	KJ				NA			NA	conj					nn	nn	כי
448485	SP	Exodus	23	31	KJ	KJ	KJ				NA			NA	conj					nn	nn	כי
488798	SP	Numbers	18	26	KJ	KJ	KJ				NA			NA	conj					nn	nn	כי
415294	SP	Genesis	21	10	KJ	KJ	KJ				NA			NA	conj					nn	nn	כי
415295	SP	Genesis	21	10	L>	L>	L>				NA			NA	nega					nn	nn	לא
432654	SP	Genesis	47	22	L>	L>	L>				NA			NA	nega					nn	nn	לא
432656	SP	Genesis	47	22	KJ	KJ	KJ				NA			NA	conj					nn	nn	כי
432673	SP	Genesis	47	22	L>	L>	L>				NA			NA	nega					nn	nn	לא
475793	SP	Leviticus	27	10	L>	L>	L>				NA			NA	nega					nn	nn	לא
475796	SP	Leviticus	27	10	L>	L>	L>				NA			NA	nega				W	nn	nn	לא
505517	SP	Deuteronomy	8	3	L>	L>	L>				NA			NA	nega					nn	nn	לא
505520	SP	Deuteronomy	8	3	L>	L>	L>				NA			NA	nega				W	nn	nn	לא
505525	SP	Deuteronomy	8	3	KJ	KJ	KJ				NA			NA	conj					nn	nn	כי
505526	SP	Deuteronomy	8	3	L>	L>	L>				NA			NA	nega					nn	nn	לא
505535	SP	Deuteronomy	8	3	KJ	KJ	KJ				NA			NA	conj					nn	nn	כי
472366	SP	Leviticus	22	16	KJ	KJ	KJ				NA			NA	conj					nn	nn	כי
516246	SP	Deuteronomy	28	39	L>	L>	L>				NA			NA	nega					nn	nn	לא
516249	SP	Deuteronomy	28	39	L>	L>	L>				NA			NA	nega				W	nn	nn	לא
516251	SP	Deuteronomy	28	39	KJ	KJ	KJ				NA			NA	conj					nn	nn	כי
519761	SP	Deuteronomy	33	9	L>	L>	L>				NA			NA	nega					nn	nn	לא
519766	SP	Deuteronomy	33	9	L>	L>	L>				NA			NA	nega					nn	nn	לא
519771	SP	Deuteronomy	33	9	L>	L>	L>				NA			NA	nega					nn	nn	לא
519773	SP	Deuteronomy	33	9	KJ	KJ	KJ				NA			NA	conj					nn	nn	כי
479489	SP	Numbers	5	6	KJ	KJ	KJ				NA			NA	conj					nn	nn	כי
504580	SP	Deuteronomy	6	10	KJ	KJ	KJ				NA			NA	conj					nn	nn	כי
504606	SP	Deuteronomy	6	10	L>	L>	L>				NA			NA	nega					nn	nn	לא
511293	SP	Deuteronomy	18	20	L>	L>	L>				NA			NA	nega					nn	nn	לא
441794	SP	Exodus	12	33	KJ	KJ	KJ				NA			NA	conj					nn	nn	כי
496065	SP	Numbers	30	12	L>	L>	L>				NA			NA	nega					nn	nn	לא
446089	SP	Exodus	20	4	L>	L>	L>				NA			NA	nega					nn	nn	לא
473613	SP	Leviticus	24	9	KJ	KJ	KJ				NA			NA	conj					nn	nn	כי
508166	SP	Deuteronomy	12	18	KJ	KJ	KJ				NA			NA	conj					nn	nn	כי
475322	SP	Leviticus	26	31	L>	L>	L>				NA			NA	nega				W	nn	nn	לא
509885	SP	Deuteronomy	15	19	L>	L>	L>				NA			NA	nega					nn	nn	לא
509891	SP	Deuteronomy	15	19	L>	L>	L>				NA			NA	nega				W	nn	nn	לא
439827	SP	Exodus	9	32	L>	L>	L>				NA			NA	nega					nn	nn	לא
439829	SP	Exodus	9	32	KJ	KJ	KJ				NA			NA	conj					nn	nn	כי
474666	SP	Leviticus	25	47	KJ	KJ	KJ				NA			NA	conj				W	nn	nn	כי
470226	SP	Leviticus	18	7	L>	L>	L>				NA			NA	nega					nn	nn	לא
470230	SP	Leviticus	18	7	L>	L>	L>				NA			NA	nega					nn	nn	לא
519607	SP	Deuteronomy	32	52	KJ	KJ	KJ				NA			NA	conj					nn	nn	כי
519616	SP	Deuteronomy	32	52	L>	L>	L>				NA			NA	nega					nn	nn	לא
471810	SP	Leviticus	21	8	KJ	KJ	KJ				NA			NA	conj					nn	nn	כי
471819	SP	Leviticus	21	8	KJ	KJ	KJ				NA			NA	conj					nn	nn	כי
514480	SP	Deuteronomy	25	12	L>	L>	L>				NA			NA	nega					nn	nn	לא
483798	SP	Numbers	11	14	L>	L>	L>				NA			NA	nega					nn	nn	לא
483811	SP	Numbers	11	14	KJ	KJ	KJ				NA			NA	conj					nn	nn	כי
515205	SP	Deuteronomy	27	5	L>	L>	L>				NA			NA	nega					nn	nn	לא
447122	SP	Exodus	21	18	KJ	KJ	KJ				NA			NA	conj				W	nn	nn	כי
447131	SP	Exodus	21	18	L>	L>	L>				NA			NA	nega				W	nn	nn	לא
432770	SP	Genesis	47	26	L>	L>	L>				NA			NA	nega					nn	nn	לא
422081	SP	Genesis	31	7	L>	L>	L>				NA			NA	nega				W	nn	nn	לא
472436	SP	Leviticus	22	20	L>	L>	L>				NA			NA	nega					nn	nn	לא
472438	SP	Leviticus	22	20	KJ	KJ	KJ				NA			NA	conj					nn	nn	כי
472439	SP	Leviticus	22	20	L>	L>	L>				NA			NA	nega					nn	nn	לא
512319	SP	Deuteronomy	21	3	L>	L>	L>				NA			NA	nega					nn	nn	לא
512324	SP	Deuteronomy	21	3	L>	L>	L>				NA			NA	nega					nn	nn	לא
504656	SP	Deuteronomy	6	14	L>	L>	L>				NA			NA	nega					nn	nn	לא
499407	SP	Numbers	35	10	KJ	KJ	KJ				NA			NA	conj					nn	nn	כי
470827	SP	Leviticus	19	19	L>	L>	L>				NA			NA	nega					nn	nn	לא
470832	SP	Leviticus	19	19	L>	L>	L>				NA			NA	nega					nn	nn	לא
470839	SP	Leviticus	19	19	L>	L>	L>				NA			NA	nega					nn	nn	לא
427785	SP	Genesis	40	16	KJ	KJ	KJ				NA			NA	conj					nn	nn	כי
475384	SP	Leviticus	26	35	L>	L>	L>				NA			NA	nega					nn	nn	לא
411707	SP	Genesis	13	17	KJ	KJ	KJ				NA			NA	conj					nn	nn	כי
426851	SP	Genesis	38	23	L>	L>	L>				NA			NA	nega					nn	nn	לא
509946	SP	Deuteronomy	15	23	L>	L>	L>				NA			NA	nega					nn	nn	לא
470276	SP	Leviticus	18	11	L>	L>	L>				NA			NA	nega					nn	nn	לא
517767	SP	Deuteronomy	30	10	KJ	KJ	KJ				NA			NA	conj					nn	nn	כי
517786	SP	Deuteronomy	30	10	KJ	KJ	KJ				NA			NA	conj					nn	nn	כי
441304	SP	Exodus	12	13	L>	L>	L>				NA			NA	nega				W	nn	nn	לא
471887	SP	Leviticus	21	12	L>	L>	L>				NA			NA	nega					nn	nn	לא
471890	SP	Leviticus	21	12	L>	L>	L>				NA			NA	nega				W	nn	nn	לא
471895	SP	Leviticus	21	12	KJ	KJ	KJ				NA			NA	conj					nn	nn	כי
514528	SP	Deuteronomy	25	16	KJ	KJ	KJ				NA			NA	conj					nn	nn	כי
501158	SP	Deuteronomy	2	5	KJ	KJ	KJ				NA			NA	conj					nn	nn	כי
501159	SP	Deuteronomy	2	5	L>	L>	L>				NA			NA	nega					nn	nn	לא
501169	SP	Deuteronomy	2	5	KJ	KJ	KJ				NA			NA	conj					nn	nn	כי
447942	SP	Exodus	22	30	L>	L>	L>				NA			NA	nega					nn	nn	לא
483905	SP	Numbers	11	18	KJ	KJ	KJ				NA			NA	conj					nn	nn	כי
483912	SP	Numbers	11	18	MJ	MJ	MJ				NA			NA	prin					nn	nn	מי
483915	SP	Numbers	11	18	KJ	KJ	KJ				NA			NA	conj					nn	nn	כי
452578	SP	Exodus	29	46	KJ	KJ	KJ				NA			NA	conj					nn	nn	כי
503075	SP	Deuteronomy	4	25	KJ	KJ	KJ				NA			NA	conj					nn	nn	כי
447182	SP	Exodus	21	22	KJ	KJ	KJ				NA			NA	conj				W	nn	nn	כי
447193	SP	Exodus	21	22	L>	L>	L>				NA			NA	nega				W	nn	nn	לא
492700	SP	Numbers	24	12	L>	LW>	LW>				NA			NA	nega				H	nnn	nnn	לוא
482194	SP	Numbers	8	17	KJ	KJ	KJ				NA			NA	conj					nn	nn	כי
468400	SP	Leviticus	15	8	KJ	KJ	KJ				NA			NA	conj				W	nn	nn	כי
464537	SP	Leviticus	10	14	KJ	KJ	KJ				NA			NA	conj					nn	nn	כי
514604	SP	Deuteronomy	26	1	KJ	KJ	KJ				NA			NA	conj					nn	nn	כי
516360	SP	Deuteronomy	28	47	L>	L>	L>				NA			NA	nega					nn	nn	לא
512409	SP	Deuteronomy	21	7	L>	L>	L>				NA			NA	nega					nn	nn	לא
512418	SP	Deuteronomy	21	7	L>	L>	L>				NA			NA	nega					nn	nn	לא
407278	SP	Genesis	4	12	KJ	KJ	KJ				NA			NA	conj					nn	nn	כי
407283	SP	Genesis	4	12	L>	L>	L>				NA			NA	nega					nn	nn	לא
448157	SP	Exodus	23	15	KJ	KJ	KJ				NA			NA	conj					nn	nn	כי
448163	SP	Exodus	23	15	L>	L>	L>				NA			NA	nega				W	nn	nn	לא
430529	SP	Genesis	44	5	L>	LW>	LW>				NA			NA	nega				H	nnn	nnn	לוא
470909	SP	Leviticus	19	23	KJ	KJ	KJ				NA			NA	conj				W	nn	nn	כי
470930	SP	Leviticus	19	23	L>	L>	L>				NA			NA	nega					nn	nn	לא
430155	SP	Genesis	43	21	KJ	KJ	KJ				NA			NA	conj					nn	nn	כי
461879	SP	Leviticus	6	5	L>	L>	L>				NA			NA	nega					nn	nn	לא
416516	SP	Genesis	23	14	L>	L>	L>				NA			NA	nega					nn	nn	לא
413688	SP	Genesis	18	20	KJ	KJ	KJ				NA			NA	conj					nn	nn	כי
413692	SP	Genesis	18	20	KJ	KJ	KJ				NA			NA	conj					nn	nn	כי
441406	SP	Exodus	12	17	KJ	KJ	KJ				NA			NA	conj					nn	nn	כי
508735	SP	Deuteronomy	13	10	KJ	KJ	KJ				NA			NA	conj					nn	nn	כי
494119	SP	Numbers	26	62	KJ	KJ	KJ				NA			NA	conj					nn	nn	כי
494120	SP	Numbers	26	62	L>	L>	L>				NA			NA	nega					nn	nn	לא
494126	SP	Numbers	26	62	KJ	KJ	KJ				NA			NA	conj					nn	nn	כי
494127	SP	Numbers	26	62	L>	L>	L>				NA			NA	nega					nn	nn	לא
501307	SP	Deuteronomy	2	9	KJ	KJ	KJ				NA			NA	conj					nn	nn	כי
501308	SP	Deuteronomy	2	9	L>	L>	L>				NA			NA	nega					nn	nn	לא
501314	SP	Deuteronomy	2	9	KJ	KJ	KJ				NA			NA	conj					nn	nn	כי
506455	SP	Deuteronomy	9	25	KJ	KJ	KJ				NA			NA	conj					nn	nn	כי
495396	SP	Numbers	29	12	L>	L>	L>				NA			NA	nega					nn	nn	לא
406558	SP	Genesis	2	23	KJ	KJ	KJ				NA			NA	conj					nn	nn	כי
503185	SP	Deuteronomy	4	29	KJ	KJ	KJ				NA			NA	conj					nn	nn	כי
447240	SP	Exodus	21	26	KJ	KJ	KJ				NA			NA	conj				W	nn	nn	כי
513106	SP	Deuteronomy	22	19	KJ	KJ	KJ				NA			NA	conj					nn	nn	כי
513118	SP	Deuteronomy	22	19	L>	L>	L>				NA			NA	nega					nn	nn	לא
519299	SP	Deuteronomy	32	36	KJ	KJ	KJ				NA			NA	conj					nn	nn	כי
519307	SP	Deuteronomy	32	36	KJ	KJ	KJ				NA			NA	conj					nn	nn	כי
519309	SP	Deuteronomy	32	36	KJ	KJ	KJ				NA			NA	conj					nn	nn	כי
464637	SP	Leviticus	10	18	L>	L>	L>				NA			NA	nega					nn	nn	לא
516446	SP	Deuteronomy	28	51	L>	L>	L>				NA			NA	nega					nn	nn	לא
455070	SP	Exodus	34	20	L>	L>	L>				NA			NA	nega					nn	nn	לא
455082	SP	Exodus	34	20	L>	L>	L>				NA			NA	nega				W	nn	nn	לא
441000	SP	Exodus	11	9	L>	L>	L>				NA			NA	nega					nn	nn	לא
492127	SP	Numbers	23	8	L>	L>	L>				NA			NA	nega					nn	nn	לא
492133	SP	Numbers	23	8	L>	L>	L>				NA			NA	nega					nn	nn	לא
448224	SP	Exodus	23	19	L>	L>	L>				NA			NA	nega					nn	nn	לא
448230	SP	Exodus	23	19	KJ	KJ	KJ				NA			NA	conj					nn	nn	כי
514049	SP	Deuteronomy	24	12	L>	L>	L>				NA			NA	nega					nn	nn	לא
445445	SP	Exodus	18	25	L>	L>	L>				NA			NA	nega					nn	nn	לא
445455	SP	Exodus	18	25	L>	L>	L>				NA			NA	nega					nn	nn	לא
445460	SP	Exodus	18	25	KJ	KJ	KJ				NA			NA	conj					nn	nn	כי
427322	SP	Genesis	39	15	KJ	KJ	KJ				NA			NA	conj					nn	nn	כי
454462	SP	Exodus	33	12	L>	L>	L>				NA			NA	nega					nn	nn	לא
470971	SP	Leviticus	19	27	L>	L>	L>				NA			NA	nega				W	nn	nn	לא
470977	SP	Leviticus	19	27	L>	L>	L>				NA			NA	nega				W	nn	nn	לא
472152	SP	Leviticus	22	4	L>	L>	L>				NA			NA	nega					nn	nn	לא
494667	SP	Numbers	27	23	L>	L>	L>				NA			NA	nega					nn	nn	לא
494669	SP	Numbers	27	23	KJ	KJ	KJ				NA			NA	conj					nn	nn	כי
516028	SP	Deuteronomy	28	27	L>	L>	L>				NA			NA	nega					nn	nn	לא
491713	SP	Numbers	22	29	KJ	KJ	KJ				NA			NA	conj					nn	nn	כי
491721	SP	Numbers	22	29	KJ	KJ	KJ				NA			NA	conj					nn	nn	כי
413750	SP	Genesis	18	24	L>	L>	L>				NA			NA	nega				W	nn	nn	לא
508828	SP	Deuteronomy	13	14	L>	L>	L>				NA			NA	nega					nn	nn	לא
443580	SP	Exodus	15	22	L>	L>	L>				NA			NA	nega				W	nn	nn	לא
449102	SP	Exodus	25	15	L>	L>	L>				NA			NA	nega					nn	nn	לא
485420	SP	Numbers	14	3	L>	LW>	LW>				NA			NA	nega				H	nnn	nnn	לוא
509595	SP	Deuteronomy	15	7	KJ	KJ	KJ				NA			NA	conj					nn	nn	כי
509612	SP	Deuteronomy	15	7	L>	L>	L>				NA			NA	nega					nn	nn	לא
509617	SP	Deuteronomy	15	7	L>	L>	L>				NA			NA	nega				W	nn	nn	לא
434175	SP	Genesis	50	17	KJ	KJ	KJ				NA			NA	conj					nn	nn	כי
419731	SP	Genesis	27	33	MJ	MJ	MJ				NA			NA	prin					nn	nn	מי
513195	SP	Deuteronomy	22	23	KJ	KJ	KJ				NA			NA	conj					nn	nn	כי
474468	SP	Leviticus	25	35	KJ	KJ	KJ				NA			NA	conj				W	nn	nn	כי
421683	SP	Genesis	30	34	L>	L>	L>				NA			NA	nega					nn	nn	לא
482389	SP	Numbers	8	25	L>	L>	L>				NA			NA	nega				W	nn	nn	לא
519361	SP	Deuteronomy	32	40	KJ	KJ	KJ				NA			NA	conj					nn	nn	כי
505958	SP	Deuteronomy	9	5	L>	L>	L>				NA			NA	nega					nn	nn	לא
505971	SP	Deuteronomy	9	5	KJ	KJ	KJ				NA			NA	conj					nn	nn	כי
510399	SP	Deuteronomy	16	21	L>	L>	L>				NA			NA	nega					nn	nn	לא
455130	SP	Exodus	34	24	KJ	KJ	KJ				NA			NA	conj					nn	nn	כי
455141	SP	Exodus	34	24	L>	L>	L>				NA			NA	nega				W	nn	nn	לא
420934	SP	Genesis	29	26	L>	L>	L>				NA			NA	nega					nn	nn	לא
514122	SP	Deuteronomy	24	16	L>	L>	L>				NA			NA	nega					nn	nn	לא
514129	SP	Deuteronomy	24	16	L>	L>	L>				NA			NA	nega					nn	nn	לא
406139	SP	Genesis	2	3	KJ	KJ	KJ				NA			NA	conj					nn	nn	כי
454530	SP	Exodus	33	16	KJ	KJ	KJ				NA			NA	conj					nn	nn	כי
454539	SP	Exodus	33	16	L>	LW>	LW>				NA			NA	nega				H	nnn	nnn	לוא
520235	SP	Deuteronomy	34	9	KJ	KJ	KJ				NA			NA	conj					nn	nn	כי
462563	SP	Leviticus	7	21	KJ	KJ	KJ				NA			NA	conj					nn	nn	כי
429358	SP	Genesis	42	20	L>	L>	L>				NA			NA	nega				W	nn	nn	לא
472230	SP	Leviticus	22	8	L>	L>	L>				NA			NA	nega					nn	nn	לא
516094	SP	Deuteronomy	28	31	L>	L>	L>				NA			NA	nega				W	nn	nn	לא
516103	SP	Deuteronomy	28	31	L>	L>	L>				NA			NA	nega				W	nn	nn	לא
470071	SP	Leviticus	17	14	KJ	KJ	KJ				NA			NA	conj					nn	nn	כי
470087	SP	Leviticus	17	14	L>	L>	L>				NA			NA	nega					nn	nn	לא
470089	SP	Leviticus	17	14	KJ	KJ	KJ				NA			NA	conj					nn	nn	כי
491817	SP	Numbers	22	33	KJ	KJ	KJ				NA			NA	conj					nn	nn	כי
436587	SP	Exodus	5	9	L>	L>	L>				NA			NA	nega				W	nn	nn	לא
413844	SP	Genesis	18	28	L>	L>	L>				NA			NA	nega					nn	nn	לא
495908	SP	Numbers	30	4	KJ	KJ	KJ				NA			NA	conj					nn	nn	כי
508905	SP	Deuteronomy	13	18	L>	L>	L>				NA			NA	nega				W	nn	nn	לא
452673	SP	Exodus	30	15	L>	L>	L>				NA			NA	nega					nn	nn	לא
452678	SP	Exodus	30	15	L>	L>	L>				NA			NA	nega					nn	nn	לא
518223	SP	Deuteronomy	31	8	L>	L>	L>				NA			NA	nega					nn	nn	לא
518226	SP	Deuteronomy	31	8	L>	L>	L>				NA			NA	nega				W	nn	nn	לא
518228	SP	Deuteronomy	31	8	L>	L>	L>				NA			NA	nega					nn	nn	לא
518231	SP	Deuteronomy	31	8	L>	L>	L>				NA			NA	nega				W	nn	nn	לא
469635	SP	Leviticus	16	30	KJ	KJ	KJ				NA			NA	conj					nn	nn	כי
443669	SP	Exodus	15	26	L>	L>	L>				NA			NA	nega					nn	nn	לא
443672	SP	Exodus	15	26	KJ	KJ	KJ				NA			NA	conj					nn	nn	כי
470651	SP	Leviticus	19	7	L>	L>	L>				NA			NA	nega					nn	nn	לא
475194	SP	Leviticus	26	23	L>	L>	L>				NA			NA	nega					nn	nn	לא
409176	SP	Genesis	8	11	KJ	KJ	KJ				NA			NA	conj					nn	nn	כי
429806	SP	Genesis	43	5	L>	L>	L>				NA			NA	nega					nn	nn	לא
429808	SP	Genesis	43	5	KJ	KJ	KJ				NA			NA	conj					nn	nn	כי
429813	SP	Genesis	43	5	L>	L>	L>				NA			NA	nega					nn	nn	לא
446865	SP	Exodus	20	25	L>	L>	L>				NA			NA	nega					nn	nn	לא
446869	SP	Exodus	20	25	KJ	KJ	KJ				NA			NA	conj					nn	nn	כי
426586	SP	Genesis	38	11	KJ	KJ	KJ				NA			NA	conj					nn	nn	כי
509703	SP	Deuteronomy	15	11	KJ	KJ	KJ				NA			NA	conj					nn	nn	כי
509704	SP	Deuteronomy	15	11	L>	L>	L>				NA			NA	nega					nn	nn	לא
482655	SP	Numbers	9	13	L>	L>	L>				NA			NA	nega					nn	nn	לא
482671	SP	Numbers	9	13	KJ	KJ	KJ				NA			NA	conj					nn	nn	כי
482674	SP	Numbers	9	13	L>	L>	L>				NA			NA	nega					nn	nn	לא
439667	SP	Exodus	9	24	L>	L>	L>				NA			NA	nega					nn	nn	לא
494255	SP	Numbers	27	3	L>	L>	L>				NA			NA	nega					nn	nn	לא
494268	SP	Numbers	27	3	KJ	KJ	KJ				NA			NA	conj					nn	nn	כי
494275	SP	Numbers	27	3	L>	L>	L>				NA			NA	nega					nn	nn	לא
506965	SP	Deuteronomy	10	17	KJ	KJ	KJ				NA			NA	conj					nn	nn	כי
506987	SP	Deuteronomy	10	17	L>	L>	L>				NA			NA	nega					nn	nn	לא
506991	SP	Deuteronomy	10	17	L>	L>	L>				NA			NA	nega				W	nn	nn	לא
513309	SP	Deuteronomy	22	27	KJ	KJ	KJ				NA			NA	conj					nn	nn	כי
484539	SP	Numbers	12	14	L>	LW>	LW>				NA			NA	nega				H	nnn	nnn	לוא
465844	SP	Leviticus	13	5	L>	L>	L>				NA			NA	nega					nn	nn	לא
514304	SP	Deuteronomy	25	4	L>	L>	L>				NA			NA	nega					nn	nn	לא
506094	SP	Deuteronomy	9	9	L>	L>	L>				NA			NA	nega					nn	nn	לא
506098	SP	Deuteronomy	9	9	L>	L>	L>				NA			NA	nega					nn	nn	לא
473045	SP	Leviticus	23	22	L>	L>	L>				NA			NA	nega					nn	nn	לא
473054	SP	Leviticus	23	22	L>	L>	L>				NA			NA	nega					nn	nn	לא
455223	SP	Exodus	34	28	L>	L>	L>				NA			NA	nega					nn	nn	לא
455227	SP	Exodus	34	28	L>	L>	L>				NA			NA	nega					nn	nn	לא
463668	SP	Leviticus	8	33	L>	L>	L>				NA			NA	nega					nn	nn	לא
463677	SP	Leviticus	8	33	KJ	KJ	KJ				NA			NA	conj					nn	nn	כי
452374	SP	Exodus	29	34	L>	L>	L>				NA			NA	nega					nn	nn	לא
452376	SP	Exodus	29	34	KJ	KJ	KJ				NA			NA	conj					nn	nn	כי
480293	SP	Numbers	6	12	KJ	KJ	KJ				NA			NA	conj					nn	nn	כי
422960	SP	Genesis	31	52	L>	L>	L>				NA			NA	nega					nn	nn	לא
422971	SP	Genesis	31	52	L>	L>	L>				NA			NA	nega					nn	nn	לא
490832	SP	Numbers	21	23	L>	L>	L>				NA			NA	nega				W	nn	nn	לא
487553	SP	Numbers	16	29	L>	L>	L>				NA			NA	nega					nn	nn	לא
447043	SP	Exodus	21	10	L>	L>	L>				NA			NA	nega					nn	nn	לא
512822	SP	Deuteronomy	22	3	L>	L>	L>				NA			NA	nega					nn	nn	לא
462635	SP	Leviticus	7	25	KJ	KJ	KJ				NA			NA	conj					nn	nn	כי
517307	SP	Deuteronomy	29	19	L>	L>	L>				NA			NA	nega					nn	nn	לא
517313	SP	Deuteronomy	29	19	KJ	KJ	KJ				NA			NA	conj					nn	nn	כי
432550	SP	Genesis	47	18	L>	L>	L>				NA			NA	nega					nn	nn	לא
432554	SP	Genesis	47	18	KJ	KJ	KJ				NA			NA	conj					nn	nn	כי
432565	SP	Genesis	47	18	L>	L>	L>				NA			NA	nega					nn	nn	לא
448745	SP	Exodus	24	11	L>	L>	L>				NA			NA	nega					nn	nn	לא
419050	SP	Genesis	26	29	L>	L>	L>				NA			NA	nega					nn	nn	לא
516175	SP	Deuteronomy	28	35	L>	L>	L>				NA			NA	nega					nn	nn	לא
491906	SP	Numbers	22	37	L>	LW>	LW>				NA			NA	nega				H	nnn	nnn	לוא
491914	SP	Numbers	22	37	L>	L>	L>				NA			NA	nega					nn	nn	לא
491919	SP	Numbers	22	37	L>	L>	L>				NA			NA	nega					nn	nn	לא
447979	SP	Exodus	23	3	L>	L>	L>				NA			NA	nega					nn	nn	לא
428227	SP	Genesis	41	16	L>	L>	L>				NA			NA	nega					nn	nn	לא
413933	SP	Genesis	18	32	L>	L>	L>				NA			NA	nega					nn	nn	לא
507688	SP	Deuteronomy	11	29	KJ	KJ	KJ				NA			NA	conj					nn	nn	כי
499799	SP	Numbers	35	31	L>	L>	L>				NA			NA	nega				W	nn	nn	לא
499810	SP	Numbers	35	31	KJ	KJ	KJ				NA			NA	conj					nn	nn	כי
470706	SP	Leviticus	19	11	L>	L>	L>				NA			NA	nega					nn	nn	לא
470709	SP	Leviticus	19	11	L>	L>	L>				NA			NA	nega				W	nn	nn	לא
470712	SP	Leviticus	19	11	L>	L>	L>				NA			NA	nega				W	nn	nn	לא
475264	SP	Leviticus	26	27	L>	L>	L>				NA			NA	nega					nn	nn	לא
411534	SP	Genesis	13	9	L>	LW>	LW>				NA			NA	nega				H	nnn	nnn	לוא
442365	SP	Exodus	13	13	L>	L>	L>				NA			NA	nega					nn	nn	לא
429901	SP	Genesis	43	9	L>	L>	L>				NA			NA	nega					nn	nn	לא
434954	SP	Exodus	2	12	KJ	KJ	KJ				NA			NA	conj					nn	nn	כי
426680	SP	Genesis	38	15	KJ	KJ	KJ				NA			NA	conj					nn	nn	כי
465930	SP	Leviticus	13	9	KJ	KJ	KJ				NA			NA	conj					nn	nn	כי
421941	SP	Genesis	30	42	L>	L>	L>				NA			NA	nega					nn	nn	לא
486155	SP	Numbers	14	40	KJ	KJ	KJ				NA			NA	conj					nn	nn	כי
486164	SP	Numbers	14	40	L>	L>	L>				NA			NA	nega					nn	nn	לא
486167	SP	Numbers	14	40	L>	L>	L>				NA			NA	nega				W	nn	nn	לא
486169	SP	Numbers	14	40	KJ	KJ	KJ				NA			NA	conj					nn	nn	כי
486174	SP	Numbers	14	40	L>	L>	L>				NA			NA	nega				W	nn	nn	לא
471745	SP	Leviticus	21	4	L>	L>	L>				NA			NA	nega					nn	nn	לא
433046	SP	Genesis	48	8	MJ	MJ	MJ				NA			NA	prin					nn	nn	מי
514405	SP	Deuteronomy	25	8	L>	L>	L>				NA			NA	nega					nn	nn	לא
412171	SP	Genesis	14	23	L>	L>	L>				NA			NA	nega				W	nn	nn	לא
447816	SP	Exodus	22	22	KJ	KJ	KJ				NA			NA	conj					nn	nn	כי
447821	SP	Exodus	22	22	KJ	KJ	KJ				NA			NA	conj					nn	nn	כי
423237	SP	Genesis	32	11	KJ	KJ	KJ				NA			NA	conj					nn	nn	כי
438985	SP	Exodus	9	4	L>	L>	L>				NA			NA	nega				W	nn	nn	לא
447081	SP	Exodus	21	14	KJ	KJ	KJ				NA			NA	conj				W	nn	nn	כי
444116	SP	Exodus	16	20	L>	L>	L>				NA			NA	nega				W	nn	nn	לא
496630	SP	Numbers	31	20	L>	L>	L>				NA			NA	nega					nn	nn	לא
464357	SP	Leviticus	10	6	L>	L>	L>				NA			NA	nega					nn	nn	לא
464361	SP	Leviticus	10	6	L>	L>	L>				NA			NA	nega					nn	nn	לא
464364	SP	Leviticus	10	6	L>	L>	L>				NA			NA	nega				W	nn	nn	לא
486685	SP	Numbers	15	25	KJ	KJ	KJ				NA			NA	conj					nn	nn	כי
483435	SP	Numbers	10	31	KJ	KJ	KJ				NA			NA	conj					nn	nn	כי
510053	SP	Deuteronomy	16	5	L>	L>	L>				NA			NA	nega				W	nn	nn	לא
448027	SP	Exodus	23	7	KJ	KJ	KJ				NA			NA	conj					nn	nn	כי
448028	SP	Exodus	23	7	L>	L>	L>				NA			NA	nega					nn	nn	לא
422548	SP	Genesis	31	32	L>	L>	L>				NA			NA	nega					nn	nn	לא
422560	SP	Genesis	31	32	L>	L>	L>				NA			NA	nega				W	nn	nn	לא
422563	SP	Genesis	31	32	KJ	KJ	KJ				NA			NA	conj					nn	nn	כי
465464	SP	Leviticus	11	44	KJ	KJ	KJ				NA			NA	conj					nn	nn	כי
465473	SP	Leviticus	11	44	KJ	KJ	KJ				NA			NA	conj					nn	nn	כי
465477	SP	Leviticus	11	44	L>	L>	L>				NA			NA	nega				W	nn	nn	לא
488039	SP	Numbers	17	18	KJ	KJ	KJ				NA			NA	conj					nn	nn	כי
427037	SP	Genesis	39	3	KJ	KJ	KJ				NA			NA	conj					nn	nn	כי
470761	SP	Leviticus	19	15	L>	L>	L>				NA			NA	nega					nn	nn	לא
470766	SP	Leviticus	19	15	L>	L>	L>				NA			NA	nega					nn	nn	לא
470771	SP	Leviticus	19	15	L>	L>	L>				NA			NA	nega				W	nn	nn	לא
436860	SP	Exodus	6	1	KJ	KJ	KJ				NA			NA	conj					nn	nn	כי
442467	SP	Exodus	13	17	L>	L>	L>				NA			NA	nega				W	nn	nn	לא
442473	SP	Exodus	13	17	KJ	KJ	KJ				NA			NA	conj					nn	nn	כי
442476	SP	Exodus	13	17	KJ	KJ	KJ				NA			NA	conj					nn	nn	כי
418708	SP	Genesis	26	9	KJ	KJ	KJ				NA			NA	conj					nn	nn	כי
515803	SP	Deuteronomy	28	15	L>	L>	L>				NA			NA	nega					nn	nn	לא
491439	SP	Numbers	22	17	KJ	KJ	KJ				NA			NA	conj					nn	nn	כי
416361	SP	Genesis	23	6	L>	L>	L>				NA			NA	nega					nn	nn	לא
486245	SP	Numbers	14	44	L>	L>	L>				NA			NA	nega					nn	nn	לא
441206	SP	Exodus	12	9	KJ	KJ	KJ				NA			NA	conj					nn	nn	כי
508519	SP	Deuteronomy	13	2	KJ	KJ	KJ				NA			NA	conj					nn	nn	כי
447873	SP	Exodus	22	26	KJ	KJ	KJ				NA			NA	conj					nn	nn	כי
447887	SP	Exodus	22	26	KJ	KJ	KJ				NA			NA	conj					nn	nn	כי
447892	SP	Exodus	22	26	KJ	KJ	KJ				NA			NA	conj					nn	nn	כי
513660	SP	Deuteronomy	23	19	L>	L>	L>				NA			NA	nega					nn	nn	לא
513673	SP	Deuteronomy	23	19	KJ	KJ	KJ				NA			NA	conj					nn	nn	כי
505403	SP	Deuteronomy	7	24	L>	L>	L>				NA			NA	nega					nn	nn	לא
414839	SP	Genesis	20	5	L>	LW>	LW>				NA			NA	nega				H	nnn	nnn	לוא
419518	SP	Genesis	27	21	L>	L>	L>				NA			NA	nega					nn	nn	לא
512963	SP	Deuteronomy	22	11	L>	L>	L>				NA			NA	nega					nn	nn	לא
444220	SP	Exodus	16	24	L>	L>	L>				NA			NA	nega				W	nn	nn	לא
444224	SP	Exodus	16	24	L>	L>	L>				NA			NA	nega					nn	nn	לא
510834	SP	Deuteronomy	17	17	L>	L>	L>				NA			NA	nega				W	nn	nn	לא
510839	SP	Deuteronomy	17	17	L>	L>	L>				NA			NA	nega				W	nn	nn	לא
510846	SP	Deuteronomy	17	17	L>	L>	L>				NA			NA	nega					nn	nn	לא
474243	SP	Leviticus	25	23	L>	L>	L>				NA			NA	nega					nn	nn	לא
474247	SP	Leviticus	25	23	KJ	KJ	KJ				NA			NA	conj					nn	nn	כי
474251	SP	Leviticus	25	23	KJ	KJ	KJ				NA			NA	conj					nn	nn	כי
489236	SP	Numbers	19	14	KJ	KJ	KJ				NA			NA	conj					nn	nn	כי
519209	SP	Deuteronomy	32	28	KJ	KJ	KJ				NA			NA	conj					nn	nn	כי
513871	SP	Deuteronomy	24	4	L>	L>	L>				NA			NA	nega					nn	nn	לא
513890	SP	Deuteronomy	24	4	KJ	KJ	KJ				NA			NA	conj					nn	nn	כי
513897	SP	Deuteronomy	24	4	L>	L>	L>				NA			NA	nega				W	nn	nn	לא
445147	SP	Exodus	18	17	L>	L>	L>				NA			NA	nega					nn	nn	לא
511585	SP	Deuteronomy	19	10	L>	L>	L>				NA			NA	nega				W	nn	nn	לא
518551	SP	Deuteronomy	31	20	KJ	KJ	KJ				NA			NA	conj					nn	nn	כי
422671	SP	Genesis	31	36	KJ	KJ	KJ				NA			NA	conj					nn	nn	כי
490396	SP	Numbers	21	7	KJ	KJ	KJ				NA			NA	conj					nn	nn	כי
454265	SP	Exodus	33	4	L>	L>	L>				NA			NA	nega				W	nn	nn	לא
429154	SP	Genesis	42	8	L>	L>	L>				NA			NA	nega					nn	nn	לא
438897	SP	Exodus	8	27	L>	L>	L>				NA			NA	nega					nn	nn	לא
418779	SP	Genesis	26	13	KJ	KJ	KJ				NA			NA	conj					nn	nn	כי
408129	SP	Genesis	6	6	KJ	KJ	KJ				NA			NA	conj					nn	nn	כי
508624	SP	Deuteronomy	13	6	KJ	KJ	KJ				NA			NA	conj					nn	nn	כי
435291	SP	Exodus	3	4	KJ	KJ	KJ				NA			NA	conj					nn	nn	כי
440515	SP	Exodus	10	20	L>	L>	L>				NA			NA	nega				W	nn	nn	לא
513739	SP	Deuteronomy	23	23	KJ	KJ	KJ				NA			NA	conj				W	nn	nn	כי
513743	SP	Deuteronomy	23	23	L>	L>	L>				NA			NA	nega					nn	nn	לא
501800	SP	Deuteronomy	2	34	L>	L>	L>				NA			NA	nega					nn	nn	לא
474980	SP	Leviticus	26	11	L>	L>	L>				NA			NA	nega				W	nn	nn	לא
414960	SP	Genesis	20	9	KJ	KJ	KJ				NA			NA	conj					nn	nn	כי
414970	SP	Genesis	20	9	L>	L>	L>				NA			NA	nega					nn	nn	לא
446263	SP	Exodus	20	13	L>	L>	L>				NA			NA	nega					nn	nn	לא
439246	SP	Exodus	9	12	L>	L>	L>				NA			NA	nega				W	nn	nn	לא
484340	SP	Numbers	12	2	L>	LW>	LW>				NA			NA	nega				H	nnn	nnn	לוא
421528	SP	Genesis	30	26	KJ	KJ	KJ				NA			NA	conj					nn	nn	כי
519250	SP	Deuteronomy	32	32	KJ	KJ	KJ				NA			NA	conj					nn	nn	כי
472793	SP	Leviticus	23	10	KJ	KJ	KJ				NA			NA	conj					nn	nn	כי
447584	SP	Exodus	22	6	KJ	KJ	KJ				NA			NA	conj				W	nn	nn	כי
452077	SP	Exodus	29	22	KJ	KJ	KJ				NA			NA	conj					nn	nn	כי
511662	SP	Deuteronomy	19	14	L>	L>	L>				NA			NA	nega					nn	nn	לא
453910	SP	Exodus	32	23	KJ	KJ	KJ				NA			NA	conj					nn	nn	כי
453920	SP	Exodus	32	23	L>	L>	L>				NA			NA	nega					nn	nn	לא
490507	SP	Numbers	21	11	KJ	KJ	KJ				NA			NA	conj					nn	nn	כי
490508	SP	Numbers	21	11	L>	L>	L>				NA			NA	nega					nn	nn	לא
490514	SP	Numbers	21	11	KJ	KJ	KJ				NA			NA	conj					nn	nn	כי
419166	SP	Genesis	27	1	KJ	KJ	KJ				NA			NA	conj					nn	nn	כי
429007	SP	Genesis	41	57	KJ	KJ	KJ				NA			NA	conj					nn	nn	כי
443812	SP	Exodus	16	4	L>	L>	L>				NA			NA	nega					nn	nn	לא
437024	SP	Exodus	6	9	L>	L>	L>				NA			NA	nega				W	nn	nn	לא
437046	SP	Exodus	6	9	KJ	KJ	KJ				NA			NA	conj					nn	nn	כי
429202	SP	Genesis	42	12	L>	L>	L>				NA			NA	nega					nn	nn	לא
429203	SP	Genesis	42	12	KJ	KJ	KJ				NA			NA	conj					nn	nn	כי
431038	SP	Genesis	44	34	KJ	KJ	KJ				NA			NA	conj					nn	nn	כי
505748	SP	Deuteronomy	8	16	L>	L>	L>				NA			NA	nega					nn	nn	לא
409618	SP	Genesis	9	11	L>	L>	L>				NA			NA	nega				W	nn	nn	לא
409628	SP	Genesis	9	11	L>	L>	L>				NA			NA	nega				W	nn	nn	לא
507429	SP	Deuteronomy	11	17	L>	L>	L>				NA			NA	nega				W	nn	nn	לא
507435	SP	Deuteronomy	11	17	L>	L>	L>				NA			NA	nega					nn	nn	לא
479781	SP	Numbers	5	19	L>	L>	L>				NA			NA	nega					nn	nn	לא
479787	SP	Numbers	5	19	L>	L>	L>				NA			NA	nega					nn	nn	לא
487712	SP	Numbers	17	2	KJ	KJ	KJ				NA			NA	conj					nn	nn	כי
442015	SP	Exodus	12	46	L>	L>	L>				NA			NA	nega					nn	nn	לא
442027	SP	Exodus	12	46	L>	L>	L>				NA			NA	nega					nn	nn	לא
446275	SP	Exodus	20	17	L>	L>	L>				NA			NA	nega					nn	nn	לא
446280	SP	Exodus	20	17	L>	L>	L>				NA			NA	nega				W	nn	nn	לא
446298	SP	Exodus	20	17	KJ	KJ	KJ				NA			NA	conj					nn	nn	כי
446364	SP	Exodus	20	17	L>	L>	L>				NA			NA	nega					nn	nn	לא
506787	SP	Deuteronomy	10	9	L>	L>	L>				NA			NA	nega					nn	nn	לא
473815	SP	Leviticus	24	22	KJ	KJ	KJ				NA			NA	conj					nn	nn	כי
410257	SP	Genesis	10	25	KJ	KJ	KJ				NA			NA	conj					nn	nn	כי
503922	SP	Deuteronomy	5	15	KJ	KJ	KJ				NA			NA	conj					nn	nn	כי
508471	SP	Deuteronomy	12	31	L>	L>	L>				NA			NA	nega					nn	nn	לא
508477	SP	Deuteronomy	12	31	KJ	KJ	KJ				NA			NA	conj					nn	nn	כי
508487	SP	Deuteronomy	12	31	KJ	KJ	KJ				NA			NA	conj					nn	nn	כי
421572	SP	Genesis	30	30	KJ	KJ	KJ				NA			NA	conj					nn	nn	כי
437983	SP	Exodus	7	23	L>	L>	L>				NA			NA	nega				W	nn	nn	לא
485908	SP	Numbers	14	28	L>	L>	L>				NA			NA	nega					nn	nn	לא
472874	SP	Leviticus	23	14	L>	L>	L>				NA			NA	nega					nn	nn	לא
447694	SP	Exodus	22	10	L>	L>	L>				NA			NA	nega					nn	nn	לא
447704	SP	Exodus	22	10	L>	L>	L>				NA			NA	nega				W	nn	nn	לא
513384	SP	Deuteronomy	23	3	L>	L>	L>				NA			NA	nega					nn	nn	לא
513393	SP	Deuteronomy	23	3	L>	L>	L>				NA			NA	nega					nn	nn	לא
413054	SP	Genesis	17	12	L>	L>	L>				NA			NA	nega					nn	nn	לא
480141	SP	Numbers	6	4	L>	L>	L>				NA			NA	nega					nn	nn	לא
411345	SP	Genesis	12	18	L>	L>	L>				NA			NA	nega					nn	nn	לא
411348	SP	Genesis	12	18	KJ	KJ	KJ				NA			NA	conj					nn	nn	כי
505037	SP	Deuteronomy	7	8	KJ	KJ	KJ				NA			NA	conj					nn	nn	כי
509330	SP	Deuteronomy	14	24	KJ	KJ	KJ				NA			NA	conj				W	nn	nn	כי
509335	SP	Deuteronomy	14	24	KJ	KJ	KJ				NA			NA	conj					nn	nn	כי
509336	SP	Deuteronomy	14	24	L>	L>	L>				NA			NA	nega					nn	nn	לא
509339	SP	Deuteronomy	14	24	KJ	KJ	KJ				NA			NA	conj					nn	nn	כי
509353	SP	Deuteronomy	14	24	KJ	KJ	KJ				NA			NA	conj					nn	nn	כי
446894	SP	Exodus	21	2	KJ	KJ	KJ				NA			NA	conj					nn	nn	כי
443901	SP	Exodus	16	8	L>	L>	L>				NA			NA	nega					nn	nn	לא
443904	SP	Exodus	16	8	KJ	KJ	KJ				NA			NA	conj					nn	nn	כי
429282	SP	Genesis	42	16	L>	L>	L>				NA			NA	nega					nn	nn	לא
429285	SP	Genesis	42	16	KJ	KJ	KJ				NA			NA	conj					nn	nn	כי
429290	SP	Genesis	42	16	L>	L>	L>				NA			NA	nega					nn	nn	לא
434638	SP	Exodus	1	19	KJ	KJ	KJ				NA			NA	conj					nn	nn	כי
434639	SP	Exodus	1	19	L>	L>	L>				NA			NA	nega					nn	nn	לא
434646	SP	Exodus	1	19	KJ	KJ	KJ				NA			NA	conj					nn	nn	כי
444820	SP	Exodus	18	1	KJ	KJ	KJ				NA			NA	conj					nn	nn	כי
476132	SP	Leviticus	27	27	L>	L>	L>				NA			NA	nega					nn	nn	לא
422335	SP	Genesis	31	20	KJ	KJ	KJ				NA			NA	conj					nn	nn	כי
505844	SP	Deuteronomy	8	20	L>	L>	L>				NA			NA	nega					nn	nn	לא
409710	SP	Genesis	9	15	L>	L>	L>				NA			NA	nega				W	nn	nn	לא
435478	SP	Exodus	3	12	KJ	KJ	KJ				NA			NA	conj					nn	nn	כי
435486	SP	Exodus	3	12	KJ	KJ	KJ				NA			NA	conj					nn	nn	כי
440672	SP	Exodus	10	28	KJ	KJ	KJ				NA			NA	conj					nn	nn	כי
499635	SP	Numbers	35	23	L>	L>	L>				NA			NA	nega				B	nn	nn	לא
499644	SP	Numbers	35	23	L>	L>	L>				NA			NA	nega					nn	nn	לא
499648	SP	Numbers	35	23	L>	L>	L>				NA			NA	nega				W	nn	nn	לא
442181	SP	Exodus	13	5	KJ	KJ	KJ				NA			NA	conj					nn	nn	כי
438401	SP	Exodus	8	11	KJ	KJ	KJ				NA			NA	conj					nn	nn	כי
438410	SP	Exodus	8	11	L>	L>	L>				NA			NA	nega				W	nn	nn	לא
446630	SP	Exodus	20	21	MJ	MJ	MJ				NA			NA	prin					nn	nn	מי
446680	SP	Exodus	20	21	L>	L>	L>				NA			NA	nega					nn	nn	לא
446704	SP	Exodus	20	21	L>	L>	L>				NA			NA	nega					nn	nn	לא
446722	SP	Exodus	20	21	KJ	KJ	KJ				NA			NA	conj				W	nn	nn	כי
446732	SP	Exodus	20	21	L>	L>	L>				NA			NA	nega					nn	nn	לא
446742	SP	Exodus	20	21	L>	L>	L>				NA			NA	nega					nn	nn	לא
446747	SP	Exodus	20	21	L>	L>	L>				NA			NA	nega				W	nn	nn	לא
446753	SP	Exodus	20	21	L>	L>	L>				NA			NA	nega					nn	nn	לא
446761	SP	Exodus	20	21	L>	L>	L>				NA			NA	nega					nn	nn	לא
423893	SP	Genesis	33	13	KJ	KJ	KJ				NA			NA	conj					nn	nn	כי
503982	SP	Deuteronomy	5	19	L>	L>	L>				NA			NA	nega					nn	nn	לא
430340	SP	Genesis	43	30	KJ	KJ	KJ				NA			NA	conj					nn	nn	כי
468974	SP	Leviticus	16	2	L>	L>	L>				NA			NA	nega				W	nn	nn	לא
468976	SP	Leviticus	16	2	KJ	KJ	KJ				NA			NA	conj					nn	nn	כי
464816	SP	Leviticus	11	8	L>	L>	L>				NA			NA	nega					nn	nn	לא
464821	SP	Leviticus	11	8	L>	L>	L>				NA			NA	nega					nn	nn	לא
470436	SP	Leviticus	18	24	KJ	KJ	KJ				NA			NA	conj					nn	nn	כי
440086	SP	Exodus	10	4	KJ	KJ	KJ				NA			NA	conj					nn	nn	כי
420365	SP	Genesis	28	17	KJ	KJ	KJ				NA			NA	conj					nn	nn	כי
447744	SP	Exodus	22	14	L>	L>	L>				NA			NA	nega					nn	nn	לא
513471	SP	Deuteronomy	23	7	L>	L>	L>				NA			NA	nega					nn	nn	לא
478769	SP	Numbers	4	15	L>	L>	L>				NA			NA	nega				W	nn	nn	לא
443976	SP	Exodus	16	12	KJ	KJ	KJ				NA			NA	conj					nn	nn	כי
474050	SP	Leviticus	25	11	L>	L>	L>				NA			NA	nega					nn	nn	לא
474053	SP	Leviticus	25	11	L>	L>	L>				NA			NA	nega				W	nn	nn	לא
474058	SP	Leviticus	25	11	L>	L>	L>				NA			NA	nega				W	nn	nn	לא
517205	SP	Deuteronomy	29	15	KJ	KJ	KJ				NA			NA	conj					nn	nn	כי
488971	SP	Numbers	19	2	L>	L>	L>				NA			NA	nega					nn	nn	לא
445787	SP	Exodus	19	13	L>	L>	L>				NA			NA	nega					nn	nn	לא
445791	SP	Exodus	19	13	KJ	KJ	KJ				NA			NA	conj					nn	nn	כי
445801	SP	Exodus	19	13	L>	L>	L>				NA			NA	nega					nn	nn	לא
426234	SP	Genesis	37	26	KJ	KJ	KJ				NA			NA	conj					nn	nn	כי
415711	SP	Genesis	21	31	KJ	KJ	KJ				NA			NA	conj					nn	nn	כי
461252	SP	Leviticus	5	4	KJ	KJ	KJ				NA			NA	conj					nn	nn	כי
420498	SP	Genesis	29	2	KJ	KJ	KJ				NA			NA	conj					nn	nn	כי
416799	SP	Genesis	24	8	L>	L>	L>				NA			NA	nega					nn	nn	לא
416814	SP	Genesis	24	8	L>	L>	L>				NA			NA	nega					nn	nn	לא
514924	SP	Deuteronomy	26	14	L>	L>	L>				NA			NA	nega					nn	nn	לא
514930	SP	Deuteronomy	26	14	L>	L>	L>				NA			NA	nega				W	nn	nn	לא
514936	SP	Deuteronomy	26	14	L>	L>	L>				NA			NA	nega				W	nn	nn	לא
407513	SP	Genesis	4	25	KJ	KJ	KJ				NA			NA	conj					nn	nn	כי
407521	SP	Genesis	4	25	KJ	KJ	KJ				NA			NA	conj					nn	nn	כי
507609	SP	Deuteronomy	11	25	L>	L>	L>				NA			NA	nega					nn	nn	לא
467313	SP	Leviticus	14	13	KJ	KJ	KJ				NA			NA	conj					nn	nn	כי
442297	SP	Exodus	13	9	KJ	KJ	KJ				NA			NA	conj					nn	nn	כי
438517	SP	Exodus	8	15	L>	L>	L>				NA			NA	nega				W	nn	nn	לא
406925	SP	Genesis	3	17	KJ	KJ	KJ				NA			NA	conj					nn	nn	כי
406939	SP	Genesis	3	17	L>	L>	L>				NA			NA	nega					nn	nn	לא
470506	SP	Leviticus	18	28	L>	L>	L>				NA			NA	nega				W	nn	nn	לא
440225	SP	Exodus	10	8	MJ	MJ	MJ				NA			NA	prin					nn	nn	מי
440227	SP	Exodus	10	8	MJ	MJ	MJ				NA			NA	prin				W	nn	nn	מי
513517	SP	Deuteronomy	23	11	KJ	KJ	KJ				NA			NA	conj					nn	nn	כי
513522	SP	Deuteronomy	23	11	L>	L>	L>				NA			NA	nega					nn	nn	לא
513534	SP	Deuteronomy	23	11	L>	L>	L>				NA			NA	nega					nn	nn	לא
441733	SP	Exodus	12	30	KJ	KJ	KJ				NA			NA	conj					nn	nn	כי
505241	SP	Deuteronomy	7	16	L>	L>	L>				NA			NA	nega					nn	nn	לא
505246	SP	Deuteronomy	7	16	L>	L>	L>				NA			NA	nega				W	nn	nn	לא
505250	SP	Deuteronomy	7	16	KJ	KJ	KJ				NA			NA	conj					nn	nn	כי
478845	SP	Numbers	4	19	L>	L>	L>				NA			NA	nega				W	nn	nn	לא
412246	SP	Genesis	15	3	L>	L>	L>				NA			NA	nega					nn	nn	לא
431110	SP	Genesis	45	3	L>	L>	L>				NA			NA	nega				W	nn	nn	לא
431116	SP	Genesis	45	3	KJ	KJ	KJ				NA			NA	conj					nn	nn	כי
417906	SP	Genesis	24	65	MJ	MJ	MJ				NA			NA	prin					nn	nn	מי
512031	SP	Deuteronomy	20	10	KJ	KJ	KJ				NA			NA	conj					nn	nn	כי
519102	SP	Deuteronomy	32	20	KJ	KJ	KJ				NA			NA	conj					nn	nn	כי
519107	SP	Deuteronomy	32	20	L>	L>	L>				NA			NA	nega					nn	nn	לא
515507	SP	Deuteronomy	27	26	L>	L>	L>				NA			NA	nega					nn	nn	לא
503511	SP	Deuteronomy	4	42	L>	L>	L>				NA			NA	nega					nn	nn	לא
461380	SP	Leviticus	5	8	L>	L>	L>				NA			NA	nega				W	nn	nn	לא
509965	SP	Deuteronomy	16	1	KJ	KJ	KJ				NA			NA	conj					nn	nn	כי
485059	SP	Numbers	13	28	KJ	KJ	KJ				NA			NA	conj					nn	nn	כי
468744	SP	Leviticus	15	25	KJ	KJ	KJ				NA			NA	conj					nn	nn	כי
468751	SP	Leviticus	15	25	L>	L>	L>				NA			NA	nega				B	nn	nn	לא
468755	SP	Leviticus	15	25	KJ	KJ	KJ				NA			NA	conj					nn	nn	כי
422474	SP	Genesis	31	28	L>	L>	L>				NA			NA	nega				W	nn	nn	לא
509086	SP	Deuteronomy	14	8	KJ	KJ	KJ				NA			NA	conj					nn	nn	כי
509097	SP	Deuteronomy	14	8	L>	L>	L>				NA			NA	nega					nn	nn	לא
509104	SP	Deuteronomy	14	8	L>	L>	L>				NA			NA	nega					nn	nn	לא
509109	SP	Deuteronomy	14	8	L>	L>	L>				NA			NA	nega					nn	nn	לא
516794	SP	Deuteronomy	28	64	L>	L>	L>				NA			NA	nega					nn	nn	לא
409859	SP	Genesis	9	23	L>	L>	L>				NA			NA	nega					nn	nn	לא
492339	SP	Numbers	23	21	L>	L>	L>				NA			NA	nega					nn	nn	לא
492345	SP	Numbers	23	21	L>	L>	L>				NA			NA	nega				W	nn	nn	לא
448497	SP	Exodus	23	32	L>	L>	L>				NA			NA	nega					nn	nn	לא
438648	SP	Exodus	8	19	KJ	KJ	KJ				NA			NA	conj					nn	nn	כי
438703	SP	Exodus	8	19	KJ	KJ	KJ				NA			NA	conj					nn	nn	כי
430834	SP	Genesis	44	22	L>	L>	L>				NA			NA	nega					nn	nn	לא
491388	SP	Numbers	22	13	KJ	KJ	KJ				NA			NA	conj					nn	nn	כי
490068	SP	Numbers	20	20	L>	L>	L>				NA			NA	nega					nn	nn	לא
475826	SP	Leviticus	27	11	L>	L>	L>				NA			NA	nega					nn	nn	לא
497863	SP	Numbers	32	30	L>	L>	L>				NA			NA	nega					nn	nn	לא
505545	SP	Deuteronomy	8	4	L>	L>	L>				NA			NA	nega					nn	nn	לא
505551	SP	Deuteronomy	8	4	L>	L>	L>				NA			NA	nega					nn	nn	לא
466533	SP	Leviticus	13	38	KJ	KJ	KJ				NA			NA	conj					nn	nn	כי
513591	SP	Deuteronomy	23	15	KJ	KJ	KJ				NA			NA	conj					nn	nn	כי
513611	SP	Deuteronomy	23	15	L>	L>	L>				NA			NA	nega				W	nn	nn	לא
436740	SP	Exodus	5	18	L>	L>	L>				NA			NA	nega					nn	nn	לא
511311	SP	Deuteronomy	18	21	KJ	KJ	KJ				NA			NA	conj				W	nn	nn	כי
511321	SP	Deuteronomy	18	21	L>	L>	L>				NA			NA	nega					nn	nn	לא
446115	SP	Exodus	20	5	L>	L>	L>				NA			NA	nega					nn	nn	לא
446119	SP	Exodus	20	5	L>	L>	L>				NA			NA	nega				W	nn	nn	לא
446121	SP	Exodus	20	5	KJ	KJ	KJ				NA			NA	conj					nn	nn	כי
435976	SP	Exodus	4	10	L>	L>	L>				NA			NA	nega					nn	nn	לא
435992	SP	Exodus	4	10	KJ	KJ	KJ				NA			NA	conj					nn	nn	כי
503704	SP	Deuteronomy	5	3	L>	L>	L>				NA			NA	nega					nn	nn	לא
503714	SP	Deuteronomy	5	3	KJ	KJ	KJ				NA			NA	conj					nn	nn	כי
510749	SP	Deuteronomy	17	13	L>	L>	L>				NA			NA	nega				W	nn	nn	לא
471637	SP	Leviticus	20	25	L>	L>	L>				NA			NA	nega				W	nn	nn	לא
420044	SP	Genesis	28	1	L>	L>	L>				NA			NA	nega					nn	nn	לא
424958	SP	Genesis	35	17	KJ	KJ	KJ				NA			NA	conj					nn	nn	כי
497156	SP	Numbers	31	49	L>	L>	L>				NA			NA	nega				W	nn	nn	לא
416985	SP	Genesis	24	16	L>	L>	L>				NA			NA	nega					nn	nn	לא
511486	SP	Deuteronomy	19	6	KJ	KJ	KJ				NA			NA	conj					nn	nn	כי
511491	SP	Deuteronomy	19	6	KJ	KJ	KJ				NA			NA	conj					nn	nn	כי
511503	SP	Deuteronomy	19	6	KJ	KJ	KJ				NA			NA	conj					nn	nn	כי
511504	SP	Deuteronomy	19	6	L>	L>	L>				NA			NA	nega					nn	nn	לא
414435	SP	Genesis	19	22	KJ	KJ	KJ				NA			NA	conj					nn	nn	כי
414436	SP	Genesis	19	22	L>	L>	L>				NA			NA	nega					nn	nn	לא
509147	SP	Deuteronomy	14	12	L>	L>	L>				NA			NA	nega					nn	nn	לא
516880	SP	Deuteronomy	28	68	L>	L>	L>				NA			NA	nega					nn	nn	לא
487154	SP	Numbers	16	9	KJ	KJ	KJ				NA			NA	conj					nn	nn	כי
492411	SP	Numbers	23	25	L>	L>	L>				NA			NA	nega					nn	nn	לא
492416	SP	Numbers	23	25	L>	L>	L>				NA			NA	nega					nn	nn	לא
428848	SP	Genesis	41	49	KJ	KJ	KJ				NA			NA	conj					nn	nn	כי
428852	SP	Genesis	41	49	KJ	KJ	KJ				NA			NA	conj					nn	nn	כי
488907	SP	Numbers	18	31	KJ	KJ	KJ				NA			NA	conj					nn	nn	כי
501074	SP	Deuteronomy	1	45	L>	L>	L>				NA			NA	nega				W	nn	nn	לא
501080	SP	Deuteronomy	1	45	L>	L>	L>				NA			NA	nega				W	nn	nn	לא
459920	SP	Leviticus	2	11	L>	L>	L>				NA			NA	nega					nn	nn	לא
459923	SP	Leviticus	2	11	KJ	KJ	KJ				NA			NA	conj					nn	nn	כי
459929	SP	Leviticus	2	11	L>	L>	L>				NA			NA	nega					nn	nn	לא
429066	SP	Genesis	42	4	L>	L>	L>				NA			NA	nega					nn	nn	לא
429071	SP	Genesis	42	4	KJ	KJ	KJ				NA			NA	conj					nn	nn	כי
430888	SP	Genesis	44	26	L>	L>	L>				NA			NA	nega					nn	nn	לא
430900	SP	Genesis	44	26	KJ	KJ	KJ				NA			NA	conj					nn	nn	כי
430901	SP	Genesis	44	26	L>	L>	L>				NA			NA	nega					nn	nn	לא
483004	SP	Numbers	10	7	L>	L>	L>				NA			NA	nega				W	nn	nn	לא
462785	SP	Leviticus	7	34	KJ	KJ	KJ				NA			NA	conj					nn	nn	כי
493204	SP	Numbers	25	18	KJ	KJ	KJ				NA			NA	conj					nn	nn	כי
408038	SP	Genesis	6	2	KJ	KJ	KJ				NA			NA	conj					nn	nn	כי
490132	SP	Numbers	20	24	KJ	KJ	KJ				NA			NA	conj					nn	nn	כי
490133	SP	Numbers	20	24	L>	L>	L>				NA			NA	nega					nn	nn	לא
472446	SP	Leviticus	22	21	KJ	KJ	KJ				NA			NA	conj					nn	nn	כי
472469	SP	Leviticus	22	21	L>	L>	L>				NA			NA	nega					nn	nn	לא
466581	SP	Leviticus	13	42	KJ	KJ	KJ				NA			NA	conj					nn	nn	כי
504667	SP	Deuteronomy	6	15	KJ	KJ	KJ				NA			NA	conj					nn	nn	כי
501702	SP	Deuteronomy	2	30	L>	L>	L>				NA			NA	nega				W	nn	nn	לא
501709	SP	Deuteronomy	2	30	KJ	KJ	KJ				NA			NA	conj					nn	nn	כי
406613	SP	Genesis	3	1	KJ	KJ	KJ				NA			NA	conj					nn	nn	כי
406616	SP	Genesis	3	1	L>	L>	L>				NA			NA	nega					nn	nn	לא
431270	SP	Genesis	45	11	KJ	KJ	KJ				NA			NA	conj					nn	nn	כי
436052	SP	Exodus	4	14	L>	LW>	LW>				NA			NA	nega				H	nnn	nnn	לוא
436058	SP	Exodus	4	14	KJ	KJ	KJ				NA			NA	conj					nn	nn	כי
503776	SP	Deuteronomy	5	7	L>	L>	L>				NA			NA	nega					nn	nn	לא
508305	SP	Deuteronomy	12	23	KJ	KJ	KJ				NA			NA	conj					nn	nn	כי
508312	SP	Deuteronomy	12	23	L>	L>	L>				NA			NA	nega				W	nn	nn	לא
418411	SP	Genesis	25	28	KJ	KJ	KJ				NA			NA	conj					nn	nn	כי
430094	SP	Genesis	43	18	KJ	KJ	KJ				NA			NA	conj					nn	nn	כי
512186	SP	Deuteronomy	20	18	L>	L>	L>				NA			NA	nega					nn	nn	לא
470282	SP	Leviticus	18	12	L>	L>	L>				NA			NA	nega					nn	nn	לא
411203	SP	Genesis	12	10	KJ	KJ	KJ				NA			NA	conj					nn	nn	כי
517798	SP	Deuteronomy	30	11	KJ	KJ	KJ				NA			NA	conj					nn	nn	כי
517808	SP	Deuteronomy	30	11	L>	L>	L>				NA			NA	nega					nn	nn	לא
517813	SP	Deuteronomy	30	11	L>	L>	L>				NA			NA	nega				W	nn	nn	לא
487228	SP	Numbers	16	13	KJ	KJ	KJ				NA			NA	conj					nn	nn	כי
487240	SP	Numbers	16	13	KJ	KJ	KJ				NA			NA	conj					nn	nn	כי
483927	SP	Numbers	11	19	L>	L>	L>				NA			NA	nega					nn	nn	לא
483932	SP	Numbers	11	19	L>	L>	L>				NA			NA	nega				W	nn	nn	לא
483935	SP	Numbers	11	19	L>	L>	L>				NA			NA	nega				W	nn	nn	לא
483939	SP	Numbers	11	19	L>	L>	L>				NA			NA	nega				W	nn	nn	לא
483943	SP	Numbers	11	19	L>	L>	L>				NA			NA	nega				W	nn	nn	לא
516973	SP	Deuteronomy	29	3	L>	L>	L>				NA			NA	nega				W	nn	nn	לא
406497	SP	Genesis	2	20	L>	L>	L>				NA			NA	nega					nn	nn	לא
518874	SP	Deuteronomy	32	4	KJ	KJ	KJ				NA			NA	conj					nn	nn	כי
503113	SP	Deuteronomy	4	26	KJ	KJ	KJ				NA			NA	conj					nn	nn	כי
503130	SP	Deuteronomy	4	26	L>	L>	L>				NA			NA	nega					nn	nn	לא
503134	SP	Deuteronomy	4	26	KJ	KJ	KJ				NA			NA	conj					nn	nn	כי
486863	SP	Numbers	15	34	KJ	KJ	KJ				NA			NA	conj					nn	nn	כי
486864	SP	Numbers	15	34	L>	L>	L>				NA			NA	nega					nn	nn	לא
422180	SP	Genesis	31	12	KJ	KJ	KJ				NA			NA	conj					nn	nn	כי
472535	SP	Leviticus	22	25	L>	L>	L>				NA			NA	nega					nn	nn	לא
472543	SP	Leviticus	22	25	KJ	KJ	KJ				NA			NA	conj					nn	nn	כי
472548	SP	Leviticus	22	25	L>	L>	L>				NA			NA	nega					nn	nn	לא
479678	SP	Numbers	5	15	L>	L>	L>				NA			NA	nega					nn	nn	לא
479683	SP	Numbers	5	15	L>	L>	L>				NA			NA	nega				W	nn	nn	לא
479687	SP	Numbers	5	15	KJ	KJ	KJ				NA			NA	conj					nn	nn	כי
452948	SP	Exodus	30	32	L>	L>	L>				NA			NA	nega					nn	nn	לא
452953	SP	Exodus	30	32	L>	L>	L>				NA			NA	nega					nn	nn	לא
406669	SP	Genesis	3	5	KJ	KJ	KJ				NA			NA	conj					nn	nn	כי
406672	SP	Genesis	3	5	KJ	KJ	KJ				NA			NA	conj					nn	nn	כי
465696	SP	Leviticus	12	8	L>	L>	L>				NA			NA	nega					nn	nn	לא
423764	SP	Genesis	33	5	MJ	MJ	MJ				NA			NA	prin					nn	nn	מי
503844	SP	Deuteronomy	5	11	L>	L>	L>				NA			NA	nega					nn	nn	לא
503852	SP	Deuteronomy	5	11	KJ	KJ	KJ				NA			NA	conj					nn	nn	כי
503853	SP	Deuteronomy	5	11	L>	L>	L>				NA			NA	nega					nn	nn	לא
430188	SP	Genesis	43	22	L>	L>	L>				NA			NA	nega					nn	nn	לא
430190	SP	Genesis	43	22	MJ	MJ	MJ				NA			NA	prin					nn	nn	מי
470320	SP	Leviticus	18	16	L>	L>	L>				NA			NA	nega					nn	nn	לא
511012	SP	Deuteronomy	18	5	KJ	KJ	KJ				NA			NA	conj					nn	nn	כי
411274	SP	Genesis	12	14	KJ	KJ	KJ				NA			NA	conj					nn	nn	כי
504953	SP	Deuteronomy	7	4	KJ	KJ	KJ				NA			NA	conj					nn	nn	כי
471958	SP	Leviticus	21	17	L>	L>	L>				NA			NA	nega					nn	nn	לא
414593	SP	Genesis	19	30	KJ	KJ	KJ				NA			NA	conj					nn	nn	כי
484037	SP	Numbers	11	23	L>	L>	L>				NA			NA	nega					nn	nn	לא
471302	SP	Leviticus	20	9	KJ	KJ	KJ				NA			NA	conj					nn	nn	כי
445618	SP	Exodus	19	5	KJ	KJ	KJ				NA			NA	conj					nn	nn	כי
492794	SP	Numbers	24	17	L>	L>	L>				NA			NA	nega				W	nn	nn	לא
492798	SP	Numbers	24	17	L>	L>	L>				NA			NA	nega				W	nn	nn	לא
468496	SP	Leviticus	15	13	KJ	KJ	KJ				NA			NA	conj				W	nn	nn	כי
422247	SP	Genesis	31	16	KJ	KJ	KJ				NA			NA	conj					nn	nn	כי
472598	SP	Leviticus	22	29	KJ	KJ	KJ				NA			NA	conj				W	nn	nn	כי
424329	SP	Genesis	34	17	L>	L>	L>				NA			NA	nega					nn	nn	לא
492136	SP	Numbers	23	9	KJ	KJ	KJ				NA			NA	conj					nn	nn	כי
492153	SP	Numbers	23	9	L>	L>	L>				NA			NA	nega					nn	nn	לא
500762	SP	Deuteronomy	1	29	L>	L>	L>				NA			NA	nega					nn	nn	לא
500765	SP	Deuteronomy	1	29	L>	L>	L>				NA			NA	nega				W	nn	nn	לא
518778	SP	Deuteronomy	31	29	KJ	KJ	KJ				NA			NA	conj					nn	nn	כי
518782	SP	Deuteronomy	31	29	KJ	KJ	KJ				NA			NA	conj					nn	nn	כי
518802	SP	Deuteronomy	31	29	KJ	KJ	KJ				NA			NA	conj					nn	nn	כי
433414	SP	Genesis	49	4	KJ	KJ	KJ				NA			NA	conj					nn	nn	כי
454501	SP	Exodus	33	13	KJ	KJ	KJ				NA			NA	conj					nn	nn	כי
470986	SP	Leviticus	19	28	L>	L>	L>				NA			NA	nega					nn	nn	לא
470993	SP	Leviticus	19	28	L>	L>	L>				NA			NA	nega					nn	nn	לא
475564	SP	Leviticus	26	44	L>	L>	L>				NA			NA	nega					nn	nn	לא
475567	SP	Leviticus	26	44	L>	L>	L>				NA			NA	nega				W	nn	nn	לא
475575	SP	Leviticus	26	44	KJ	KJ	KJ				NA			NA	conj					nn	nn	כי
502370	SP	Deuteronomy	3	22	L>	L>	L>				NA			NA	nega					nn	nn	לא
502372	SP	Deuteronomy	3	22	KJ	KJ	KJ				NA			NA	conj					nn	nn	כי
497620	SP	Numbers	32	18	L>	L>	L>				NA			NA	nega					nn	nn	לא
464739	SP	Leviticus	11	4	L>	L>	L>				NA			NA	nega					nn	nn	לא
464753	SP	Leviticus	11	4	KJ	KJ	KJ				NA			NA	conj					nn	nn	כי
461974	SP	Leviticus	6	10	L>	L>	L>				NA			NA	nega					nn	nn	לא
470376	SP	Leviticus	18	20	L>	L>	L>				NA			NA	nega					nn	nn	לא
431639	SP	Genesis	46	3	KJ	KJ	KJ				NA			NA	conj					nn	nn	כי
444789	SP	Exodus	17	16	KJ	KJ	KJ				NA			NA	conj					nn	nn	כי
511094	SP	Deuteronomy	18	9	KJ	KJ	KJ				NA			NA	conj					nn	nn	כי
511105	SP	Deuteronomy	18	9	L>	L>	L>				NA			NA	nega					nn	nn	לא
472016	SP	Leviticus	21	21	L>	L>	L>				NA			NA	nega					nn	nn	לא
472023	SP	Leviticus	21	21	L>	L>	L>				NA			NA	nega					nn	nn	לא
473445	SP	Leviticus	23	43	KJ	KJ	KJ				NA			NA	conj					nn	nn	כי
443587	SP	Exodus	15	23	L>	L>	L>				NA			NA	nega				W	nn	nn	לא
443594	SP	Exodus	15	23	KJ	KJ	KJ				NA			NA	conj					nn	nn	כי
510421	SP	Deuteronomy	17	1	L>	L>	L>				NA			NA	nega					nn	nn	לא
510436	SP	Deuteronomy	17	1	KJ	KJ	KJ				NA			NA	conj					nn	nn	כי
415137	SP	Genesis	20	18	KJ	KJ	KJ				NA			NA	conj					nn	nn	כי
509625	SP	Deuteronomy	15	8	KJ	KJ	KJ				NA			NA	conj					nn	nn	כי
482593	SP	Numbers	9	10	KJ	KJ	KJ				NA			NA	conj					nn	nn	כי
513233	SP	Deuteronomy	22	24	L>	L>	L>				NA			NA	nega					nn	nn	לא
424739	SP	Genesis	35	5	L>	L>	L>				NA			NA	nega				W	nn	nn	לא
482404	SP	Numbers	8	26	L>	L>	L>				NA			NA	nega					nn	nn	לא
416698	SP	Genesis	24	4	KJ	KJ	KJ				NA			NA	conj					nn	nn	כי
516574	SP	Deuteronomy	28	56	L>	L>	L>				NA			NA	nega					nn	nn	לא
512593	SP	Deuteronomy	21	16	L>	L>	L>				NA			NA	nega					nn	nn	לא
510413	SP	Deuteronomy	16	22	L>	L>	L>				NA			NA	nega				W	nn	nn	לא
455158	SP	Exodus	34	25	L>	L>	L>				NA			NA	nega					nn	nn	לא
455165	SP	Exodus	34	25	L>	L>	L>				NA			NA	nega				W	nn	nn	לא
483575	SP	Numbers	11	3	KJ	KJ	KJ				NA			NA	conj					nn	nn	כי
492223	SP	Numbers	23	13	L>	L>	L>				NA			NA	nega					nn	nn	לא
448329	SP	Exodus	23	24	L>	L>	L>				NA			NA	nega					nn	nn	לא
448334	SP	Exodus	23	24	L>	L>	L>				NA			NA	nega				W	nn	nn	לא
448337	SP	Exodus	23	24	L>	L>	L>				NA			NA	nega				W	nn	nn	לא
448341	SP	Exodus	23	24	KJ	KJ	KJ				NA			NA	conj					nn	nn	כי
514138	SP	Deuteronomy	24	17	L>	L>	L>				NA			NA	nega					nn	nn	לא
514144	SP	Deuteronomy	24	17	L>	L>	L>				NA			NA	nega				W	nn	nn	לא
454571	SP	Exodus	33	17	KJ	KJ	KJ				NA			NA	conj					nn	nn	כי
520255	SP	Deuteronomy	34	10	L>	L>	L>				NA			NA	nega				W	nn	nn	לא
432478	SP	Genesis	47	15	KJ	KJ	KJ				NA			NA	conj					nn	nn	כי
489693	SP	Numbers	20	12	L>	L>	L>				NA			NA	nega					nn	nn	לא
489703	SP	Numbers	20	12	L>	L>	L>				NA			NA	nega					nn	nn	לא
502448	SP	Deuteronomy	3	26	L>	L>	L>				NA			NA	nega				W	nn	nn	לא
472242	SP	Leviticus	22	9	L>	L>	L>				NA			NA	nega				W	nn	nn	לא
472249	SP	Leviticus	22	9	KJ	KJ	KJ				NA			NA	conj					nn	nn	כי
413867	SP	Genesis	18	29	L>	L>	L>				NA			NA	nega					nn	nn	לא
441625	SP	Exodus	12	26	KJ	KJ	KJ				NA			NA	conj					nn	nn	כי
508932	SP	Deuteronomy	13	19	KJ	KJ	KJ				NA			NA	conj					nn	nn	כי
411471	SP	Genesis	13	6	L>	L>	L>				NA			NA	nega				W	nn	nn	לא
411479	SP	Genesis	13	6	KJ	KJ	KJ				NA			NA	conj					nn	nn	כי
411484	SP	Genesis	13	6	L>	L>	L>				NA			NA	nega				W	nn	nn	לא
511934	SP	Deuteronomy	20	6	MJ	MJ	MJ				NA			NA	prin				W	nn	nn	מי
511941	SP	Deuteronomy	20	6	L>	L>	L>				NA			NA	nega				W	nn	nn	לא
509730	SP	Deuteronomy	15	12	KJ	KJ	KJ				NA			NA	conj					nn	nn	כי
482685	SP	Numbers	9	14	KJ	KJ	KJ				NA			NA	conj				W	nn	nn	כי
447402	SP	Exodus	21	35	KJ	KJ	KJ				NA			NA	conj				W	nn	nn	כי
513322	SP	Deuteronomy	22	28	KJ	KJ	KJ				NA			NA	conj					nn	nn	כי
513328	SP	Deuteronomy	22	28	L>	L>	L>				NA			NA	nega					nn	nn	לא
484565	SP	Numbers	12	15	L>	L>	L>				NA			NA	nega					nn	nn	לא
471707	SP	Leviticus	21	1	L>	L>	L>				NA			NA	nega					nn	nn	לא
408521	SP	Genesis	7	4	KJ	KJ	KJ				NA			NA	conj					nn	nn	כי
514309	SP	Deuteronomy	25	5	KJ	KJ	KJ				NA			NA	conj					nn	nn	כי
514321	SP	Deuteronomy	25	5	L>	L>	L>				NA			NA	nega					nn	nn	לא
414254	SP	Genesis	19	14	KJ	KJ	KJ				NA			NA	conj					nn	nn	כי
453541	SP	Exodus	32	7	KJ	KJ	KJ				NA			NA	conj					nn	nn	כי
458332	SP	Exodus	39	23	L>	L>	L>				NA			NA	nega					nn	nn	לא
455263	SP	Exodus	34	29	L>	L>	L>				NA			NA	nega					nn	nn	לא
455265	SP	Exodus	34	29	KJ	KJ	KJ				NA			NA	conj					nn	nn	כי
421016	SP	Genesis	29	31	KJ	KJ	KJ				NA			NA	conj					nn	nn	כי
514214	SP	Deuteronomy	24	21	KJ	KJ	KJ				NA			NA	conj					nn	nn	כי
514217	SP	Deuteronomy	24	21	L>	L>	L>				NA			NA	nega					nn	nn	לא
488754	SP	Numbers	18	23	L>	L>	L>				NA			NA	nega					nn	nn	לא
417366	SP	Genesis	24	37	L>	L>	L>				NA			NA	nega					nn	nn	לא
500917	SP	Deuteronomy	1	37	L>	L>	L>				NA			NA	nega					nn	nn	לא
490905	SP	Numbers	21	24	KJ	KJ	KJ				NA			NA	conj					nn	nn	כי
430780	SP	Genesis	44	18	KJ	KJ	KJ				NA			NA	conj					nn	nn	כי
415237	SP	Genesis	21	7	MJ	MJ	MJ				NA			NA	prin					nn	nn	מי
415245	SP	Genesis	21	7	KJ	KJ	KJ				NA			NA	conj					nn	nn	כי
447049	SP	Exodus	21	11	L>	L>	L>				NA			NA	nega					nn	nn	לא
462659	SP	Leviticus	7	26	L>	L>	L>				NA			NA	nega					nn	nn	לא
432604	SP	Genesis	47	19	L>	L>	L>				NA			NA	nega				W	nn	nn	לא
432609	SP	Genesis	47	19	L>	L>	L>				NA			NA	nega					nn	nn	לא
486599	SP	Numbers	15	22	KJ	KJ	KJ				NA			NA	conj				W	nn	nn	כי
486602	SP	Numbers	15	22	L>	L>	L>				NA			NA	nega				W	nn	nn	לא
472302	SP	Leviticus	22	13	KJ	KJ	KJ				NA			NA	conj					nn	nn	כי
472325	SP	Leviticus	22	13	L>	L>	L>				NA			NA	nega					nn	nn	לא
516197	SP	Deuteronomy	28	36	L>	L>	L>				NA			NA	nega					nn	nn	לא
412770	SP	Genesis	16	11	KJ	KJ	KJ				NA			NA	conj					nn	nn	כי
466455	SP	Leviticus	13	34	L>	L>	L>				NA			NA	nega					nn	nn	לא
479441	SP	Numbers	5	3	L>	L>	L>				NA			NA	nega				W	nn	nn	לא
436675	SP	Exodus	5	14	L>	L>	L>				NA			NA	nega					nn	nn	לא
447983	SP	Exodus	23	4	KJ	KJ	KJ				NA			NA	conj					nn	nn	כי
452773	SP	Exodus	30	20	L>	L>	L>				NA			NA	nega				W	nn	nn	לא
465416	SP	Leviticus	11	41	L>	L>	L>				NA			NA	nega					nn	nn	לא
435735	SP	Exodus	3	21	KJ	KJ	KJ				NA			NA	conj					nn	nn	כי
435737	SP	Exodus	3	21	L>	L>	L>				NA			NA	nega					nn	nn	לא
459339	SP	Exodus	40	37	L>	L>	L>				NA			NA	nega					nn	nn	לא
459343	SP	Exodus	40	37	L>	L>	L>				NA			NA	nega					nn	nn	לא
470718	SP	Leviticus	19	12	L>	L>	L>				NA			NA	nega				W	nn	nn	לא
476942	SP	Numbers	1	47	L>	L>	L>				NA			NA	nega					nn	nn	לא
411569	SP	Genesis	13	10	KJ	KJ	KJ				NA			NA	conj					nn	nn	כי
429914	SP	Genesis	43	10	KJ	KJ	KJ				NA			NA	conj					nn	nn	כי
429916	SP	Genesis	43	10	L>	L>	L>				NA			NA	nega					nn	nn	לא
429918	SP	Genesis	43	10	KJ	KJ	KJ				NA			NA	conj					nn	nn	כי
509804	SP	Deuteronomy	15	16	KJ	KJ	KJ				NA			NA	conj					nn	nn	כי
509807	SP	Deuteronomy	15	16	L>	L>	L>				NA			NA	nega					nn	nn	לא
509811	SP	Deuteronomy	15	16	KJ	KJ	KJ				NA			NA	conj					nn	nn	כי
509816	SP	Deuteronomy	15	16	KJ	KJ	KJ				NA			NA	conj					nn	nn	כי
439784	SP	Exodus	9	29	L>	L>	L>				NA			NA	nega					nn	nn	לא
439789	SP	Exodus	9	29	KJ	KJ	KJ				NA			NA	conj					nn	nn	כי
471753	SP	Leviticus	21	5	L>	L>	L>				NA			NA	nega				W	nn	nn	לא
471761	SP	Leviticus	21	5	L>	L>	L>				NA			NA	nega					nn	nn	לא
471766	SP	Leviticus	21	5	L>	L>	L>				NA			NA	nega					nn	nn	לא
514436	SP	Deuteronomy	25	9	L>	L>	L>				NA			NA	nega					nn	nn	לא
483728	SP	Numbers	11	11	L>	L>	L>				NA			NA	nega					nn	nn	לא
495204	SP	Numbers	29	1	L>	L>	L>				NA			NA	nega					nn	nn	לא
417433	SP	Genesis	24	41	KJ	KJ	KJ				NA			NA	conj					nn	nn	כי
417439	SP	Genesis	24	41	L>	L>	L>				NA			NA	nega					nn	nn	לא
490971	SP	Numbers	21	28	KJ	KJ	KJ				NA			NA	conj					nn	nn	כי
487660	SP	Numbers	16	34	KJ	KJ	KJ				NA			NA	conj					nn	nn	כי
423260	SP	Genesis	32	12	KJ	KJ	KJ				NA			NA	conj					nn	nn	כי
474184	SP	Leviticus	25	20	KJ	KJ	KJ				NA			NA	conj				W	nn	nn	כי
474193	SP	Leviticus	25	20	L>	L>	L>				NA			NA	nega					nn	nn	לא
474196	SP	Leviticus	25	20	L>	L>	L>				NA			NA	nega				W	nn	nn	לא
464389	SP	Leviticus	10	7	L>	L>	L>				NA			NA	nega					nn	nn	לא
464393	SP	Leviticus	10	7	KJ	KJ	KJ				NA			NA	conj					nn	nn	כי
486717	SP	Numbers	15	26	KJ	KJ	KJ				NA			NA	conj					nn	nn	כי
516263	SP	Deuteronomy	28	40	L>	L>	L>				NA			NA	nega					nn	nn	לא
516265	SP	Deuteronomy	28	40	KJ	KJ	KJ				NA			NA	conj					nn	nn	כי
407167	SP	Genesis	4	5	L>	L>	L>				NA			NA	nega					nn	nn	לא
424114	SP	Genesis	34	5	KJ	KJ	KJ				NA			NA	conj					nn	nn	כי
504613	SP	Deuteronomy	6	11	L>	L>	L>				NA			NA	nega					nn	nn	לא
504618	SP	Deuteronomy	6	11	L>	L>	L>				NA			NA	nega					nn	nn	לא
504624	SP	Deuteronomy	6	11	L>	L>	L>				NA			NA	nega					nn	nn	לא
448035	SP	Exodus	23	8	KJ	KJ	KJ				NA			NA	conj					nn	nn	כי
428310	SP	Genesis	41	21	L>	L>	L>				NA			NA	nega				W	nn	nn	לא
428312	SP	Genesis	41	21	KJ	KJ	KJ				NA			NA	conj					nn	nn	כי
513795	SP	Deuteronomy	24	1	KJ	KJ	KJ				NA			NA	conj					nn	nn	כי
513807	SP	Deuteronomy	24	1	L>	L>	L>				NA			NA	nega					nn	nn	לא
513812	SP	Deuteronomy	24	1	KJ	KJ	KJ				NA			NA	conj					nn	nn	כי
488306	SP	Numbers	18	3	L>	L>	L>				NA			NA	nega					nn	nn	לא
488309	SP	Numbers	18	3	L>	L>	L>				NA			NA	nega				W	nn	nn	לא
500497	SP	Deuteronomy	1	17	L>	L>	L>				NA			NA	nega					nn	nn	לא
500507	SP	Deuteronomy	1	17	L>	L>	L>				NA			NA	nega					nn	nn	לא
500512	SP	Deuteronomy	1	17	KJ	KJ	KJ				NA			NA	conj					nn	nn	כי
496098	SP	Numbers	30	13	L>	L>	L>				NA			NA	nega					nn	nn	לא
518488	SP	Deuteronomy	31	17	L>	LW>	LW>				NA			NA	nega				H	nnn	nnn	לוא
518490	SP	Deuteronomy	31	17	KJ	KJ	KJ				NA			NA	conj					nn	nn	כי
465490	SP	Leviticus	11	45	KJ	KJ	KJ				NA			NA	conj					nn	nn	כי
465508	SP	Leviticus	11	45	KJ	KJ	KJ				NA			NA	conj					nn	nn	כי
498281	SP	Numbers	33	14	L>	L>	L>				NA			NA	nega				W	nn	nn	לא
470780	SP	Leviticus	19	16	L>	L>	L>				NA			NA	nega					nn	nn	לא
470786	SP	Leviticus	19	16	L>	L>	L>				NA			NA	nega				W	nn	nn	לא
405471	SP	Genesis	1	4	KJ	KJ	KJ				NA			NA	conj					nn	nn	כי
426787	SP	Genesis	38	20	L>	L>	L>				NA			NA	nega				W	nn	nn	לא
482892	SP	Numbers	9	22	L>	L>	L>				NA			NA	nega				W	nn	nn	לא
439856	SP	Exodus	9	33	L>	L>	L>				NA			NA	nega					nn	nn	לא
470236	SP	Leviticus	18	8	L>	L>	L>				NA			NA	nega					nn	nn	לא
441217	SP	Exodus	12	10	L>	L>	L>				NA			NA	nega				W	nn	nn	לא
508550	SP	Deuteronomy	13	3	L>	L>	L>				NA			NA	nega					nn	nn	לא
471828	SP	Leviticus	21	9	KJ	KJ	KJ				NA			NA	conj					nn	nn	כי
514483	SP	Deuteronomy	25	13	L>	L>	L>				NA			NA	nega					nn	nn	לא
506287	SP	Deuteronomy	9	18	L>	L>	L>				NA			NA	nega					nn	nn	לא
506291	SP	Deuteronomy	9	18	L>	L>	L>				NA			NA	nega					nn	nn	לא
473202	SP	Leviticus	23	31	L>	L>	L>				NA			NA	nega					nn	nn	לא
443399	SP	Exodus	15	11	MJ	MJ	MJ				NA			NA	prin					nn	nn	מי
443404	SP	Exodus	15	11	MJ	MJ	MJ				NA			NA	prin					nn	nn	מי
447896	SP	Exodus	22	27	L>	L>	L>				NA			NA	nega					nn	nn	לא
447902	SP	Exodus	22	27	L>	L>	L>				NA			NA	nega					nn	nn	לא
505416	SP	Deuteronomy	7	25	L>	L>	L>				NA			NA	nega					nn	nn	לא
505428	SP	Deuteronomy	7	25	KJ	KJ	KJ				NA			NA	conj					nn	nn	כי
414870	SP	Genesis	20	6	KJ	KJ	KJ				NA			NA	conj					nn	nn	כי
414886	SP	Genesis	20	6	L>	L>	L>				NA			NA	nega					nn	nn	לא
503022	SP	Deuteronomy	4	22	KJ	KJ	KJ				NA			NA	conj					nn	nn	כי
444233	SP	Exodus	16	25	KJ	KJ	KJ				NA			NA	conj					nn	nn	כי
444241	SP	Exodus	16	25	L>	L>	L>				NA			NA	nega					nn	nn	לא
492645	SP	Numbers	24	9	MJ	MJ	MJ				NA			NA	prin					nn	nn	מי
429609	SP	Genesis	42	33	KJ	KJ	KJ				NA			NA	conj					nn	nn	כי
519218	SP	Deuteronomy	32	29	L>	L>	L>				NA			NA	nega					nn	nn	לא
461586	SP	Leviticus	5	17	L>	L>	L>				NA			NA	nega					nn	nn	לא
461589	SP	Leviticus	5	17	L>	L>	L>				NA			NA	nega				W	nn	nn	לא
516306	SP	Deuteronomy	28	44	L>	L>	L>				NA			NA	nega					nn	nn	לא
512342	SP	Deuteronomy	21	4	L>	L>	L>				NA			NA	nega					nn	nn	לא
512346	SP	Deuteronomy	21	4	L>	L>	L>				NA			NA	nega				W	nn	nn	לא
407242	SP	Genesis	4	9	L>	L>	L>				NA			NA	nega					nn	nn	לא
454961	SP	Exodus	34	13	KJ	KJ	KJ				NA			NA	conj					nn	nn	כי
420770	SP	Genesis	29	15	KJ	KJ	KJ				NA			NA	conj				H	nn	nn	כי
513908	SP	Deuteronomy	24	5	KJ	KJ	KJ				NA			NA	conj					nn	nn	כי
513913	SP	Deuteronomy	24	5	L>	L>	L>				NA			NA	nega					nn	nn	לא
513918	SP	Deuteronomy	24	5	L>	L>	L>				NA			NA	nega				W	nn	nn	לא
445165	SP	Exodus	18	18	KJ	KJ	KJ				NA			NA	conj					nn	nn	כי
445170	SP	Exodus	18	18	L>	L>	L>				NA			NA	nega					nn	nn	לא
518588	SP	Deuteronomy	31	21	KJ	KJ	KJ				NA			NA	conj					nn	nn	כי
518605	SP	Deuteronomy	31	21	KJ	KJ	KJ				NA			NA	conj					nn	nn	כי
518606	SP	Deuteronomy	31	21	L>	L>	L>				NA			NA	nega					nn	nn	לא
518611	SP	Deuteronomy	31	21	KJ	KJ	KJ				NA			NA	conj					nn	nn	כי
451453	SP	Exodus	28	35	L>	L>	L>				NA			NA	nega				W	nn	nn	לא
465609	SP	Leviticus	12	4	L>	L>	L>				NA			NA	nega					nn	nn	לא
465615	SP	Leviticus	12	4	L>	L>	L>				NA			NA	nega					nn	nn	לא
427165	SP	Genesis	39	8	L>	L>	L>				NA			NA	nega					nn	nn	לא
470844	SP	Leviticus	19	20	KJ	KJ	KJ				NA			NA	conj					nn	nn	כי
470858	SP	Leviticus	19	20	L>	L>	L>				NA			NA	nega					nn	nn	לא
470862	SP	Leviticus	19	20	L>	L>	L>				NA			NA	nega					nn	nn	לא
470868	SP	Leviticus	19	20	L>	L>	L>				NA			NA	nega					nn	nn	לא
470870	SP	Leviticus	19	20	KJ	KJ	KJ				NA			NA	conj					nn	nn	כי
470871	SP	Leviticus	19	20	L>	L>	L>				NA			NA	nega					nn	nn	לא
442572	SP	Exodus	13	22	L>	L>	L>				NA			NA	nega					nn	nn	לא
491553	SP	Numbers	22	22	KJ	KJ	KJ				NA			NA	conj					nn	nn	כי
466089	SP	Leviticus	13	18	KJ	KJ	KJ				NA			NA	conj					nn	nn	כי
416452	SP	Genesis	23	11	L>	L>	L>				NA			NA	nega					nn	nn	לא
510936	SP	Deuteronomy	18	1	L>	L>	L>				NA			NA	nega					nn	nn	לא
508659	SP	Deuteronomy	13	7	KJ	KJ	KJ				NA			NA	conj					nn	nn	כי
508689	SP	Deuteronomy	13	7	L>	L>	L>				NA			NA	nega					nn	nn	לא
433231	SP	Genesis	48	17	KJ	KJ	KJ				NA			NA	conj					nn	nn	כי
473270	SP	Leviticus	23	35	L>	L>	L>				NA			NA	nega					nn	nn	לא
417632	SP	Genesis	24	49	L>	L>	L>				NA			NA	nega					nn	nn	לא
414981	SP	Genesis	20	10	KJ	KJ	KJ				NA			NA	conj					nn	nn	כי
444286	SP	Exodus	16	29	KJ	KJ	KJ				NA			NA	conj					nn	nn	כי
474321	SP	Leviticus	25	28	L>	L>	L>				NA			NA	nega					nn	nn	לא
492719	SP	Numbers	24	13	L>	L>	L>				NA			NA	nega					nn	nn	לא
429702	SP	Genesis	42	37	L>	L>	L>				NA			NA	nega					nn	nn	לא
414002	SP	Genesis	19	2	L>	L>	L>				NA			NA	nega					nn	nn	לא
414003	SP	Genesis	19	2	KJ	KJ	KJ				NA			NA	conj					nn	nn	כי
461640	SP	Leviticus	5	21	KJ	KJ	KJ				NA			NA	conj					nn	nn	כי
455025	SP	Exodus	34	17	L>	L>	L>				NA			NA	nega					nn	nn	לא
440932	SP	Exodus	11	6	L>	L>	L>				NA			NA	nega					nn	nn	לא
440936	SP	Exodus	11	6	L>	L>	L>				NA			NA	nega					nn	nn	לא
511682	SP	Deuteronomy	19	15	L>	L>	L>				NA			NA	nega					nn	nn	לא
490557	SP	Numbers	21	12	KJ	KJ	KJ				NA			NA	conj					nn	nn	כי
490558	SP	Numbers	21	12	L>	L>	L>				NA			NA	nega					nn	nn	לא
490566	SP	Numbers	21	12	KJ	KJ	KJ				NA			NA	conj					nn	nn	כי
502557	SP	Deuteronomy	4	2	L>	L>	L>				NA			NA	nega					nn	nn	לא
502569	SP	Deuteronomy	4	2	L>	L>	L>				NA			NA	nega				W	nn	nn	לא
405646	SP	Genesis	1	12	KJ	KJ	KJ				NA			NA	conj					nn	nn	כי
469900	SP	Leviticus	17	7	L>	L>	L>				NA			NA	nega				W	nn	nn	לא
461907	SP	Leviticus	6	6	L>	L>	L>				NA			NA	nega					nn	nn	לא
436435	SP	Exodus	5	2	MJ	MJ	MJ				NA			NA	prin					nn	nn	מי
436445	SP	Exodus	5	2	L>	L>	L>				NA			NA	nega					nn	nn	לא
436453	SP	Exodus	5	2	L>	L>	L>				NA			NA	nega					nn	nn	לא
413709	SP	Genesis	18	21	L>	L>	L>				NA			NA	nega					nn	nn	לא
508758	SP	Deuteronomy	13	11	KJ	KJ	KJ				NA			NA	conj					nn	nn	כי
460679	SP	Leviticus	4	13	L>	L>	L>				NA			NA	nega					nn	nn	לא
443492	SP	Exodus	15	19	KJ	KJ	KJ				NA			NA	conj					nn	nn	כי
487730	SP	Numbers	17	3	KJ	KJ	KJ				NA			NA	conj					nn	nn	כי
509527	SP	Deuteronomy	15	4	KJ	KJ	KJ				NA			NA	conj					nn	nn	כי
509528	SP	Deuteronomy	15	4	L>	L>	L>				NA			NA	nega					nn	nn	לא
509532	SP	Deuteronomy	15	4	KJ	KJ	KJ				NA			NA	conj					nn	nn	כי
482518	SP	Numbers	9	6	L>	L>	L>				NA			NA	nega				W	nn	nn	לא
506829	SP	Deuteronomy	10	10	L>	L>	L>				NA			NA	nega				W	nn	nn	לא
431436	SP	Genesis	45	20	KJ	KJ	KJ				NA			NA	conj					nn	nn	כי
513129	SP	Deuteronomy	22	20	L>	L>	L>				NA			NA	nega					nn	nn	לא
484420	SP	Numbers	12	7	L>	L>	L>				NA			NA	nega					nn	nn	לא
421605	SP	Genesis	30	31	L>	L>	L>				NA			NA	nega					nn	nn	לא
505886	SP	Deuteronomy	9	2	MJ	MJ	MJ				NA			NA	prin					nn	nn	מי
441031	SP	Exodus	11	10	L>	L>	L>				NA			NA	nega				W	nn	nn	לא
480148	SP	Numbers	6	5	L>	L>	L>				NA			NA	nega					nn	nn	לא
451612	SP	Exodus	28	43	L>	L>	L>				NA			NA	nega				W	nn	nn	לא
502643	SP	Deuteronomy	4	6	KJ	KJ	KJ				NA			NA	conj					nn	nn	כי
520185	SP	Deuteronomy	34	6	L>	L>	L>				NA			NA	nega				W	nn	nn	לא
462501	SP	Leviticus	7	18	L>	L>	L>				NA			NA	nega					nn	nn	לא
462506	SP	Leviticus	7	18	L>	L>	L>				NA			NA	nega					nn	nn	לא
467770	SP	Leviticus	14	34	KJ	KJ	KJ				NA			NA	conj					nn	nn	כי
498753	SP	Numbers	33	55	L>	L>	L>				NA			NA	nega					nn	nn	לא
418923	SP	Genesis	26	22	L>	L>	L>				NA			NA	nega				W	nn	nn	לא
418932	SP	Genesis	26	22	KJ	KJ	KJ				NA			NA	conj					nn	nn	כי
486486	SP	Numbers	15	14	KJ	KJ	KJ				NA			NA	conj				W	nn	nn	כי
469994	SP	Leviticus	17	11	KJ	KJ	KJ				NA			NA	conj					nn	nn	כי
470012	SP	Leviticus	17	11	KJ	KJ	KJ				NA			NA	conj					nn	nn	כי
491731	SP	Numbers	22	30	L>	LW>	LW>				NA			NA	nega				H	nnn	nnn	לוא
491752	SP	Numbers	22	30	L>	L>	L>				NA			NA	nega					nn	nn	לא
410510	SP	Genesis	11	9	KJ	KJ	KJ				NA			NA	conj					nn	nn	כי
413787	SP	Genesis	18	25	L>	L>	L>				NA			NA	nega					nn	nn	לא
476158	SP	Leviticus	27	28	L>	L>	L>				NA			NA	nega					nn	nn	לא
476161	SP	Leviticus	27	28	L>	L>	L>				NA			NA	nega				W	nn	nn	לא
452602	SP	Exodus	30	12	KJ	KJ	KJ				NA			NA	conj					nn	nn	כי
452621	SP	Exodus	30	12	L>	L>	L>				NA			NA	nega				W	nn	nn	לא
440683	SP	Exodus	10	29	L>	L>	L>				NA			NA	nega					nn	nn	לא
466875	SP	Leviticus	13	55	L>	L>	L>				NA			NA	nega					nn	nn	לא
466884	SP	Leviticus	13	55	L>	L>	L>				NA			NA	nega					nn	nn	לא
507528	SP	Deuteronomy	11	22	KJ	KJ	KJ				NA			NA	conj					nn	nn	כי
432099	SP	Genesis	46	32	KJ	KJ	KJ				NA			NA	conj					nn	nn	כי
470608	SP	Leviticus	19	4	L>	L>	L>				NA			NA	nega					nn	nn	לא
475140	SP	Leviticus	26	20	L>	L>	L>				NA			NA	nega				W	nn	nn	לא
475149	SP	Leviticus	26	20	L>	L>	L>				NA			NA	nega					nn	nn	לא
446813	SP	Exodus	20	22	KJ	KJ	KJ				NA			NA	conj					nn	nn	כי
439579	SP	Exodus	9	21	L>	L>	L>				NA			NA	nega					nn	nn	לא
465734	SP	Leviticus	13	2	KJ	KJ	KJ				NA			NA	conj					nn	nn	כי
514245	SP	Deuteronomy	25	1	KJ	KJ	KJ				NA			NA	conj					nn	nn	כי
506001	SP	Deuteronomy	9	6	KJ	KJ	KJ				NA			NA	conj					nn	nn	כי
506002	SP	Deuteronomy	9	6	L>	L>	L>				NA			NA	nega					nn	nn	לא
506018	SP	Deuteronomy	9	6	KJ	KJ	KJ				NA			NA	conj					nn	nn	כי
447754	SP	Exodus	22	15	KJ	KJ	KJ				NA			NA	conj				W	nn	nn	כי
447759	SP	Exodus	22	15	L>	L>	L>				NA			NA	nega					nn	nn	לא
480204	SP	Numbers	6	9	KJ	KJ	KJ				NA			NA	conj				W	nn	nn	כי
417306	SP	Genesis	24	33	L>	L>	L>				NA			NA	nega					nn	nn	לא
500099	SP	Numbers	36	9	L>	L>	L>				NA			NA	nega				W	nn	nn	לא
500107	SP	Numbers	36	9	KJ	KJ	KJ				NA			NA	conj					nn	nn	כי
422906	SP	Genesis	31	49	KJ	KJ	KJ				NA			NA	conj					nn	nn	כי
509450	SP	Deuteronomy	14	29	KJ	KJ	KJ				NA			NA	conj					nn	nn	כי
446989	SP	Exodus	21	7	KJ	KJ	KJ				NA			NA	conj				W	nn	nn	כי
446996	SP	Exodus	21	7	L>	L>	L>				NA			NA	nega					nn	nn	לא
474062	SP	Leviticus	25	12	KJ	KJ	KJ				NA			NA	conj					nn	nn	כי
429382	SP	Genesis	42	21	L>	L>	L>				NA			NA	nega				W	nn	nn	לא
426251	SP	Genesis	37	27	KJ	KJ	KJ				NA			NA	conj					nn	nn	כי
519063	SP	Deuteronomy	32	17	L>	L>	L>				NA			NA	nega					nn	nn	לא
519066	SP	Deuteronomy	32	17	L>	L>	L>				NA			NA	nega					nn	nn	לא
519073	SP	Deuteronomy	32	17	L>	L>	L>				NA			NA	nega				W	nn	nn	לא
461285	SP	Leviticus	5	5	KJ	KJ	KJ				NA			NA	conj					nn	nn	כי
491832	SP	Numbers	22	34	KJ	KJ	KJ				NA			NA	conj					nn	nn	כי
491833	SP	Numbers	22	34	L>	L>	L>				NA			NA	nega					nn	nn	לא
491835	SP	Numbers	22	34	KJ	KJ	KJ				NA			NA	conj					nn	nn	כי
500376	SP	Deuteronomy	1	9	L>	L>	L>				NA			NA	nega					nn	nn	לא
465336	SP	Leviticus	11	37	KJ	KJ	KJ				NA			NA	conj				W	nn	nn	כי
480006	SP	Numbers	5	28	L>	L>	L>				NA			NA	nega					nn	nn	לא
487908	SP	Numbers	17	11	KJ	KJ	KJ				NA			NA	conj					nn	nn	כי
499743	SP	Numbers	35	28	KJ	KJ	KJ				NA			NA	conj					nn	nn	כי
470657	SP	Leviticus	19	8	KJ	KJ	KJ				NA			NA	conj					nn	nn	כי
409196	SP	Genesis	8	12	L>	L>	L>				NA			NA	nega				W	nn	nn	לא
446876	SP	Exodus	20	26	L>	L>	L>				NA			NA	nega				W	nn	nn	לא
446883	SP	Exodus	20	26	L>	L>	L>				NA			NA	nega					nn	nn	לא
501896	SP	Deuteronomy	3	2	KJ	KJ	KJ				NA			NA	conj					nn	nn	כי
494285	SP	Numbers	27	4	KJ	KJ	KJ				NA			NA	conj					nn	nn	כי
436394	SP	Exodus	4	31	KJ	KJ	KJ				NA			NA	conj					nn	nn	כי
436401	SP	Exodus	4	31	KJ	KJ	KJ				NA			NA	conj				W	nn	nn	כי
504220	SP	Deuteronomy	5	24	KJ	KJ	KJ				NA			NA	conj					nn	nn	כי
465871	SP	Leviticus	13	6	L>	L>	L>				NA			NA	nega					nn	nn	לא
413415	SP	Genesis	18	5	KJ	KJ	KJ				NA			NA	conj					nn	nn	כי
470523	SP	Leviticus	18	29	KJ	KJ	KJ				NA			NA	conj					nn	nn	כי
513540	SP	Deuteronomy	23	12	KJ	KJ	KJ				NA			NA	conj					nn	nn	כי
505254	SP	Deuteronomy	7	17	KJ	KJ	KJ				NA			NA	conj					nn	nn	כי
478867	SP	Numbers	4	20	L>	L>	L>				NA			NA	nega				W	nn	nn	לא
487581	SP	Numbers	16	30	KJ	KJ	KJ				NA			NA	conj					nn	nn	כי
512826	SP	Deuteronomy	22	4	L>	L>	L>				NA			NA	nega					nn	nn	לא
474131	SP	Leviticus	25	16	KJ	KJ	KJ				NA			NA	conj					nn	nn	כי
471558	SP	Leviticus	20	22	L>	L>	L>				NA			NA	nega				W	nn	nn	לא
492515	SP	Numbers	24	1	KJ	KJ	KJ				NA			NA	conj					nn	nn	כי
492525	SP	Numbers	24	1	L>	L>	L>				NA			NA	nega				W	nn	nn	לא
519114	SP	Deuteronomy	32	21	L>	L>	L>				NA			NA	nega				B	nn	nn	לא
519123	SP	Deuteronomy	32	21	L>	L>	L>				NA			NA	nega				B	nn	nn	לא
420596	SP	Genesis	29	7	L>	L>	L>				NA			NA	nega					nn	nn	לא
518345	SP	Deuteronomy	31	13	L>	L>	L>				NA			NA	nega					nn	nn	לא
516807	SP	Deuteronomy	28	65	L>	L>	L>				NA			NA	nega					nn	nn	לא
516810	SP	Deuteronomy	28	65	L>	L>	L>				NA			NA	nega				W	nn	nn	לא
507716	SP	Deuteronomy	11	30	L>	LW>	LW>				NA			NA	nega				H	nnn	nnn	לוא
499814	SP	Numbers	35	32	L>	L>	L>				NA			NA	nega				W	nn	nn	לא
429018	SP	Genesis	42	1	KJ	KJ	KJ				NA			NA	conj					nn	nn	כי
442378	SP	Exodus	13	14	KJ	KJ	KJ				NA			NA	conj					nn	nn	כי
426696	SP	Genesis	38	16	KJ	KJ	KJ				NA			NA	conj					nn	nn	כי
426697	SP	Genesis	38	16	L>	L>	L>				NA			NA	nega					nn	nn	לא
426699	SP	Genesis	38	16	KJ	KJ	KJ				NA			NA	conj					nn	nn	כי
426707	SP	Genesis	38	16	KJ	KJ	KJ				NA			NA	conj					nn	nn	כי
494339	SP	Numbers	27	8	KJ	KJ	KJ				NA			NA	conj					nn	nn	כי
515741	SP	Deuteronomy	28	12	L>	L>	L>				NA			NA	nega					nn	nn	לא
486191	SP	Numbers	14	41	L>	L>	L>				NA			NA	nega					nn	nn	לא
505560	SP	Deuteronomy	8	5	KJ	KJ	KJ				NA			NA	conj					nn	nn	כי
513620	SP	Deuteronomy	23	16	L>	L>	L>				NA			NA	nega					nn	nn	לא
505341	SP	Deuteronomy	7	21	L>	L>	L>				NA			NA	nega					nn	nn	לא
505345	SP	Deuteronomy	7	21	KJ	KJ	KJ				NA			NA	conj					nn	nn	כי
501648	SP	Deuteronomy	2	27	L>	L>	L>				NA			NA	nega					nn	nn	לא
412334	SP	Genesis	15	8	KJ	KJ	KJ				NA			NA	conj					nn	nn	כי
439030	SP	Exodus	9	5	KJ	KJ	KJ				NA			NA	conj					nn	nn	כי
439077	SP	Exodus	9	5	L>	L>	L>				NA			NA	nega				W	nn	nn	לא
419456	SP	Genesis	27	18	MJ	MJ	MJ				NA			NA	prin					nn	nn	מי
431195	SP	Genesis	45	8	L>	L>	L>				NA			NA	nega					nn	nn	לא
431200	SP	Genesis	45	8	KJ	KJ	KJ				NA			NA	conj					nn	nn	כי
512919	SP	Deuteronomy	22	8	KJ	KJ	KJ				NA			NA	conj					nn	nn	כי
512929	SP	Deuteronomy	22	8	L>	L>	L>				NA			NA	nega				W	nn	nn	לא
512934	SP	Deuteronomy	22	8	KJ	KJ	KJ				NA			NA	conj					nn	nn	כי
436003	SP	Exodus	4	11	MJ	MJ	MJ				NA			NA	prin					nn	nn	מי
436009	SP	Exodus	4	11	MJ	MJ	MJ				NA			NA	prin					nn	nn	מי
436019	SP	Exodus	4	11	L>	LW>	LW>				NA			NA	nega				H	nnn	nnn	לוא
510752	SP	Deuteronomy	17	14	KJ	KJ	KJ				NA			NA	conj					nn	nn	כי
471662	SP	Leviticus	20	26	KJ	KJ	KJ				NA			NA	conj					nn	nn	כי
426398	SP	Genesis	37	35	KJ	KJ	KJ				NA			NA	conj					nn	nn	כי
512131	SP	Deuteronomy	20	15	L>	L>	L>				NA			NA	nega					nn	nn	לא
443195	SP	Exodus	14	28	L>	L>	L>				NA			NA	nega					nn	nn	לא
483449	SP	Numbers	10	32	KJ	KJ	KJ				NA			NA	conj					nn	nn	כי
472693	SP	Leviticus	23	3	L>	L>	L>				NA			NA	nega					nn	nn	לא
510068	SP	Deuteronomy	16	6	KJ	KJ	KJ				NA			NA	conj					nn	nn	כי
454853	SP	Exodus	34	9	KJ	KJ	KJ				NA			NA	conj					nn	nn	כי
485266	SP	Numbers	13	33	L>	L>	L>				NA			NA	nega					nn	nn	לא
485269	SP	Numbers	13	33	L>	L>	L>				NA			NA	nega				W	nn	nn	לא
422585	SP	Genesis	31	33	L>	L>	L>				NA			NA	nega				W	nn	nn	לא
492426	SP	Numbers	23	26	L>	LW>	LW>				NA			NA	nega				H	nnn	nnn	לוא
459945	SP	Leviticus	2	12	L>	L>	L>				NA			NA	nega					nn	nn	לא
429086	SP	Genesis	42	5	KJ	KJ	KJ				NA			NA	conj					nn	nn	כי
434439	SP	Exodus	1	8	L>	L>	L>				NA			NA	nega					nn	nn	לא
438822	SP	Exodus	8	24	L>	L>	L>				NA			NA	nega					nn	nn	לא
430922	SP	Genesis	44	27	KJ	KJ	KJ				NA			NA	conj					nn	nn	כי
486299	SP	Numbers	15	2	KJ	KJ	KJ				NA			NA	conj					nn	nn	כי
415420	SP	Genesis	21	16	KJ	KJ	KJ				NA			NA	conj					nn	nn	כי
491476	SP	Numbers	22	18	L>	L>	L>				NA			NA	nega					nn	nn	לא
504394	SP	Deuteronomy	5	32	L>	L>	L>				NA			NA	nega					nn	nn	לא
408052	SP	Genesis	6	3	L>	L>	L>				NA			NA	nega					nn	nn	לא
505619	SP	Deuteronomy	8	9	L>	L>	L>				NA			NA	nega					nn	nn	לא
505625	SP	Deuteronomy	8	9	L>	L>	L>				NA			NA	nega					nn	nn	לא
507282	SP	Deuteronomy	11	10	KJ	KJ	KJ				NA			NA	conj					nn	nn	כי
507291	SP	Deuteronomy	11	10	L>	L>	L>				NA			NA	nega					nn	nn	לא
479602	SP	Numbers	5	12	KJ	KJ	KJ				NA			NA	conj					nn	nn	כי
513679	SP	Deuteronomy	23	20	L>	L>	L>				NA			NA	nega					nn	nn	לא
436844	SP	Exodus	5	23	L>	L>	L>				NA			NA	nega					nn	nn	לא
499443	SP	Numbers	35	12	L>	L>	L>				NA			NA	nega				W	nn	nn	לא
441888	SP	Exodus	12	39	KJ	KJ	KJ				NA			NA	conj					nn	nn	כי
441889	SP	Exodus	12	39	L>	L>	L>				NA			NA	nega					nn	nn	לא
441891	SP	Exodus	12	39	KJ	KJ	KJ				NA			NA	conj					nn	nn	כי
441895	SP	Exodus	12	39	L>	L>	L>				NA			NA	nega				W	nn	nn	לא
441902	SP	Exodus	12	39	L>	L>	L>				NA			NA	nega					nn	nn	לא
446191	SP	Exodus	20	10	L>	L>	L>				NA			NA	nega					nn	nn	לא
431292	SP	Genesis	45	12	KJ	KJ	KJ				NA			NA	conj					nn	nn	כי
503783	SP	Deuteronomy	5	8	L>	L>	L>				NA			NA	nega					nn	nn	לא
508319	SP	Deuteronomy	12	24	L>	L>	L>				NA			NA	nega					nn	nn	לא
437709	SP	Exodus	7	16	L>	L>	L>				NA			NA	nega					nn	nn	לא
512203	SP	Deuteronomy	20	19	KJ	KJ	KJ				NA			NA	conj					nn	nn	כי
512214	SP	Deuteronomy	20	19	L>	L>	L>				NA			NA	nega					nn	nn	לא
512222	SP	Deuteronomy	20	19	KJ	KJ	KJ				NA			NA	conj					nn	nn	כי
512227	SP	Deuteronomy	20	19	L>	L>	L>				NA			NA	nega					nn	nn	לא
512229	SP	Deuteronomy	20	19	KJ	KJ	KJ				NA			NA	conj					nn	nn	כי
472758	SP	Leviticus	23	7	L>	L>	L>				NA			NA	nega					nn	nn	לא
474779	SP	Leviticus	25	53	L>	L>	L>				NA			NA	nega					nn	nn	לא
412915	SP	Genesis	17	5	L>	L>	L>				NA			NA	nega				W	nn	nn	לא
412924	SP	Genesis	17	5	KJ	KJ	KJ				NA			NA	conj					nn	nn	כי
411225	SP	Genesis	12	11	KJ	KJ	KJ				NA			NA	conj					nn	nn	כי
517816	SP	Deuteronomy	30	12	L>	L>	L>				NA			NA	nega					nn	nn	לא
517822	SP	Deuteronomy	30	12	MJ	MJ	MJ				NA			NA	prin					nn	nn	מי
417073	SP	Genesis	24	21	L>	L>	L>				NA			NA	nega					nn	nn	לא
504875	SP	Deuteronomy	7	1	KJ	KJ	KJ				NA			NA	conj					nn	nn	כי
511602	SP	Deuteronomy	19	11	KJ	KJ	KJ				NA			NA	conj					nn	nn	כי
422675	SP	Genesis	31	37	KJ	KJ	KJ				NA			NA	conj				W	nn	nn	כי
487246	SP	Numbers	16	14	L>	L>	L>				NA			NA	nega					nn	nn	לא
487268	SP	Numbers	16	14	L>	L>	L>				NA			NA	nega					nn	nn	לא
517000	SP	Deuteronomy	29	4	L>	L>	L>				NA			NA	nega					nn	nn	לא
517007	SP	Deuteronomy	29	4	L>	L>	L>				NA			NA	nega					nn	nn	לא
438911	SP	Exodus	8	28	L>	L>	L>				NA			NA	nega				W	nn	nn	לא
518888	SP	Deuteronomy	32	5	L>	L>	L>				NA			NA	nega					nn	nn	לא
430982	SP	Genesis	44	31	KJ	KJ	KJ				NA			NA	conj					nn	nn	כי
408164	SP	Genesis	6	7	KJ	KJ	KJ				NA			NA	conj					nn	nn	כי
408166	SP	Genesis	6	7	KJ	KJ	KJ				NA			NA	conj					nn	nn	כי
490233	SP	Numbers	20	29	KJ	KJ	KJ				NA			NA	conj					nn	nn	כי
425240	SP	Genesis	36	7	KJ	KJ	KJ				NA			NA	conj					nn	nn	כי
425248	SP	Genesis	36	7	L>	L>	L>				NA			NA	nega				W	nn	nn	לא
475991	SP	Leviticus	27	20	L>	L>	L>				NA			NA	nega					nn	nn	לא
476005	SP	Leviticus	27	20	L>	L>	L>				NA			NA	nega					nn	nn	לא
514674	SP	Deuteronomy	26	3	KJ	KJ	KJ				NA			NA	conj					nn	nn	כי
519927	SP	Deuteronomy	33	19	KJ	KJ	KJ				NA			NA	conj					nn	nn	כי
435320	SP	Exodus	3	5	KJ	KJ	KJ				NA			NA	conj					nn	nn	כי
466674	SP	Leviticus	13	47	KJ	KJ	KJ				NA			NA	conj					nn	nn	כי
441990	SP	Exodus	12	43	L>	L>	L>				NA			NA	nega					nn	nn	לא
446265	SP	Exodus	20	14	L>	L>	L>				NA			NA	nega					nn	nn	לא
406692	SP	Genesis	3	6	KJ	KJ	KJ				NA			NA	conj					nn	nn	כי
406699	SP	Genesis	3	6	KJ	KJ	KJ				NA			NA	conj				W	nn	nn	כי
412462	SP	Genesis	15	16	KJ	KJ	KJ				NA			NA	conj					nn	nn	כי
412463	SP	Genesis	15	16	L>	L>	L>				NA			NA	nega					nn	nn	לא
473769	SP	Leviticus	24	19	KJ	KJ	KJ				NA			NA	conj					nn	nn	כי
436177	SP	Exodus	4	19	KJ	KJ	KJ				NA			NA	conj					nn	nn	כי
508408	SP	Deuteronomy	12	28	KJ	KJ	KJ				NA			NA	conj					nn	nn	כי
480726	SP	Numbers	7	9	L>	L>	L>				NA			NA	nega					nn	nn	לא
480728	SP	Numbers	7	9	KJ	KJ	KJ				NA			NA	conj					nn	nn	כי
497560	SP	Numbers	32	15	KJ	KJ	KJ				NA			NA	conj					nn	nn	כי
470329	SP	Leviticus	18	17	L>	L>	L>				NA			NA	nega					nn	nn	לא
470338	SP	Leviticus	18	17	L>	L>	L>				NA			NA	nega					nn	nn	לא
447610	SP	Exodus	22	7	L>	L>	L>				NA			NA	nega					nn	nn	לא
447623	SP	Exodus	22	7	L>	L>	L>				NA			NA	nega					nn	nn	לא
494156	SP	Numbers	26	64	L>	L>	L>				NA			NA	nega					nn	nn	לא
504971	SP	Deuteronomy	7	5	KJ	KJ	KJ				NA			NA	conj					nn	nn	כי
509251	SP	Deuteronomy	14	21	L>	L>	L>				NA			NA	nega					nn	nn	לא
509267	SP	Deuteronomy	14	21	KJ	KJ	KJ				NA			NA	conj					nn	nn	כי
509274	SP	Deuteronomy	14	21	L>	L>	L>				NA			NA	nega					nn	nn	לא
453929	SP	Exodus	32	24	MJ	MJ	MJ				NA			NA	prin				L	nn	nn	מי
419194	SP	Genesis	27	2	L>	L>	L>				NA			NA	nega					nn	nn	לא
473909	SP	Leviticus	25	4	L>	L>	L>				NA			NA	nega					nn	nn	לא
473913	SP	Leviticus	25	4	L>	L>	L>				NA			NA	nega					nn	nn	לא
498667	SP	Numbers	33	51	KJ	KJ	KJ				NA			NA	conj					nn	nn	כי
518946	SP	Deuteronomy	32	9	KJ	KJ	KJ				NA			NA	conj					nn	nn	כי
493415	SP	Numbers	26	11	L>	L>	L>				NA			NA	nega					nn	nn	לא
503217	SP	Deuteronomy	4	31	KJ	KJ	KJ				NA			NA	conj					nn	nn	כי
503222	SP	Deuteronomy	4	31	L>	L>	L>				NA			NA	nega					nn	nn	לא
503225	SP	Deuteronomy	4	31	L>	L>	L>				NA			NA	nega				W	nn	nn	לא
503228	SP	Deuteronomy	4	31	L>	L>	L>				NA			NA	nega				W	nn	nn	לא
472612	SP	Leviticus	22	30	L>	L>	L>				NA			NA	nega					nn	nn	לא
466759	SP	Leviticus	13	51	KJ	KJ	KJ				NA			NA	conj					nn	nn	כי
479803	SP	Numbers	5	20	KJ	KJ	KJ				NA			NA	conj					nn	nn	כי
479808	SP	Numbers	5	20	KJ	KJ	KJ				NA			NA	conj				W	nn	nn	כי
492155	SP	Numbers	23	10	MJ	MJ	MJ				NA			NA	prin					nn	nn	מי
492160	SP	Numbers	23	10	MJ	MJ	MJ				NA			NA	prin				W	nn	nn	מי
448270	SP	Exodus	23	21	KJ	KJ	KJ				NA			NA	conj					nn	nn	כי
448271	SP	Exodus	23	21	L>	L>	L>				NA			NA	nega					nn	nn	לא
448275	SP	Exodus	23	21	KJ	KJ	KJ				NA			NA	conj					nn	nn	כי
453038	SP	Exodus	30	37	L>	L>	L>				NA			NA	nega					nn	nn	לא
406788	SP	Genesis	3	10	KJ	KJ	KJ				NA			NA	conj					nn	nn	כי
423848	SP	Genesis	33	10	KJ	KJ	KJ				NA			NA	conj					nn	nn	כי
471005	SP	Leviticus	19	29	L>	L>	L>				NA			NA	nega				W	nn	nn	לא
437999	SP	Exodus	7	24	KJ	KJ	KJ				NA			NA	conj					nn	nn	כי
438000	SP	Exodus	7	24	L>	L>	L>				NA			NA	nega					nn	nn	לא
497631	SP	Numbers	32	19	KJ	KJ	KJ				NA			NA	conj					nn	nn	כי
497632	SP	Numbers	32	19	L>	L>	L>				NA			NA	nega					nn	nn	לא
497641	SP	Numbers	32	19	KJ	KJ	KJ				NA			NA	conj					nn	nn	כי
464768	SP	Leviticus	11	5	KJ	KJ	KJ				NA			NA	conj					nn	nn	כי
464774	SP	Leviticus	11	5	L>	L>	L>				NA			NA	nega					nn	nn	לא
470387	SP	Leviticus	18	21	L>	L>	L>				NA			NA	nega					nn	nn	לא
470394	SP	Leviticus	18	21	L>	L>	L>				NA			NA	nega				W	nn	nn	לא
439907	SP	Exodus	10	1	KJ	KJ	KJ				NA			NA	conj					nn	nn	כי
513399	SP	Deuteronomy	23	4	L>	L>	L>				NA			NA	nega					nn	nn	לא
513410	SP	Deuteronomy	23	4	L>	L>	L>				NA			NA	nega					nn	nn	לא
511115	SP	Deuteronomy	18	10	L>	L>	L>				NA			NA	nega					nn	nn	לא
518017	SP	Deuteronomy	30	20	KJ	KJ	KJ				NA			NA	conj					nn	nn	כי
505070	SP	Deuteronomy	7	9	KJ	KJ	KJ				NA			NA	conj					nn	nn	כי
414716	SP	Genesis	19	35	L>	L>	L>				NA			NA	nega				W	nn	nn	לא
443922	SP	Exodus	16	9	KJ	KJ	KJ				NA			NA	conj					nn	nn	כי
510441	SP	Deuteronomy	17	2	KJ	KJ	KJ				NA			NA	conj					nn	nn	כי
471400	SP	Leviticus	20	14	L>	L>	L>				NA			NA	nega				W	nn	nn	לא
423572	SP	Genesis	32	29	L>	L>	L>				NA			NA	nega					nn	nn	לא
423577	SP	Genesis	32	29	KJ	KJ	KJ				NA			NA	conj					nn	nn	כי
423580	SP	Genesis	32	29	KJ	KJ	KJ				NA			NA	conj					nn	nn	כי
477627	SP	Numbers	3	4	L>	L>	L>				NA			NA	nega					nn	nn	לא
503348	SP	Deuteronomy	4	35	KJ	KJ	KJ				NA			NA	conj					nn	nn	כי
461180	SP	Leviticus	5	1	KJ	KJ	KJ				NA			NA	conj					nn	nn	כי
461194	SP	Leviticus	5	1	L>	L>	L>				NA			NA	nega					nn	nn	לא
416719	SP	Genesis	24	5	L>	L>	L>				NA			NA	nega					nn	nn	לא
508964	SP	Deuteronomy	14	1	L>	L>	L>				NA			NA	nega					nn	nn	לא
508967	SP	Deuteronomy	14	1	L>	L>	L>				NA			NA	nega				W	nn	nn	לא
516610	SP	Deuteronomy	28	57	KJ	KJ	KJ				NA			NA	conj					nn	nn	כי
512608	SP	Deuteronomy	21	17	KJ	KJ	KJ				NA			NA	conj					nn	nn	כי
512626	SP	Deuteronomy	21	17	KJ	KJ	KJ				NA			NA	conj					nn	nn	כי
433491	SP	Genesis	49	9	MJ	MJ	MJ				NA			NA	prin					nn	nn	מי
406854	SP	Genesis	3	14	KJ	KJ	KJ				NA			NA	conj					nn	nn	כי
430692	SP	Genesis	44	15	L>	LW>	LW>				NA			NA	nega				H	nnn	nnn	לוא
430694	SP	Genesis	44	15	KJ	KJ	KJ				NA			NA	conj					nn	nn	כי
491241	SP	Numbers	22	6	KJ	KJ	KJ				NA			NA	conj					nn	nn	כי
491254	SP	Numbers	22	6	KJ	KJ	KJ				NA			NA	conj					nn	nn	כי
503984	SP	Deuteronomy	5	20	L>	L>	L>				NA			NA	nega					nn	nn	לא
471054	SP	Leviticus	19	33	KJ	KJ	KJ				NA			NA	conj				W	nn	nn	כי
471060	SP	Leviticus	19	33	L>	L>	L>				NA			NA	nega					nn	nn	לא
502485	SP	Deuteronomy	3	27	KJ	KJ	KJ				NA			NA	conj					nn	nn	כי
502486	SP	Deuteronomy	3	27	L>	L>	L>				NA			NA	nega					nn	nn	לא
497718	SP	Numbers	32	23	L>	L>	L>				NA			NA	nega					nn	nn	לא
440107	SP	Exodus	10	5	L>	L>	L>				NA			NA	nega				W	nn	nn	לא
466361	SP	Leviticus	13	31	KJ	KJ	KJ				NA			NA	conj					nn	nn	כי
513480	SP	Deuteronomy	23	8	L>	L>	L>				NA			NA	nega					nn	nn	לא
513483	SP	Deuteronomy	23	8	KJ	KJ	KJ				NA			NA	conj					nn	nn	כי
513487	SP	Deuteronomy	23	8	L>	L>	L>				NA			NA	nega				W	nn	nn	לא
513490	SP	Deuteronomy	23	8	KJ	KJ	KJ				NA			NA	conj					nn	nn	כי
436621	SP	Exodus	5	11	KJ	KJ	KJ				NA			NA	conj					nn	nn	כי
511165	SP	Deuteronomy	18	14	KJ	KJ	KJ				NA			NA	conj					nn	nn	כי
511184	SP	Deuteronomy	18	14	L>	L>	L>				NA			NA	nega					nn	nn	לא
501479	SP	Deuteronomy	2	19	KJ	KJ	KJ				NA			NA	conj					nn	nn	כי
501480	SP	Deuteronomy	2	19	L>	L>	L>				NA			NA	nega					nn	nn	לא
501488	SP	Deuteronomy	2	19	KJ	KJ	KJ				NA			NA	conj					nn	nn	כי
510562	SP	Deuteronomy	17	6	L>	L>	L>				NA			NA	nega					nn	nn	לא
508060	SP	Deuteronomy	12	12	KJ	KJ	KJ				NA			NA	conj					nn	nn	כי
437462	SP	Exodus	7	4	L>	L>	L>				NA			NA	nega				W	nn	nn	לא
511957	SP	Deuteronomy	20	7	MJ	MJ	MJ				NA			NA	prin				W	nn	nn	מי
511964	SP	Deuteronomy	20	7	L>	L>	L>				NA			NA	nega				W	nn	nn	לא
485522	SP	Numbers	14	9	KJ	KJ	KJ				NA			NA	conj					nn	nn	כי
442999	SP	Exodus	14	20	L>	L>	L>				NA			NA	nega				W	nn	nn	לא
423641	SP	Genesis	32	33	L>	L>	L>				NA			NA	nega					nn	nn	לא
423659	SP	Genesis	32	33	KJ	KJ	KJ				NA			NA	conj					nn	nn	כי
503434	SP	Deuteronomy	4	39	KJ	KJ	KJ				NA			NA	conj					nn	nn	כי
447435	SP	Exodus	21	36	KJ	KJ	KJ				NA			NA	conj					nn	nn	כי
447443	SP	Exodus	21	36	L>	L>	L>				NA			NA	nega				W	nn	nn	לא
513358	SP	Deuteronomy	22	29	L>	L>	L>				NA			NA	nega					nn	nn	לא
424824	SP	Genesis	35	10	L>	L>	L>				NA			NA	nega					nn	nn	לא
424829	SP	Genesis	35	10	KJ	KJ	KJ				NA			NA	conj					nn	nn	כי
516701	SP	Deuteronomy	28	61	L>	L>	L>				NA			NA	nega					nn	nn	לא
416109	SP	Genesis	22	16	KJ	KJ	KJ				NA			NA	conj					nn	nn	כי
416119	SP	Genesis	22	16	L>	L>	L>				NA			NA	nega				W	nn	nn	לא
421037	SP	Genesis	29	32	KJ	KJ	KJ				NA			NA	conj					nn	nn	כי
421039	SP	Genesis	29	32	KJ	KJ	KJ				NA			NA	conj					nn	nn	כי
421044	SP	Genesis	29	32	KJ	KJ	KJ				NA			NA	conj					nn	nn	כי
448437	SP	Exodus	23	29	L>	L>	L>				NA			NA	nega					nn	nn	לא
514230	SP	Deuteronomy	24	22	KJ	KJ	KJ				NA			NA	conj					nn	nn	כי
488757	SP	Numbers	18	24	KJ	KJ	KJ				NA			NA	conj					nn	nn	כי
488780	SP	Numbers	18	24	L>	L>	L>				NA			NA	nega					nn	nn	לא
500932	SP	Deuteronomy	1	38	KJ	KJ	KJ				NA			NA	conj					nn	nn	כי
459810	SP	Leviticus	2	4	KJ	KJ	KJ				NA			NA	conj				W	nn	nn	כי
425799	SP	Genesis	37	3	KJ	KJ	KJ				NA			NA	conj					nn	nn	כי
432620	SP	Genesis	47	20	KJ	KJ	KJ				NA			NA	conj					nn	nn	כי
432625	SP	Genesis	47	20	KJ	KJ	KJ				NA			NA	conj					nn	nn	כי
405916	SP	Genesis	1	25	KJ	KJ	KJ				NA			NA	conj					nn	nn	כי
493117	SP	Numbers	25	11	L>	L>	L>				NA			NA	nega				W	nn	nn	לא
490003	SP	Numbers	20	17	L>	L>	L>				NA			NA	nega					nn	nn	לא
490011	SP	Numbers	20	17	L>	L>	L>				NA			NA	nega				W	nn	nn	לא
490019	SP	Numbers	20	17	L>	L>	L>				NA			NA	nega					nn	nn	לא
472330	SP	Leviticus	22	14	KJ	KJ	KJ				NA			NA	conj					nn	nn	כי
464914	SP	Leviticus	11	13	L>	L>	L>				NA			NA	nega					nn	nn	לא
440250	SP	Exodus	10	9	KJ	KJ	KJ				NA			NA	conj					nn	nn	כי
507090	SP	Deuteronomy	11	2	KJ	KJ	KJ				NA			NA	conj					nn	nn	כי
507091	SP	Deuteronomy	11	2	L>	L>	L>				NA			NA	nega					nn	nn	לא
507095	SP	Deuteronomy	11	2	L>	L>	L>				NA			NA	nega					nn	nn	לא
507099	SP	Deuteronomy	11	2	L>	L>	L>				NA			NA	nega					nn	nn	לא
412262	SP	Genesis	15	4	L>	L>	L>				NA			NA	nega					nn	nn	לא
412265	SP	Genesis	15	4	KJ	KJ	KJ				NA			NA	conj					nn	nn	כי
508132	SP	Deuteronomy	12	16	L>	L>	L>				NA			NA	nega					nn	nn	לא
418289	SP	Genesis	25	21	KJ	KJ	KJ				NA			NA	conj					nn	nn	כי
434987	SP	Exodus	2	14	MJ	MJ	MJ				NA			NA	prin					nn	nn	מי
485607	SP	Numbers	14	13	KJ	KJ	KJ				NA			NA	conj					nn	nn	כי
482821	SP	Numbers	9	19	L>	L>	L>				NA			NA	nega				W	nn	nn	לא
439799	SP	Exodus	9	30	KJ	KJ	KJ				NA			NA	conj					nn	nn	כי
414378	SP	Genesis	19	19	L>	L>	L>				NA			NA	nega					nn	nn	לא
483755	SP	Numbers	11	12	KJ	KJ	KJ				NA			NA	conj					nn	nn	כי
448504	SP	Exodus	23	33	L>	L>	L>				NA			NA	nega					nn	nn	לא
448512	SP	Exodus	23	33	KJ	KJ	KJ				NA			NA	conj					nn	nn	כי
448516	SP	Exodus	23	33	KJ	KJ	KJ				NA			NA	conj					nn	nn	כי
501003	SP	Deuteronomy	1	42	L>	L>	L>				NA			NA	nega					nn	nn	לא
501006	SP	Deuteronomy	1	42	L>	L>	L>				NA			NA	nega				W	nn	nn	לא
501008	SP	Deuteronomy	1	42	KJ	KJ	KJ				NA			NA	conj					nn	nn	כי
501013	SP	Deuteronomy	1	42	L>	L>	L>				NA			NA	nega				W	nn	nn	לא
423288	SP	Genesis	32	13	L>	L>	L>				NA			NA	nega					nn	nn	לא
430853	SP	Genesis	44	23	L>	L>	L>				NA			NA	nega					nn	nn	לא
430859	SP	Genesis	44	23	L>	L>	L>				NA			NA	nega					nn	nn	לא
415340	SP	Genesis	21	12	KJ	KJ	KJ				NA			NA	conj					nn	nn	כי
468289	SP	Leviticus	15	2	KJ	KJ	KJ				NA			NA	conj					nn	nn	כי
422049	SP	Genesis	31	5	KJ	KJ	KJ				NA			NA	conj					nn	nn	כי
516273	SP	Deuteronomy	28	41	L>	L>	L>				NA			NA	nega				W	nn	nn	לא
516276	SP	Deuteronomy	28	41	KJ	KJ	KJ				NA			NA	conj					nn	nn	כי
519807	SP	Deuteronomy	33	11	MJ	MJ	MJ				NA			NA	prin					nn	nn	מי
462193	SP	Leviticus	6	23	L>	L>	L>				NA			NA	nega					nn	nn	לא
436758	SP	Exodus	5	19	L>	L>	L>				NA			NA	nega					nn	nn	לא
448047	SP	Exodus	23	9	L>	L>	L>				NA			NA	nega					nn	nn	לא
448056	SP	Exodus	23	9	KJ	KJ	KJ				NA			NA	conj					nn	nn	כי
511331	SP	Deuteronomy	18	22	L>	L>	L>				NA			NA	nega					nn	nn	לא
511336	SP	Deuteronomy	18	22	L>	L>	L>				NA			NA	nega				W	nn	nn	לא
511342	SP	Deuteronomy	18	22	L>	L>	L>				NA			NA	nega					nn	nn	לא
511350	SP	Deuteronomy	18	22	L>	L>	L>				NA			NA	nega					nn	nn	לא
470793	SP	Leviticus	19	17	L>	L>	L>				NA			NA	nega					nn	nn	לא
470804	SP	Leviticus	19	17	L>	L>	L>				NA			NA	nega				W	nn	nn	לא
427738	SP	Genesis	40	14	KJ	KJ	KJ				NA			NA	conj					nn	nn	כי
508215	SP	Deuteronomy	12	20	KJ	KJ	KJ				NA			NA	conj					nn	nn	כי
508229	SP	Deuteronomy	12	20	KJ	KJ	KJ				NA			NA	conj					nn	nn	כי
411662	SP	Genesis	13	15	KJ	KJ	KJ				NA			NA	conj					nn	nn	כי
509913	SP	Deuteronomy	15	21	KJ	KJ	KJ				NA			NA	conj				W	nn	nn	כי
509924	SP	Deuteronomy	15	21	L>	L>	L>				NA			NA	nega					nn	nn	לא
439862	SP	Exodus	9	34	KJ	KJ	KJ				NA			NA	conj					nn	nn	כי
470253	SP	Leviticus	18	9	L>	L>	L>				NA			NA	nega					nn	nn	לא
424968	SP	Genesis	35	18	KJ	KJ	KJ				NA			NA	conj					nn	nn	כי
471863	SP	Leviticus	21	10	L>	L>	L>				NA			NA	nega					nn	nn	לא
471867	SP	Leviticus	21	10	L>	L>	L>				NA			NA	nega					nn	nn	לא
514494	SP	Deuteronomy	25	14	L>	L>	L>				NA			NA	nega					nn	nn	לא
506307	SP	Deuteronomy	9	19	KJ	KJ	KJ				NA			NA	conj					nn	nn	כי
483848	SP	Numbers	11	16	KJ	KJ	KJ				NA			NA	conj					nn	nn	כי
488917	SP	Numbers	18	32	L>	L>	L>				NA			NA	nega				W	nn	nn	לא
488931	SP	Numbers	18	32	L>	L>	L>				NA			NA	nega					nn	nn	לא
488934	SP	Numbers	18	32	L>	L>	L>				NA			NA	nega				W	nn	nn	לא
406408	SP	Genesis	2	17	L>	L>	L>				NA			NA	nega					nn	nn	לא
406411	SP	Genesis	2	17	KJ	KJ	KJ				NA			NA	conj					nn	nn	כי
442651	SP	Exodus	14	4	KJ	KJ	KJ				NA			NA	conj					nn	nn	כי
447156	SP	Exodus	21	20	KJ	KJ	KJ				NA			NA	conj				W	nn	nn	כי
429633	SP	Genesis	42	34	KJ	KJ	KJ				NA			NA	conj					nn	nn	כי
429634	SP	Genesis	42	34	L>	L>	L>				NA			NA	nega					nn	nn	לא
429637	SP	Genesis	42	34	KJ	KJ	KJ				NA			NA	conj					nn	nn	כי
464495	SP	Leviticus	10	12	KJ	KJ	KJ				NA			NA	conj					nn	nn	כי
486808	SP	Numbers	15	31	KJ	KJ	KJ				NA			NA	conj					nn	nn	כי
472483	SP	Leviticus	22	22	L>	L>	L>				NA			NA	nega					nn	nn	לא
472490	SP	Leviticus	22	22	L>	L>	L>				NA			NA	nega					nn	nn	לא
516331	SP	Deuteronomy	28	45	KJ	KJ	KJ				NA			NA	conj					nn	nn	כי
516332	SP	Deuteronomy	28	45	L>	L>	L>				NA			NA	nega					nn	nn	לא
512362	SP	Deuteronomy	21	5	KJ	KJ	KJ				NA			NA	conj					nn	nn	כי
409505	SP	Genesis	9	4	L>	L>	L>				NA			NA	nega					nn	nn	לא
504687	SP	Deuteronomy	6	16	L>	L>	L>				NA			NA	nega					nn	nn	לא
448127	SP	Exodus	23	13	L>	L>	L>				NA			NA	nega					nn	nn	לא
448130	SP	Exodus	23	13	L>	L>	L>				NA			NA	nega				W	nn	nn	לא
463808	SP	Leviticus	9	4	KJ	KJ	KJ				NA			NA	conj					nn	nn	כי
473723	SP	Leviticus	24	15	KJ	KJ	KJ				NA			NA	conj					nn	nn	כי
475431	SP	Leviticus	26	37	L>	L>	L>				NA			NA	nega				W	nn	nn	לא
435154	SP	Exodus	2	22	KJ	KJ	KJ				NA			NA	conj					nn	nn	כי
497501	SP	Numbers	32	11	KJ	KJ	KJ				NA			NA	conj					nn	nn	כי
497502	SP	Numbers	32	11	L>	L>	L>				NA			NA	nega					nn	nn	לא
426901	SP	Genesis	38	25	MJ	MJ	MJ				NA			NA	prin				L	nn	nn	מי
494505	SP	Numbers	27	17	L>	L>	L>				NA			NA	nega				W	nn	nn	לא
470290	SP	Leviticus	18	13	L>	L>	L>				NA			NA	nega					nn	nn	לא
420129	SP	Genesis	28	6	KJ	KJ	KJ				NA			NA	conj					nn	nn	כי
420153	SP	Genesis	28	6	L>	L>	L>				NA			NA	nega					nn	nn	לא
510957	SP	Deuteronomy	18	2	L>	L>	L>				NA			NA	nega					nn	nn	לא
441348	SP	Exodus	12	15	KJ	KJ	KJ				NA			NA	conj					nn	nn	כי
471918	SP	Leviticus	21	14	L>	L>	L>				NA			NA	nega					nn	nn	לא
471920	SP	Leviticus	21	14	KJ	KJ	KJ				NA			NA	conj					nn	nn	כי
514567	SP	Deuteronomy	25	18	L>	L>	L>				NA			NA	nega				W	nn	nn	לא
501195	SP	Deuteronomy	2	7	KJ	KJ	KJ				NA			NA	conj					nn	nn	כי
501218	SP	Deuteronomy	2	7	L>	L>	L>				NA			NA	nega					nn	nn	לא
501232	SP	Deuteronomy	2	7	L>	L>	L>				NA			NA	nega					nn	nn	לא
501240	SP	Deuteronomy	2	7	L>	L>	L>				NA			NA	nega				W	nn	nn	לא
501248	SP	Deuteronomy	2	7	L>	L>	L>				NA			NA	nega					nn	nn	לא
501259	SP	Deuteronomy	2	7	L>	L>	L>				NA			NA	nega					nn	nn	לא
506423	SP	Deuteronomy	9	23	L>	L>	L>				NA			NA	nega				W	nn	nn	לא
506427	SP	Deuteronomy	9	23	L>	L>	L>				NA			NA	nega				W	nn	nn	לא
473298	SP	Leviticus	23	36	L>	L>	L>				NA			NA	nega					nn	nn	לא
483960	SP	Numbers	11	20	KJ	KJ	KJ				NA			NA	conj					nn	nn	כי
417656	SP	Genesis	24	50	L>	L>	L>				NA			NA	nega					nn	nn	לא
423444	SP	Genesis	32	21	KJ	KJ	KJ				NA			NA	conj					nn	nn	כי
513062	SP	Deuteronomy	22	17	L>	L>	L>				NA			NA	nega					nn	nn	לא
474350	SP	Leviticus	25	29	KJ	KJ	KJ				NA			NA	conj					nn	nn	כי
429715	SP	Genesis	42	38	L>	L>	L>				NA			NA	nega					nn	nn	לא
429719	SP	Genesis	42	38	KJ	KJ	KJ				NA			NA	conj					nn	nn	כי
482259	SP	Numbers	8	19	L>	L>	L>				NA			NA	nega				W	nn	nn	לא
516420	SP	Deuteronomy	28	49	L>	L>	L>				NA			NA	nega					nn	nn	לא
512450	SP	Deuteronomy	21	9	KJ	KJ	KJ				NA			NA	conj					nn	nn	כי
510277	SP	Deuteronomy	16	15	KJ	KJ	KJ				NA			NA	conj					nn	nn	כי
424274	SP	Genesis	34	14	L>	L>	L>				NA			NA	nega					nn	nn	לא
424292	SP	Genesis	34	14	KJ	KJ	KJ				NA			NA	conj					nn	nn	כי
455045	SP	Exodus	34	18	KJ	KJ	KJ				NA			NA	conj					nn	nn	כי
440943	SP	Exodus	11	7	L>	L>	L>				NA			NA	nega					nn	nn	לא
504750	SP	Deuteronomy	6	20	KJ	KJ	KJ				NA			NA	conj					nn	nn	כי
514013	SP	Deuteronomy	24	10	KJ	KJ	KJ				NA			NA	conj					nn	nn	כי
514019	SP	Deuteronomy	24	10	L>	L>	L>				NA			NA	nega					nn	nn	לא
500699	SP	Deuteronomy	1	26	L>	L>	L>				NA			NA	nega				W	nn	nn	לא
462449	SP	Leviticus	7	15	L>	L>	L>				NA			NA	nega					nn	nn	לא
489541	SP	Numbers	20	5	L>	L>	L>				NA			NA	nega					nn	nn	לא
502295	SP	Deuteronomy	3	19	KJ	KJ	KJ				NA			NA	conj					nn	nn	כי
472095	SP	Leviticus	22	2	L>	L>	L>				NA			NA	nega				W	nn	nn	לא
466181	SP	Leviticus	13	23	L>	L>	L>				NA			NA	nega					nn	nn	לא
410462	SP	Genesis	11	6	L>	L>	L>				NA			NA	nega					nn	nn	לא
511040	SP	Deuteronomy	18	6	KJ	KJ	KJ				NA			NA	conj				W	nn	nn	כי
455432	SP	Exodus	35	3	L>	L>	L>				NA			NA	nega					nn	nn	לא
441456	SP	Exodus	12	19	L>	L>	L>				NA			NA	nega					nn	nn	לא
441460	SP	Exodus	12	19	KJ	KJ	KJ				NA			NA	conj					nn	nn	כי
508781	SP	Deuteronomy	13	12	L>	L>	L>				NA			NA	nega				W	nn	nn	לא
471964	SP	Leviticus	21	18	KJ	KJ	KJ				NA			NA	conj					nn	nn	כי
471971	SP	Leviticus	21	18	L>	L>	L>				NA			NA	nega					nn	nn	לא
507873	SP	Deuteronomy	12	4	L>	L>	L>				NA			NA	nega					nn	nn	לא
406591	SP	Genesis	2	25	L>	L>	L>				NA			NA	nega				W	nn	nn	לא
434726	SP	Exodus	2	2	KJ	KJ	KJ				NA			NA	conj					nn	nn	כי
442803	SP	Exodus	14	12	L>	LW>	LW>				NA			NA	nega				H	nnn	nnn	לוא
442821	SP	Exodus	14	12	KJ	KJ	KJ				NA			NA	conj					nn	nn	כי
434133	SP	Genesis	50	15	KJ	KJ	KJ				NA			NA	conj					nn	nn	כי
434138	SP	Genesis	50	15	L>	L>	L>				NA			NA	nega					nn	nn	לא
439363	SP	Exodus	9	18	L>	L>	L>				NA			NA	nega					nn	nn	לא
447271	SP	Exodus	21	28	KJ	KJ	KJ				NA			NA	conj				W	nn	nn	כי
447289	SP	Exodus	21	28	L>	L>	L>				NA			NA	nega				W	nn	nn	לא
513151	SP	Deuteronomy	22	21	KJ	KJ	KJ				NA			NA	conj					nn	nn	כי
474445	SP	Leviticus	25	33	KJ	KJ	KJ				NA			NA	conj					nn	nn	כי
486962	SP	Numbers	15	39	L>	L>	L>				NA			NA	nega				W	nn	nn	לא
505896	SP	Deuteronomy	9	3	KJ	KJ	KJ				NA			NA	conj					nn	nn	כי
510363	SP	Deuteronomy	16	19	L>	L>	L>				NA			NA	nega					nn	nn	לא
510367	SP	Deuteronomy	16	19	L>	L>	L>				NA			NA	nega				W	nn	nn	לא
510371	SP	Deuteronomy	16	19	L>	L>	L>				NA			NA	nega				W	nn	nn	לא
510374	SP	Deuteronomy	16	19	KJ	KJ	KJ				NA			NA	conj					nn	nn	כי
514077	SP	Deuteronomy	24	14	L>	L>	L>				NA			NA	nega					nn	nn	לא
511786	SP	Deuteronomy	19	20	L>	L>	L>				NA			NA	nega				W	nn	nn	לא
502673	SP	Deuteronomy	4	7	KJ	KJ	KJ				NA			NA	conj					nn	nn	כי
502674	SP	Deuteronomy	4	7	MJ	MJ	MJ				NA			NA	prin					nn	nn	מי
520204	SP	Deuteronomy	34	7	L>	L>	L>				NA			NA	nega					nn	nn	לא
520208	SP	Deuteronomy	34	7	L>	L>	L>				NA			NA	nega				W	nn	nn	לא
462527	SP	Leviticus	7	19	L>	L>	L>				NA			NA	nega					nn	nn	לא
472201	SP	Leviticus	22	6	L>	L>	L>				NA			NA	nega				W	nn	nn	לא
472206	SP	Leviticus	22	6	KJ	KJ	KJ				NA			NA	conj					nn	nn	כי
516056	SP	Deuteronomy	28	29	L>	L>	L>				NA			NA	nega				W	nn	nn	לא
470028	SP	Leviticus	17	12	L>	L>	L>				NA			NA	nega					nn	nn	לא
470038	SP	Leviticus	17	12	L>	L>	L>				NA			NA	nega					nn	nn	לא
459716	SP	Leviticus	1	17	L>	L>	L>				NA			NA	nega				W	nn	nn	לא
412639	SP	Genesis	16	4	KJ	KJ	KJ				NA			NA	conj					nn	nn	כי
436531	SP	Exodus	5	7	L>	L>	L>				NA			NA	nega					nn	nn	לא
441573	SP	Exodus	12	23	L>	L>	L>				NA			NA	nega				W	nn	nn	לא
470615	SP	Leviticus	19	5	KJ	KJ	KJ				NA			NA	conj				W	nn	nn	כי
507943	SP	Deuteronomy	12	8	L>	L>	L>				NA			NA	nega					nn	nn	לא
475158	SP	Leviticus	26	21	L>	L>	L>				NA			NA	nega				W	nn	nn	לא
429785	SP	Genesis	43	3	L>	L>	L>				NA			NA	nega					nn	nn	לא
509662	SP	Deuteronomy	15	9	L>	L>	L>				NA			NA	nega				W	nn	nn	לא
474502	SP	Leviticus	25	37	L>	L>	L>				NA			NA	nega					nn	nn	לא
474510	SP	Leviticus	25	37	L>	L>	L>				NA			NA	nega					nn	nn	לא
492872	SP	Numbers	24	22	KJ	KJ	KJ				NA			NA	conj					nn	nn	כי
421776	SP	Genesis	30	36	KJ	KJ	KJ				NA			NA	conj					nn	nn	כי
408464	SP	Genesis	7	1	KJ	KJ	KJ				NA			NA	conj					nn	nn	כי
416030	SP	Genesis	22	12	KJ	KJ	KJ				NA			NA	conj					nn	nn	כי
416033	SP	Genesis	22	12	KJ	KJ	KJ				NA			NA	conj					nn	nn	כי
416038	SP	Genesis	22	12	L>	L>	L>				NA			NA	nega				W	nn	nn	לא
455180	SP	Exodus	34	26	L>	L>	L>				NA			NA	nega					nn	nn	לא
483597	SP	Numbers	11	4	MJ	MJ	MJ				NA			NA	prin					nn	nn	מי
514150	SP	Deuteronomy	24	18	KJ	KJ	KJ				NA			NA	conj					nn	nn	כי
488680	SP	Numbers	18	20	L>	L>	L>				NA			NA	nega					nn	nn	לא
488684	SP	Numbers	18	20	L>	L>	L>				NA			NA	nega					nn	nn	לא
406183	SP	Genesis	2	5	KJ	KJ	KJ				NA			NA	conj					nn	nn	כי
406184	SP	Genesis	2	5	L>	L>	L>				NA			NA	nega					nn	nn	לא
447009	SP	Exodus	21	8	L>	L>	L>				NA			NA	nega					nn	nn	לא
447016	SP	Exodus	21	8	L>	L>	L>				NA			NA	nega					nn	nn	לא
462618	SP	Leviticus	7	23	L>	L>	L>				NA			NA	nega					nn	nn	לא
405836	SP	Genesis	1	21	KJ	KJ	KJ				NA			NA	conj					nn	nn	כי
429400	SP	Genesis	42	22	L>	LW>	LW>				NA			NA	nega				H	nnn	nnn	לוא
429410	SP	Genesis	42	22	L>	L>	L>				NA			NA	nega				W	nn	nn	לא
489819	SP	Numbers	20	13	KJ	KJ	KJ				NA			NA	conj					nn	nn	כי
489820	SP	Numbers	20	13	L>	L>	L>				NA			NA	nega					nn	nn	לא
489837	SP	Numbers	20	13	KJ	KJ	KJ				NA			NA	conj					nn	nn	כי
489900	SP	Numbers	20	13	KJ	KJ	KJ				NA			NA	conj					nn	nn	כי
489901	SP	Numbers	20	13	L>	L>	L>				NA			NA	nega					nn	nn	לא
489912	SP	Numbers	20	13	KJ	KJ	KJ				NA			NA	conj					nn	nn	כי
472257	SP	Leviticus	22	10	L>	L>	L>				NA			NA	nega					nn	nn	לא
472264	SP	Leviticus	22	10	L>	L>	L>				NA			NA	nega					nn	nn	לא
516143	SP	Deuteronomy	28	33	L>	L>	L>				NA			NA	nega					nn	nn	לא
470126	SP	Leviticus	17	16	L>	L>	L>				NA			NA	nega					nn	nn	לא
470130	SP	Leviticus	17	16	L>	L>	L>				NA			NA	nega					nn	nn	לא
447947	SP	Exodus	23	1	L>	L>	L>				NA			NA	nega					nn	nn	לא
413888	SP	Genesis	18	30	L>	L>	L>				NA			NA	nega					nn	nn	לא
495964	SP	Numbers	30	6	L>	L>	L>				NA			NA	nega					nn	nn	לא
495970	SP	Numbers	30	6	KJ	KJ	KJ				NA			NA	conj					nn	nn	כי
476229	SP	Leviticus	27	33	L>	L>	L>				NA			NA	nega					nn	nn	לא
476236	SP	Leviticus	27	33	L>	L>	L>				NA			NA	nega				W	nn	nn	לא
476249	SP	Leviticus	27	33	L>	L>	L>				NA			NA	nega					nn	nn	לא
460872	SP	Leviticus	4	22	L>	L>	L>				NA			NA	nega					nn	nn	לא
465348	SP	Leviticus	11	38	KJ	KJ	KJ				NA			NA	conj				W	nn	nn	כי
470676	SP	Leviticus	19	9	L>	L>	L>				NA			NA	nega					nn	nn	לא
470685	SP	Leviticus	19	9	L>	L>	L>				NA			NA	nega					nn	nn	לא
442319	SP	Exodus	13	11	KJ	KJ	KJ				NA			NA	conj					nn	nn	כי
429865	SP	Genesis	43	7	KJ	KJ	KJ				NA			NA	conj					nn	nn	כי
434916	SP	Exodus	2	10	KJ	KJ	KJ				NA			NA	conj					nn	nn	כי
509753	SP	Deuteronomy	15	13	KJ	KJ	KJ				NA			NA	conj				W	nn	nn	כי
509758	SP	Deuteronomy	15	13	L>	L>	L>				NA			NA	nega					nn	nn	לא
439717	SP	Exodus	9	26	L>	L>	L>				NA			NA	nega					nn	nn	לא
507013	SP	Deuteronomy	10	19	KJ	KJ	KJ				NA			NA	conj					nn	nn	כי
421907	SP	Genesis	30	40	L>	L>	L>				NA			NA	nega				W	nn	nn	לא
471711	SP	Leviticus	21	2	KJ	KJ	KJ				NA			NA	conj					nn	nn	כי
514356	SP	Deuteronomy	25	6	L>	L>	L>				NA			NA	nega				W	nn	nn	לא
447799	SP	Exodus	22	20	L>	L>	L>				NA			NA	nega					nn	nn	לא
447802	SP	Exodus	22	20	L>	L>	L>				NA			NA	nega				W	nn	nn	לא
447804	SP	Exodus	22	20	KJ	KJ	KJ				NA			NA	conj					nn	nn	כי
463713	SP	Leviticus	8	35	L>	L>	L>				NA			NA	nega				W	nn	nn	לא
463715	SP	Leviticus	8	35	KJ	KJ	KJ				NA			NA	conj					nn	nn	כי
417380	SP	Genesis	24	38	KJ	KJ	KJ				NA			NA	conj					nn	nn	כי
502871	SP	Deuteronomy	4	15	KJ	KJ	KJ				NA			NA	conj					nn	nn	כי
502872	SP	Deuteronomy	4	15	L>	L>	L>				NA			NA	nega					nn	nn	לא
512847	SP	Deuteronomy	22	5	L>	L>	L>				NA			NA	nega					nn	nn	לא
512854	SP	Deuteronomy	22	5	L>	L>	L>				NA			NA	nega				W	nn	nn	לא
512859	SP	Deuteronomy	22	5	KJ	KJ	KJ				NA			NA	conj					nn	nn	כי
444091	SP	Exodus	16	18	L>	L>	L>				NA			NA	nega				W	nn	nn	לא
444098	SP	Exodus	16	18	L>	L>	L>				NA			NA	nega					nn	nn	לא
474138	SP	Leviticus	25	17	L>	L>	L>				NA			NA	nega				W	nn	nn	לא
474147	SP	Leviticus	25	17	KJ	KJ	KJ				NA			NA	conj					nn	nn	כי
496510	SP	Numbers	31	18	L>	L>	L>				NA			NA	nega					nn	nn	לא
426354	SP	Genesis	37	32	L>	L>	L>				NA			NA	nega					nn	nn	לא
519129	SP	Deuteronomy	32	22	KJ	KJ	KJ				NA			NA	conj					nn	nn	כי
477767	SP	Numbers	3	13	KJ	KJ	KJ				NA			NA	conj					nn	nn	כי
483410	SP	Numbers	10	29	KJ	KJ	KJ				NA			NA	conj					nn	nn	כי
509996	SP	Deuteronomy	16	3	L>	L>	L>				NA			NA	nega					nn	nn	לא
510007	SP	Deuteronomy	16	3	KJ	KJ	KJ				NA			NA	conj					nn	nn	כי
420609	SP	Genesis	29	8	L>	L>	L>				NA			NA	nega					nn	nn	לא
447996	SP	Exodus	23	5	KJ	KJ	KJ				NA			NA	conj					nn	nn	כי
445001	SP	Exodus	18	11	KJ	KJ	KJ				NA			NA	conj					nn	nn	כי
445008	SP	Exodus	18	11	KJ	KJ	KJ				NA			NA	conj					nn	nn	כי
452793	SP	Exodus	30	21	L>	L>	L>				NA			NA	nega				W	nn	nn	לא
465442	SP	Leviticus	11	42	L>	L>	L>				NA			NA	nega					nn	nn	לא
465444	SP	Leviticus	11	42	KJ	KJ	KJ				NA			NA	conj					nn	nn	כי
507743	SP	Deuteronomy	11	31	KJ	KJ	KJ				NA			NA	conj					nn	nn	כי
451291	SP	Exodus	28	28	L>	L>	L>				NA			NA	nega				W	nn	nn	לא
459348	SP	Exodus	40	38	KJ	KJ	KJ				NA			NA	conj					nn	nn	כי
499835	SP	Numbers	35	33	L>	L>	L>				NA			NA	nega				W	nn	nn	לא
499844	SP	Numbers	35	33	KJ	KJ	KJ				NA			NA	conj					nn	nn	כי
499855	SP	Numbers	35	33	L>	L>	L>				NA			NA	nega					nn	nn	לא
499862	SP	Numbers	35	33	KJ	KJ	KJ				NA			NA	conj					nn	nn	כי
470731	SP	Leviticus	19	13	L>	L>	L>				NA			NA	nega					nn	nn	לא
470736	SP	Leviticus	19	13	L>	L>	L>				NA			NA	nega				W	nn	nn	לא
470738	SP	Leviticus	19	13	L>	L>	L>				NA			NA	nega					nn	nn	לא
442401	SP	Exodus	13	15	KJ	KJ	KJ				NA			NA	conj					nn	nn	כי
515749	SP	Deuteronomy	28	13	L>	L>	L>				NA			NA	nega				W	nn	nn	לא
515758	SP	Deuteronomy	28	13	L>	L>	L>				NA			NA	nega				W	nn	nn	לא
515762	SP	Deuteronomy	28	13	KJ	KJ	KJ				NA			NA	conj					nn	nn	כי
504322	SP	Deuteronomy	5	29	MJ	MJ	MJ				NA			NA	prin					nn	nn	מי
465970	SP	Leviticus	13	11	L>	L>	L>				NA			NA	nega					nn	nn	לא
465972	SP	Leviticus	13	11	KJ	KJ	KJ				NA			NA	conj					nn	nn	כי
486195	SP	Numbers	14	42	KJ	KJ	KJ				NA			NA	conj					nn	nn	כי
486201	SP	Numbers	14	42	L>	L>	L>				NA			NA	nega				W	nn	nn	לא
471774	SP	Leviticus	21	6	L>	L>	L>				NA			NA	nega				W	nn	nn	לא
471779	SP	Leviticus	21	6	KJ	KJ	KJ				NA			NA	conj					nn	nn	כי
433074	SP	Genesis	48	10	L>	L>	L>				NA			NA	nega					nn	nn	לא
473139	SP	Leviticus	23	28	L>	L>	L>				NA			NA	nega					nn	nn	לא
473147	SP	Leviticus	23	28	KJ	KJ	KJ				NA			NA	conj					nn	nn	כי
447852	SP	Exodus	22	24	L>	L>	L>				NA			NA	nega					nn	nn	לא
447857	SP	Exodus	22	24	L>	L>	L>				NA			NA	nega					nn	nn	לא
513645	SP	Deuteronomy	23	17	L>	L>	L>				NA			NA	nega					nn	nn	לא
505368	SP	Deuteronomy	7	22	L>	L>	L>				NA			NA	nega					nn	nn	לא
433881	SP	Genesis	50	3	KJ	KJ	KJ				NA			NA	conj					nn	nn	כי
439115	SP	Exodus	9	6	L>	L>	L>				NA			NA	nega					nn	nn	לא
512939	SP	Deuteronomy	22	9	L>	L>	L>				NA			NA	nega					nn	nn	לא
517488	SP	Deuteronomy	29	25	L>	L>	L>				NA			NA	nega					nn	nn	לא
517491	SP	Deuteronomy	29	25	L>	L>	L>				NA			NA	nega				W	nn	nn	לא
421440	SP	Genesis	30	20	KJ	KJ	KJ				NA			NA	conj					nn	nn	כי
489182	SP	Numbers	19	12	L>	L>	L>				NA			NA	nega					nn	nn	לא
489193	SP	Numbers	19	12	L>	L>	L>				NA			NA	nega					nn	nn	לא
446000	SP	Exodus	19	23	L>	L>	L>				NA			NA	nega					nn	nn	לא
446009	SP	Exodus	19	23	KJ	KJ	KJ				NA			NA	conj					nn	nn	כי
512267	SP	Deuteronomy	21	1	KJ	KJ	KJ				NA			NA	conj					nn	nn	כי
512282	SP	Deuteronomy	21	1	L>	L>	L>				NA			NA	nega					nn	nn	לא
512284	SP	Deuteronomy	21	1	MJ	MJ	MJ				NA			NA	prin					nn	nn	מי
454879	SP	Exodus	34	10	L>	L>	L>				NA			NA	nega					nn	nn	לא
454902	SP	Exodus	34	10	KJ	KJ	KJ				NA			NA	conj					nn	nn	כי
420701	SP	Genesis	29	12	KJ	KJ	KJ				NA			NA	conj					nn	nn	כי
420706	SP	Genesis	29	12	KJ	KJ	KJ				NA			NA	conj				W	nn	nn	כי
488331	SP	Numbers	18	4	L>	L>	L>				NA			NA	nega					nn	nn	לא
468880	SP	Leviticus	15	31	L>	L>	L>				NA			NA	nega				W	nn	nn	לא
445112	SP	Exodus	18	15	KJ	KJ	KJ				NA			NA	conj					nn	nn	כי
518517	SP	Deuteronomy	31	18	KJ	KJ	KJ				NA			NA	conj					nn	nn	כי
422620	SP	Genesis	31	34	L>	L>	L>				NA			NA	nega				W	nn	nn	לא
490353	SP	Numbers	21	5	KJ	KJ	KJ				NA			NA	conj					nn	nn	כי
451394	SP	Exodus	28	32	L>	L>	L>				NA			NA	nega					nn	nn	לא
428881	SP	Genesis	41	51	KJ	KJ	KJ				NA			NA	conj					nn	nn	כי
436898	SP	Exodus	6	3	L>	L>	L>				NA			NA	nega					nn	nn	לא
442514	SP	Exodus	13	19	KJ	KJ	KJ				NA			NA	conj					nn	nn	כי
409381	SP	Genesis	8	21	L>	L>	L>				NA			NA	nega					nn	nn	לא
409393	SP	Genesis	8	21	KJ	KJ	KJ				NA			NA	conj					nn	nn	כי
409402	SP	Genesis	8	21	L>	L>	L>				NA			NA	nega				W	nn	nn	לא
502078	SP	Deuteronomy	3	11	KJ	KJ	KJ				NA			NA	conj					nn	nn	כי
502094	SP	Deuteronomy	3	11	L>	LW>	LW>				NA			NA	nega				H	nnn	nnn	לוא
426809	SP	Genesis	38	21	L>	L>	L>				NA			NA	nega					nn	nn	לא
508554	SP	Deuteronomy	13	4	L>	L>	L>				NA			NA	nega					nn	nn	לא
508570	SP	Deuteronomy	13	4	KJ	KJ	KJ				NA			NA	conj					nn	nn	כי
433164	SP	Genesis	48	14	KJ	KJ	KJ				NA			NA	conj					nn	nn	כי
447907	SP	Exodus	22	28	L>	L>	L>				NA			NA	nega					nn	nn	לא
513698	SP	Deuteronomy	23	21	L>	L>	L>				NA			NA	nega					nn	nn	לא
505434	SP	Deuteronomy	7	26	L>	L>	L>				NA			NA	nega				W	nn	nn	לא
505448	SP	Deuteronomy	7	26	KJ	KJ	KJ				NA			NA	conj					nn	nn	כי
414898	SP	Genesis	20	7	KJ	KJ	KJ				NA			NA	conj					nn	nn	כי
414911	SP	Genesis	20	7	KJ	KJ	KJ				NA			NA	conj					nn	nn	כי
412413	SP	Genesis	15	13	KJ	KJ	KJ				NA			NA	conj					nn	nn	כי
412419	SP	Genesis	15	13	L>	L>	L>				NA			NA	nega					nn	nn	לא
419539	SP	Genesis	27	23	L>	L>	L>				NA			NA	nega				W	nn	nn	לא
419541	SP	Genesis	27	23	KJ	KJ	KJ				NA			NA	conj					nn	nn	כי
512980	SP	Deuteronomy	22	13	KJ	KJ	KJ				NA			NA	conj					nn	nn	כי
444254	SP	Exodus	16	26	L>	L>	L>				NA			NA	nega					nn	nn	לא
474267	SP	Leviticus	25	25	KJ	KJ	KJ				NA			NA	conj				W	nn	nn	כי
519236	SP	Deuteronomy	32	30	L>	L>	L>				NA			NA	nega					nn	nn	לא
461621	SP	Leviticus	5	18	L>	L>	L>				NA			NA	nega					nn	nn	לא
447529	SP	Exodus	22	4	KJ	KJ	KJ				NA			NA	conj				W	nn	nn	כי
454971	SP	Exodus	34	14	KJ	KJ	KJ				NA			NA	conj					nn	nn	כי
454972	SP	Exodus	34	14	L>	L>	L>				NA			NA	nega					nn	nn	לא
454977	SP	Exodus	34	14	KJ	KJ	KJ				NA			NA	conj					nn	nn	כי
440801	SP	Exodus	11	3	L>	L>	L>				NA			NA	nega					nn	nn	לא
440805	SP	Exodus	11	3	L>	L>	L>				NA			NA	nega					nn	nn	לא
440812	SP	Exodus	11	3	L>	L>	L>				NA			NA	nega					nn	nn	לא
513936	SP	Deuteronomy	24	6	L>	L>	L>				NA			NA	nega					nn	nn	לא
513941	SP	Deuteronomy	24	6	KJ	KJ	KJ				NA			NA	conj					nn	nn	כי
422704	SP	Genesis	31	38	L>	L>	L>				NA			NA	nega					nn	nn	לא
422708	SP	Genesis	31	38	L>	L>	L>				NA			NA	nega					nn	nn	לא
487283	SP	Numbers	16	15	L>	L>	L>				NA			NA	nega					nn	nn	לא
487289	SP	Numbers	16	15	L>	L>	L>				NA			NA	nega				W	nn	nn	לא
495090	SP	Numbers	28	25	L>	L>	L>				NA			NA	nega					nn	nn	לא
427187	SP	Genesis	39	9	L>	L>	L>				NA			NA	nega				W	nn	nn	לא
427191	SP	Genesis	39	9	KJ	KJ	KJ				NA			NA	conj					nn	nn	כי
517013	SP	Deuteronomy	29	5	L>	L>	L>				NA			NA	nega					nn	nn	לא
517019	SP	Deuteronomy	29	5	L>	L>	L>				NA			NA	nega					nn	nn	לא
517023	SP	Deuteronomy	29	5	KJ	KJ	KJ				NA			NA	conj					nn	nn	כי
432220	SP	Genesis	47	4	KJ	KJ	KJ				NA			NA	conj					nn	nn	כי
432228	SP	Genesis	47	4	KJ	KJ	KJ				NA			NA	conj					nn	nn	כי
436978	SP	Exodus	6	7	KJ	KJ	KJ				NA			NA	conj					nn	nn	כי
429180	SP	Genesis	42	10	L>	L>	L>				NA			NA	nega					nn	nn	לא
453258	SP	Exodus	31	13	KJ	KJ	KJ				NA			NA	conj					nn	nn	כי
453268	SP	Exodus	31	13	KJ	KJ	KJ				NA			NA	conj					nn	nn	כי
469792	SP	Leviticus	17	4	L>	L>	L>				NA			NA	nega					nn	nn	לא
469816	SP	Leviticus	17	4	L>	L>	L>				NA			NA	nega					nn	nn	לא
433263	SP	Genesis	48	18	L>	L>	L>				NA			NA	nega					nn	nn	לא
433266	SP	Genesis	48	18	KJ	KJ	KJ				NA			NA	conj					nn	nn	כי
435347	SP	Exodus	3	6	KJ	KJ	KJ				NA			NA	conj					nn	nn	כי
407887	SP	Genesis	5	24	KJ	KJ	KJ				NA			NA	conj					nn	nn	כי
513762	SP	Deuteronomy	23	25	KJ	KJ	KJ				NA			NA	conj					nn	nn	כי
513776	SP	Deuteronomy	23	25	L>	L>	L>				NA			NA	nega					nn	nn	לא
501831	SP	Deuteronomy	2	36	L>	L>	L>				NA			NA	nega					nn	nn	לא
414991	SP	Genesis	20	11	KJ	KJ	KJ				NA			NA	conj					nn	nn	כי
414993	SP	Genesis	20	11	KJ	KJ	KJ				NA			NA	conj					nn	nn	כי
446267	SP	Exodus	20	15	L>	L>	L>				NA			NA	nega					nn	nn	לא
439282	SP	Exodus	9	14	KJ	KJ	KJ				NA			NA	conj					nn	nn	כי
439303	SP	Exodus	9	14	KJ	KJ	KJ				NA			NA	conj					nn	nn	כי
